Info: *******************************************************************
Info: Running Quartus Prime Shell
    Info: Version 17.1.0 Build 590 10/25/2017 SJ Lite Edition
    Info: Copyright (C) 2017  Intel Corporation. All rights reserved.
    Info: Your use of Intel Corporation's design tools, logic functions 
    Info: and other software and tools, and its AMPP partner logic 
    Info: functions, and any output files from any of the foregoing 
    Info: (including device programming or simulation files), and any 
    Info: associated documentation or information are expressly subject 
    Info: to the terms and conditions of the Intel Program License 
    Info: Subscription Agreement, the Intel Quartus Prime License Agreement,
    Info: the Intel FPGA IP License Agreement, or other applicable license
    Info: agreement, including, without limitation, that your use is for
    Info: the sole purpose of programming logic devices manufactured by
    Info: Intel and sold by Intel or its authorized distributors.  Please
    Info: refer to the applicable agreement for further details.
    Info: Processing started: Wed Aug 26 15:20:46 2026
Info: Command: quartus_sh --flow compile ngpc_pocket
Info: Quartus(args): compile ngpc_pocket
Info: Project Name = C:/FPGA/openfpga-NGPC/projects/ngpc_pocket
Info: Revision Name = ngpc_pocket
Info: *******************************************************************
Info: Running Quartus Prime Shell
    Info: Version 17.1.0 Build 590 10/25/2017 SJ Lite Edition
    Info: Processing started: Wed Aug 26 15:20:47 2026
Info: Command: quartus_sh -t ../platform/pocket/build_id_gen.tcl compile ngpc_pocket ngpc_pocket
Info: Quartus(args): compile ngpc_pocket ngpc_pocket
Info: APF core build date/time generated: C:/FPGA/openfpga-NGPC/projects/../platform/pocket/build_id.mif
Info (23030): Evaluation of Tcl script ../platform/pocket/build_id_gen.tcl was successful
Info: Quartus Prime Shell was successful. 0 errors, 0 warnings
    Info: Peak virtual memory: 4744 megabytes
    Info: Processing ended: Wed Aug 26 15:20:48 2026
    Info: Elapsed time: 00:00:01
    Info: Total CPU time (on all processors): 00:00:01
Info: *******************************************************************
Info: Running Quartus Prime Analysis & Synthesis
    Info: Version 17.1.0 Build 590 10/25/2017 SJ Lite Edition
    Info: Processing started: Wed Aug 26 15:20:49 2026
Info: Command: quartus_map --read_settings_files=on --write_settings_files=off ngpc_pocket -c ngpc_pocket
Info (16303): High Performance Effort optimization mode selected -- timing performance will be prioritized at the potential cost of increased compilation time
    Info (16304): Mode behavior is affected by advanced setting Perform Register Retiming for Performance (default for this mode is On)
    Info (16304): Mode behavior is affected by advanced setting Physical Synthesis Effort Level (default for this mode is Normal)
Info (20032): Parallel compilation is enabled and will use up to 6 processors
Info (12021): Found 1 design units, including 1 entities, in source file /fpga/openfpga-ngpc/platform/pocket/apf_top.v
    Info (12023): Found entity 1: apf_top File: C:/FPGA/openfpga-NGPC/platform/pocket/apf_top.v Line: 44
Info (12021): Found 4 design units, including 4 entities, in source file /fpga/openfpga-ngpc/platform/pocket/common.v
    Info (12023): Found entity 1: synch_2 File: C:/FPGA/openfpga-NGPC/platform/pocket/common.v Line: 39
    Info (12023): Found entity 2: synch_3 File: C:/FPGA/openfpga-NGPC/platform/pocket/common.v Line: 62
    Info (12023): Found entity 3: bram_block_dp File: C:/FPGA/openfpga-NGPC/platform/pocket/common.v Line: 82
    Info (12023): Found entity 4: bram_block_dp_nonstd File: C:/FPGA/openfpga-NGPC/platform/pocket/common.v Line: 120
Info (12021): Found 1 design units, including 1 entities, in source file /fpga/openfpga-ngpc/platform/pocket/io_bridge_peripheral.v
    Info (12023): Found entity 1: io_bridge_peripheral File: C:/FPGA/openfpga-NGPC/platform/pocket/io_bridge_peripheral.v Line: 52
Info (12021): Found 1 design units, including 1 entities, in source file /fpga/openfpga-ngpc/platform/pocket/io_pad_controller.v
    Info (12023): Found entity 1: io_pad_controller File: C:/FPGA/openfpga-NGPC/platform/pocket/io_pad_controller.v Line: 41
Info (12021): Found 1 design units, including 1 entities, in source file /fpga/openfpga-ngpc/platform/pocket/mf_ddio_bidir_12.v
    Info (12023): Found entity 1: mf_ddio_bidir_12 File: C:/FPGA/openfpga-NGPC/platform/pocket/mf_ddio_bidir_12.v Line: 40
Info (12021): Found 1 design units, including 1 entities, in source file /fpga/openfpga-ngpc/platform/pocket/mf_datatable.v
    Info (12023): Found entity 1: mf_datatable File: C:/FPGA/openfpga-NGPC/platform/pocket/mf_datatable.v Line: 40
Info (12021): Found 1 design units, including 1 entities, in source file /fpga/openfpga-ngpc/target/pocket/core_top.v
    Info (12023): Found entity 1: core_top File: C:/FPGA/openfpga-NGPC/target/pocket/core_top.v Line: 13
Info (12021): Found 1 design units, including 1 entities, in source file /fpga/openfpga-ngpc/target/pocket/core_bridge_cmd.v
    Info (12023): Found entity 1: core_bridge_cmd File: C:/FPGA/openfpga-NGPC/target/pocket/core_bridge_cmd.v Line: 18
Info (12021): Found 1 design units, including 1 entities, in source file /fpga/openfpga-ngpc/target/pocket/data_loader.sv
    Info (12023): Found entity 1: data_loader File: C:/FPGA/openfpga-NGPC/target/pocket/data_loader.sv Line: 29
Info (12021): Found 1 design units, including 1 entities, in source file /fpga/openfpga-ngpc/target/pocket/sync_fifo.sv
    Info (12023): Found entity 1: sync_fifo File: C:/FPGA/openfpga-NGPC/target/pocket/sync_fifo.sv Line: 27
Info (12021): Found 1 design units, including 1 entities, in source file /fpga/openfpga-ngpc/target/pocket/sound_i2s.sv
    Info (12023): Found entity 1: sound_i2s File: C:/FPGA/openfpga-NGPC/target/pocket/sound_i2s.sv Line: 26
Info (12021): Found 1 design units, including 1 entities, in source file /fpga/openfpga-ngpc/target/pocket/ngpc_cart_fifo.sv
    Info (12023): Found entity 1: ngpc_cart_fifo File: C:/FPGA/openfpga-NGPC/target/pocket/ngpc_cart_fifo.sv Line: 22
Info (12021): Found 1 design units, including 1 entities, in source file /fpga/openfpga-ngpc/target/pocket/ngpc_machine.sv
    Info (12023): Found entity 1: ngpc_machine File: C:/FPGA/openfpga-NGPC/target/pocket/ngpc_machine.sv Line: 19
Info (12021): Found 1 design units, including 1 entities, in source file /fpga/openfpga-ngpc/target/pocket/ngpc_pocket_video.sv
    Info (12023): Found entity 1: ngpc_pocket_video File: C:/FPGA/openfpga-NGPC/target/pocket/ngpc_pocket_video.sv Line: 34
Info (12021): Found 1 design units, including 1 entities, in source file /fpga/openfpga-ngpc/target/pocket/data_unloader.sv
    Info (12023): Found entity 1: data_unloader File: C:/FPGA/openfpga-NGPC/target/pocket/data_unloader.sv Line: 29
Info (12021): Found 1 design units, including 1 entities, in source file /fpga/openfpga-ngpc/target/pocket/psram.sv
    Info (12023): Found entity 1: psram File: C:/FPGA/openfpga-NGPC/target/pocket/psram.sv Line: 32
Info (12021): Found 1 design units, including 1 entities, in source file /fpga/openfpga-ngpc/target/pocket/ngpc_ddr_psram.sv
    Info (12023): Found entity 1: ngpc_ddr_psram File: C:/FPGA/openfpga-NGPC/target/pocket/ngpc_ddr_psram.sv Line: 35
Info (12021): Found 1 design units, including 1 entities, in source file /fpga/openfpga-ngpc/target/pocket/ngpc_cart_save.sv
    Info (12023): Found entity 1: ngpc_cart_save File: C:/FPGA/openfpga-NGPC/target/pocket/ngpc_cart_save.sv Line: 54
Info (12021): Found 1 design units, including 1 entities, in source file /fpga/openfpga-ngpc/target/pocket/ngpc_savestate_bridge.sv
    Info (12023): Found entity 1: ngpc_savestate_bridge File: C:/FPGA/openfpga-NGPC/target/pocket/ngpc_savestate_bridge.sv Line: 44
Info (12021): Found 1 design units, including 1 entities, in source file /fpga/openfpga-ngpc/target/pocket/ngpc_stage_mem.sv
    Info (12023): Found entity 1: ngpc_stage_mem File: C:/FPGA/openfpga-NGPC/target/pocket/ngpc_stage_mem.sv Line: 28
Info (12021): Found 1 design units, including 1 entities, in source file /fpga/openfpga-ngpc/target/pocket/pll/ngpc_pll.v
    Info (12023): Found entity 1: ngpc_pll File: C:/FPGA/openfpga-NGPC/target/pocket/pll/ngpc_pll.v Line: 9
Info (12021): Found 1 design units, including 1 entities, in source file /fpga/openfpga-ngpc/target/pocket/pll/ngpc_pll_0002.v
    Info (12023): Found entity 1: ngpc_pll_0002 File: C:/FPGA/openfpga-NGPC/target/pocket/pll/ngpc_pll_0002.v Line: 2
Info (12021): Found 1 design units, including 1 entities, in source file /fpga/openfpga-ngpc/upstream/rtl/cart/flash_die.sv
    Info (12023): Found entity 1: flash_die File: C:/FPGA/openfpga-NGPC/upstream/rtl/cart/flash_die.sv Line: 50
Info (12021): Found 1 design units, including 1 entities, in source file /fpga/openfpga-ngpc/upstream/rtl/cart/ngp_cart.sv
    Info (12023): Found entity 1: ngp_cart File: C:/FPGA/openfpga-NGPC/upstream/rtl/cart/ngp_cart.sv Line: 51
Info (12021): Found 1 design units, including 1 entities, in source file /fpga/openfpga-ngpc/upstream/rtl/cart/ngp_cart_overlay.sv
    Info (12023): Found entity 1: ngp_cart_overlay File: C:/FPGA/openfpga-NGPC/upstream/rtl/cart/ngp_cart_overlay.sv Line: 12
Info (12021): Found 1 design units, including 1 entities, in source file /fpga/openfpga-ngpc/upstream/rtl/cart/ngp_cart_overlay_apply.sv
    Info (12023): Found entity 1: ngp_cart_overlay_apply File: C:/FPGA/openfpga-NGPC/upstream/rtl/cart/ngp_cart_overlay_apply.sv Line: 19
Info (12021): Found 1 design units, including 1 entities, in source file /fpga/openfpga-ngpc/upstream/rtl/cart/ngp_cart_overlay_directory.sv
    Info (12023): Found entity 1: ngp_cart_overlay_directory File: C:/FPGA/openfpga-NGPC/upstream/rtl/cart/ngp_cart_overlay_directory.sv Line: 28
Info (12021): Found 1 design units, including 1 entities, in source file /fpga/openfpga-ngpc/upstream/rtl/cart/ngp_cart_overlay_geometry.sv
    Info (12023): Found entity 1: ngp_cart_overlay_geometry File: C:/FPGA/openfpga-NGPC/upstream/rtl/cart/ngp_cart_overlay_geometry.sv Line: 8
Info (12021): Found 1 design units, including 1 entities, in source file /fpga/openfpga-ngpc/upstream/rtl/cart/ngp_cart_overlay_ledger.sv
    Info (12023): Found entity 1: ngp_cart_overlay_ledger File: C:/FPGA/openfpga-NGPC/upstream/rtl/cart/ngp_cart_overlay_ledger.sv Line: 15
Info (12021): Found 1 design units, including 1 entities, in source file /fpga/openfpga-ngpc/upstream/rtl/cart/ngp_cart_overlay_mover.sv
    Info (12023): Found entity 1: ngp_cart_overlay_mover File: C:/FPGA/openfpga-NGPC/upstream/rtl/cart/ngp_cart_overlay_mover.sv Line: 16
Info (12021): Found 1 design units, including 1 entities, in source file /fpga/openfpga-ngpc/upstream/rtl/cart/ngp_cart_overlay_s0_load.sv
    Info (12023): Found entity 1: ngp_cart_overlay_s0_load File: C:/FPGA/openfpga-NGPC/upstream/rtl/cart/ngp_cart_overlay_s0_load.sv Line: 17
Info (12021): Found 1 design units, including 1 entities, in source file /fpga/openfpga-ngpc/upstream/rtl/cart/ngp_cart_overlay_s0_save.sv
    Info (12023): Found entity 1: ngp_cart_overlay_s0_save File: C:/FPGA/openfpga-NGPC/upstream/rtl/cart/ngp_cart_overlay_s0_save.sv Line: 14
Info (12021): Found 1 design units, including 1 entities, in source file /fpga/openfpga-ngpc/upstream/rtl/cart/ngp_cart_overlay_sector_bridge.sv
    Info (12023): Found entity 1: ngp_cart_overlay_sector_bridge File: C:/FPGA/openfpga-NGPC/upstream/rtl/cart/ngp_cart_overlay_sector_bridge.sv Line: 16
Info (12021): Found 1 design units, including 1 entities, in source file /fpga/openfpga-ngpc/upstream/rtl/cart/ngp_cart_shadow_loader.sv
    Info (12023): Found entity 1: ngp_cart_shadow_loader File: C:/FPGA/openfpga-NGPC/upstream/rtl/cart/ngp_cart_shadow_loader.sv Line: 18
Info (12021): Found 1 design units, including 1 entities, in source file /fpga/openfpga-ngpc/upstream/rtl/cart/ngp_ddr_ch2_arbiter.sv
    Info (12023): Found entity 1: ngp_ddr_ch2_arbiter File: C:/FPGA/openfpga-NGPC/upstream/rtl/cart/ngp_ddr_ch2_arbiter.sv Line: 13
Info (12021): Found 1 design units, including 1 entities, in source file /fpga/openfpga-ngpc/upstream/rtl/cart/ngp_persistence_admission.sv
    Info (12023): Found entity 1: ngp_persistence_admission File: C:/FPGA/openfpga-NGPC/upstream/rtl/cart/ngp_persistence_admission.sv Line: 8
Info (12021): Found 1 design units, including 1 entities, in source file /fpga/openfpga-ngpc/upstream/rtl/cheats/ngp_cheat_engine.sv
    Info (12023): Found entity 1: ngp_cheat_engine File: C:/FPGA/openfpga-NGPC/upstream/rtl/cheats/ngp_cheat_engine.sv Line: 33
Info (12021): Found 1 design units, including 1 entities, in source file /fpga/openfpga-ngpc/upstream/rtl/cheats/ngp_cheat_loader.sv
    Info (12023): Found entity 1: ngp_cheat_loader File: C:/FPGA/openfpga-NGPC/upstream/rtl/cheats/ngp_cheat_loader.sv Line: 16
Info (12021): Found 2 design units, including 2 entities, in source file /fpga/openfpga-ngpc/upstream/rtl/mem/cache_ram.v
    Info (12023): Found entity 1: cache_ram File: C:/FPGA/openfpga-NGPC/upstream/rtl/mem/cache_ram.v Line: 6
    Info (12023): Found entity 2: cache_ram_dp File: C:/FPGA/openfpga-NGPC/upstream/rtl/mem/cache_ram.v Line: 88
Info (12021): Found 1 design units, including 1 entities, in source file /fpga/openfpga-ngpc/upstream/rtl/mem/cache_ram_be.sv
    Info (12023): Found entity 1: cache_ram_dp_be File: C:/FPGA/openfpga-NGPC/upstream/rtl/mem/cache_ram_be.sv Line: 10
Info (12021): Found 1 design units, including 1 entities, in source file /fpga/openfpga-ngpc/upstream/rtl/snd/ngp_mixer.sv
    Info (12023): Found entity 1: ngp_mixer File: C:/FPGA/openfpga-NGPC/upstream/rtl/snd/ngp_mixer.sv Line: 50
Info (12021): Found 1 design units, including 1 entities, in source file /fpga/openfpga-ngpc/upstream/rtl/snd/ngp_snd.sv
    Info (12023): Found entity 1: ngp_snd File: C:/FPGA/openfpga-NGPC/upstream/rtl/snd/ngp_snd.sv Line: 52
Info (12021): Found 1 design units, including 1 entities, in source file /fpga/openfpga-ngpc/upstream/rtl/snd/t6w28.sv
    Info (12023): Found entity 1: t6w28 File: C:/FPGA/openfpga-NGPC/upstream/rtl/snd/t6w28.sv Line: 47
Info (12021): Found 1 design units, including 1 entities, in source file /fpga/openfpga-ngpc/upstream/rtl/snd/z80/ngp_z80.sv
    Info (12023): Found entity 1: ngp_z80 File: C:/FPGA/openfpga-NGPC/upstream/rtl/snd/z80/ngp_z80.sv Line: 27
Info (12021): Found 1 design units, including 1 entities, in source file /fpga/openfpga-ngpc/upstream/rtl/snd/z80/tv80/tv80_alu.v
    Info (12023): Found entity 1: tv80_alu File: C:/FPGA/openfpga-NGPC/upstream/rtl/snd/z80/tv80/tv80_alu.v Line: 25
Info (12021): Found 1 design units, including 1 entities, in source file /fpga/openfpga-ngpc/upstream/rtl/snd/z80/tv80/tv80_core.v
    Info (12023): Found entity 1: tv80_core File: C:/FPGA/openfpga-NGPC/upstream/rtl/snd/z80/tv80/tv80_core.v Line: 31
Info (12021): Found 1 design units, including 1 entities, in source file /fpga/openfpga-ngpc/upstream/rtl/snd/z80/tv80/tv80_mcode.v
    Info (12023): Found entity 1: tv80_mcode File: C:/FPGA/openfpga-NGPC/upstream/rtl/snd/z80/tv80/tv80_mcode.v Line: 28
Info (12021): Found 1 design units, including 1 entities, in source file /fpga/openfpga-ngpc/upstream/rtl/snd/z80/tv80/tv80_reg.v
    Info (12023): Found entity 1: tv80_reg File: C:/FPGA/openfpga-NGPC/upstream/rtl/snd/z80/tv80/tv80_reg.v Line: 30
Info (12021): Found 1 design units, including 1 entities, in source file /fpga/openfpga-ngpc/upstream/rtl/soc/k2_soc.sv
    Info (12023): Found entity 1: k2_soc File: C:/FPGA/openfpga-NGPC/upstream/rtl/soc/k2_soc.sv Line: 137
Info (12021): Found 1 design units, including 1 entities, in source file /fpga/openfpga-ngpc/upstream/rtl/soc/k2_soc_fabric.sv
    Info (12023): Found entity 1: k2_soc_fabric File: C:/FPGA/openfpga-NGPC/upstream/rtl/soc/k2_soc_fabric.sv Line: 74
Info (12021): Found 1 design units, including 1 entities, in source file /fpga/openfpga-ngpc/upstream/rtl/soc/ngp_adc.sv
    Info (12023): Found entity 1: ngp_adc File: C:/FPGA/openfpga-NGPC/upstream/rtl/soc/ngp_adc.sv Line: 40
Info (12021): Found 1 design units, including 1 entities, in source file /fpga/openfpga-ngpc/upstream/rtl/soc/ngp_bios_anim_patch.sv
    Info (12023): Found entity 1: ngp_bios_anim_patch File: C:/FPGA/openfpga-NGPC/upstream/rtl/soc/ngp_bios_anim_patch.sv Line: 83
Info (12021): Found 1 design units, including 1 entities, in source file /fpga/openfpga-ngpc/upstream/rtl/soc/ngp_clocks.sv
    Info (12023): Found entity 1: ngp_clocks File: C:/FPGA/openfpga-NGPC/upstream/rtl/soc/ngp_clocks.sv Line: 34
Info (12021): Found 2 design units, including 2 entities, in source file /fpga/openfpga-ngpc/upstream/rtl/soc/ngp_csc.sv
    Info (12023): Found entity 1: ngp_csc File: C:/FPGA/openfpga-NGPC/upstream/rtl/soc/ngp_csc.sv Line: 43
    Info (12023): Found entity 2: ngp_dramc File: C:/FPGA/openfpga-NGPC/upstream/rtl/soc/ngp_csc.sv Line: 397
Info (12021): Found 1 design units, including 1 entities, in source file /fpga/openfpga-ngpc/upstream/rtl/soc/ngp_host_clock.sv
    Info (12023): Found entity 1: ngp_host_clock File: C:/FPGA/openfpga-NGPC/upstream/rtl/soc/ngp_host_clock.sv Line: 69
Info (12021): Found 1 design units, including 1 entities, in source file /fpga/openfpga-ngpc/upstream/rtl/soc/ngp_intc.sv
    Info (12023): Found entity 1: ngp_intc File: C:/FPGA/openfpga-NGPC/upstream/rtl/soc/ngp_intc.sv Line: 73
Info (12021): Found 1 design units, including 1 entities, in source file /fpga/openfpga-ngpc/upstream/rtl/soc/ngp_mainboard.sv
    Info (12023): Found entity 1: ngp_mainboard File: C:/FPGA/openfpga-NGPC/upstream/rtl/soc/ngp_mainboard.sv Line: 44
Info (12021): Found 2 design units, including 2 entities, in source file /fpga/openfpga-ngpc/upstream/rtl/soc/ngp_ports.sv
    Info (12023): Found entity 1: ngp_ports File: C:/FPGA/openfpga-NGPC/upstream/rtl/soc/ngp_ports.sv Line: 43
    Info (12023): Found entity 2: ngp_pg File: C:/FPGA/openfpga-NGPC/upstream/rtl/soc/ngp_ports.sv Line: 412
Info (12021): Found 1 design units, including 1 entities, in source file /fpga/openfpga-ngpc/upstream/rtl/soc/ngp_power.sv
    Info (12023): Found entity 1: ngp_power File: C:/FPGA/openfpga-NGPC/upstream/rtl/soc/ngp_power.sv Line: 137
Info (12021): Found 1 design units, including 1 entities, in source file /fpga/openfpga-ngpc/upstream/rtl/soc/ngp_rtc.sv
    Info (12023): Found entity 1: ngp_rtc File: C:/FPGA/openfpga-NGPC/upstream/rtl/soc/ngp_rtc.sv Line: 110
Info (12021): Found 1 design units, including 1 entities, in source file /fpga/openfpga-ngpc/upstream/rtl/soc/ngp_setup_seed.sv
    Info (12023): Found entity 1: ngp_setup_seed File: C:/FPGA/openfpga-NGPC/upstream/rtl/soc/ngp_setup_seed.sv Line: 50
Info (12021): Found 2 design units, including 2 entities, in source file /fpga/openfpga-ngpc/upstream/rtl/soc/ngp_sio.sv
    Info (12023): Found entity 1: ngp_sio File: C:/FPGA/openfpga-NGPC/upstream/rtl/soc/ngp_sio.sv Line: 37
    Info (12023): Found entity 2: ngp_sio_channel File: C:/FPGA/openfpga-NGPC/upstream/rtl/soc/ngp_sio.sv Line: 301
Info (12021): Found 1 design units, including 1 entities, in source file /fpga/openfpga-ngpc/upstream/rtl/soc/ngp_sysreg.sv
    Info (12023): Found entity 1: ngp_sysreg File: C:/FPGA/openfpga-NGPC/upstream/rtl/soc/ngp_sysreg.sv Line: 82
Info (12021): Found 1 design units, including 1 entities, in source file /fpga/openfpga-ngpc/upstream/rtl/soc/ngp_t16.sv
    Info (12023): Found entity 1: ngp_t16 File: C:/FPGA/openfpga-NGPC/upstream/rtl/soc/ngp_t16.sv Line: 14
Info (12021): Found 2 design units, including 2 entities, in source file /fpga/openfpga-ngpc/upstream/rtl/soc/ngp_t8.sv
    Info (12023): Found entity 1: ngp_t8 File: C:/FPGA/openfpga-NGPC/upstream/rtl/soc/ngp_t8.sv Line: 24
    Info (12023): Found entity 2: ngp_t8_pair File: C:/FPGA/openfpga-NGPC/upstream/rtl/soc/ngp_t8.sv Line: 479
Info (12021): Found 1 design units, including 1 entities, in source file /fpga/openfpga-ngpc/upstream/rtl/soc/ngp_wdt.sv
    Info (12023): Found entity 1: ngp_wdt File: C:/FPGA/openfpga-NGPC/upstream/rtl/soc/ngp_wdt.sv Line: 45
Info (12021): Found 1 design units, including 1 entities, in source file /fpga/openfpga-ngpc/upstream/rtl/soc/ngp_wram_clear.sv
    Info (12023): Found entity 1: ngp_wram_clear File: C:/FPGA/openfpga-NGPC/upstream/rtl/soc/ngp_wram_clear.sv Line: 15
Info (12021): Found 1 design units, including 1 entities, in source file /fpga/openfpga-ngpc/upstream/rtl/soc/t900_mcu.sv
    Info (12023): Found entity 1: t900_mcu File: C:/FPGA/openfpga-NGPC/upstream/rtl/soc/t900_mcu.sv Line: 45
Info (12021): Found 1 design units, including 1 entities, in source file /fpga/openfpga-ngpc/upstream/rtl/t900/t900_alu.sv
    Info (12023): Found entity 1: t900_alu File: C:/FPGA/openfpga-NGPC/upstream/rtl/t900/t900_alu.sv Line: 123
Info (12021): Found 1 design units, including 1 entities, in source file /fpga/openfpga-ngpc/upstream/rtl/t900/t900_biu.sv
    Info (12023): Found entity 1: t900_biu File: C:/FPGA/openfpga-NGPC/upstream/rtl/t900/t900_biu.sv Line: 104
Info (12021): Found 1 design units, including 1 entities, in source file /fpga/openfpga-ngpc/upstream/rtl/t900/t900_cpu.sv
    Info (12023): Found entity 1: t900_cpu File: C:/FPGA/openfpga-NGPC/upstream/rtl/t900/t900_cpu.sv Line: 124
Info (12021): Found 1 design units, including 1 entities, in source file /fpga/openfpga-ngpc/upstream/rtl/t900/t900_decode.sv
    Info (12023): Found entity 1: t900_decode File: C:/FPGA/openfpga-NGPC/upstream/rtl/t900/t900_decode.sv Line: 30
Info (12021): Found 1 design units, including 1 entities, in source file /fpga/openfpga-ngpc/upstream/rtl/t900/t900_muldiv.sv
    Info (12023): Found entity 1: t900_muldiv File: C:/FPGA/openfpga-NGPC/upstream/rtl/t900/t900_muldiv.sv Line: 150
Info (12021): Found 1 design units, including 1 entities, in source file /fpga/openfpga-ngpc/upstream/rtl/t900/t900_regfile.sv
    Info (12023): Found entity 1: t900_regfile File: C:/FPGA/openfpga-NGPC/upstream/rtl/t900/t900_regfile.sv Line: 26
Info (12021): Found 1 design units, including 1 entities, in source file /fpga/openfpga-ngpc/upstream/rtl/t900/t900_seq.sv
    Info (12023): Found entity 1: t900_seq File: C:/FPGA/openfpga-NGPC/upstream/rtl/t900/t900_seq.sv Line: 97
Info (12021): Found 1 design units, including 1 entities, in source file /fpga/openfpga-ngpc/upstream/rtl/t900/t900_shifter.sv
    Info (12023): Found entity 1: t900_shifter File: C:/FPGA/openfpga-NGPC/upstream/rtl/t900/t900_shifter.sv Line: 133
Info (12021): Found 1 design units, including 1 entities, in source file /fpga/openfpga-ngpc/upstream/rtl/video/k2ge.sv
    Info (12023): Found entity 1: k2ge File: C:/FPGA/openfpga-NGPC/upstream/rtl/video/k2ge.sv Line: 64
Info (12021): Found 1 design units, including 1 entities, in source file /fpga/openfpga-ngpc/upstream/rtl/video/k2ge_linebuf.sv
    Info (12023): Found entity 1: k2ge_linebuf File: C:/FPGA/openfpga-NGPC/upstream/rtl/video/k2ge_linebuf.sv Line: 124
Info (12021): Found 1 design units, including 1 entities, in source file /fpga/openfpga-ngpc/upstream/rtl/video/k2ge_mmr.sv
    Info (12023): Found entity 1: k2ge_mmr File: C:/FPGA/openfpga-NGPC/upstream/rtl/video/k2ge_mmr.sv Line: 64
Info (12021): Found 1 design units, including 1 entities, in source file /fpga/openfpga-ngpc/upstream/rtl/video/k2ge_obj.sv
    Info (12023): Found entity 1: k2ge_obj File: C:/FPGA/openfpga-NGPC/upstream/rtl/video/k2ge_obj.sv Line: 93
Info (12021): Found 1 design units, including 1 entities, in source file /fpga/openfpga-ngpc/upstream/rtl/video/k2ge_palette.sv
    Info (12023): Found entity 1: k2ge_palette File: C:/FPGA/openfpga-NGPC/upstream/rtl/video/k2ge_palette.sv Line: 102
Info (12021): Found 1 design units, including 1 entities, in source file /fpga/openfpga-ngpc/upstream/rtl/video/k2ge_scanout.sv
    Info (12023): Found entity 1: k2ge_scanout File: C:/FPGA/openfpga-NGPC/upstream/rtl/video/k2ge_scanout.sv Line: 106
Info (12021): Found 1 design units, including 1 entities, in source file /fpga/openfpga-ngpc/upstream/rtl/video/k2ge_scroll.sv
    Info (12023): Found entity 1: k2ge_scroll File: C:/FPGA/openfpga-NGPC/upstream/rtl/video/k2ge_scroll.sv Line: 88
Info (12021): Found 1 design units, including 1 entities, in source file /fpga/openfpga-ngpc/upstream/rtl/video/k2ge_vram.sv
    Info (12023): Found entity 1: k2ge_vram File: C:/FPGA/openfpga-NGPC/upstream/rtl/video/k2ge_vram.sv Line: 124
Info (12021): Found 1 design units, including 1 entities, in source file /fpga/openfpga-ngpc/upstream/rtl/video/k2ge_vtimer.sv
    Info (12023): Found entity 1: k2ge_vtimer File: C:/FPGA/openfpga-NGPC/upstream/rtl/video/k2ge_vtimer.sv Line: 46
Info (12021): Found 1 design units, including 1 entities, in source file /fpga/openfpga-ngpc/upstream/rtl/video/ngpc_color_profile.sv
    Info (12023): Found entity 1: ngpc_color_profile File: C:/FPGA/openfpga-NGPC/upstream/rtl/video/ngpc_color_profile.sv Line: 14
Info (12021): Found 1 design units, including 1 entities, in source file /fpga/openfpga-ngpc/upstream/rtl/video/ngpc_crt_framebuffer.sv
    Info (12023): Found entity 1: ngpc_crt_framebuffer File: C:/FPGA/openfpga-NGPC/upstream/rtl/video/ngpc_crt_framebuffer.sv Line: 33
Info (12021): Found 1 design units, including 1 entities, in source file /fpga/openfpga-ngpc/upstream/rtl/mem/sdram.sv
    Info (12023): Found entity 1: sdram File: C:/FPGA/openfpga-NGPC/upstream/rtl/mem/sdram.sv Line: 79
Info (12021): Found 1 design units, including 1 entities, in source file /fpga/openfpga-ngpc/upstream/rtl/mem/cart_sdram.sv
    Info (12023): Found entity 1: cart_sdram File: C:/FPGA/openfpga-NGPC/upstream/rtl/mem/cart_sdram.sv Line: 26
Info (12021): Found 1 design units, including 1 entities, in source file /fpga/openfpga-ngpc/upstream/rtl/cart/ngp_cart_sdram.sv
    Info (12023): Found entity 1: ngp_cart_sdram File: C:/FPGA/openfpga-NGPC/upstream/rtl/cart/ngp_cart_sdram.sv Line: 43
Info (12021): Found 1 design units, including 1 entities, in source file /fpga/openfpga-ngpc/upstream/rtl/cart/ngp_cart_rom.sv
    Info (12023): Found entity 1: ngp_cart_rom File: C:/FPGA/openfpga-NGPC/upstream/rtl/cart/ngp_cart_rom.sv Line: 42
Info (12021): Found 1 design units, including 1 entities, in source file /fpga/openfpga-ngpc/upstream/rtl/savestates/savestates.sv
    Info (12023): Found entity 1: savestates File: C:/FPGA/openfpga-NGPC/upstream/rtl/Savestates/savestates.sv Line: 3
Info (12021): Found 1 design units, including 1 entities, in source file /fpga/openfpga-ngpc/upstream/rtl/savestates/ngp_ss_glue.sv
    Info (12023): Found entity 1: ngp_ss_glue File: C:/FPGA/openfpga-NGPC/upstream/rtl/Savestates/ngp_ss_glue.sv Line: 20
Info (12127): Elaborating entity "apf_top" for the top level hierarchy
Info (12128): Elaborating entity "mf_ddio_bidir_12" for hierarchy "mf_ddio_bidir_12:isco" File: C:/FPGA/openfpga-NGPC/platform/pocket/apf_top.v Line: 253
Info (12128): Elaborating entity "altddio_bidir" for hierarchy "mf_ddio_bidir_12:isco|altddio_bidir:ALTDDIO_BIDIR_component" File: C:/FPGA/openfpga-NGPC/platform/pocket/mf_ddio_bidir_12.v Line: 81
Info (12130): Elaborated megafunction instantiation "mf_ddio_bidir_12:isco|altddio_bidir:ALTDDIO_BIDIR_component" File: C:/FPGA/openfpga-NGPC/platform/pocket/mf_ddio_bidir_12.v Line: 81
Info (12133): Instantiated megafunction "mf_ddio_bidir_12:isco|altddio_bidir:ALTDDIO_BIDIR_component" with the following parameter: File: C:/FPGA/openfpga-NGPC/platform/pocket/mf_ddio_bidir_12.v Line: 81
    Info (12134): Parameter "extend_oe_disable" = "OFF"
    Info (12134): Parameter "implement_input_in_lcell" = "OFF"
    Info (12134): Parameter "intended_device_family" = "Cyclone V"
    Info (12134): Parameter "invert_output" = "OFF"
    Info (12134): Parameter "lpm_hint" = "UNUSED"
    Info (12134): Parameter "lpm_type" = "altddio_bidir"
    Info (12134): Parameter "oe_reg" = "UNREGISTERED"
    Info (12134): Parameter "power_up_high" = "OFF"
    Info (12134): Parameter "width" = "12"
Info (12021): Found 1 design units, including 1 entities, in source file db/ddio_bidir_euo.tdf
    Info (12023): Found entity 1: ddio_bidir_euo File: C:/FPGA/openfpga-NGPC/projects/db/ddio_bidir_euo.tdf Line: 32
Info (12128): Elaborating entity "ddio_bidir_euo" for hierarchy "mf_ddio_bidir_12:isco|altddio_bidir:ALTDDIO_BIDIR_component|ddio_bidir_euo:auto_generated" File: f:/quartus/quartus/libraries/megafunctions/altddio_bidir.tdf Line: 115
Info (12128): Elaborating entity "io_pad_controller" for hierarchy "io_pad_controller:ipm" File: C:/FPGA/openfpga-NGPC/platform/pocket/apf_top.v Line: 314
Info (12128): Elaborating entity "synch_3" for hierarchy "io_pad_controller:ipm|synch_3:s00" File: C:/FPGA/openfpga-NGPC/platform/pocket/io_pad_controller.v Line: 65
Info (12128): Elaborating entity "io_bridge_peripheral" for hierarchy "io_bridge_peripheral:ibs" File: C:/FPGA/openfpga-NGPC/platform/pocket/apf_top.v Line: 343
Info (12128): Elaborating entity "core_top" for hierarchy "core_top:ic" File: C:/FPGA/openfpga-NGPC/platform/pocket/apf_top.v Line: 472
Warning (10036): Verilog HDL or VHDL warning at core_top.v(400): object "save_request" assigned a value but never read File: C:/FPGA/openfpga-NGPC/target/pocket/core_top.v Line: 400
Warning (10036): Verilog HDL or VHDL warning at core_top.v(401): object "load_request" assigned a value but never read File: C:/FPGA/openfpga-NGPC/target/pocket/core_top.v Line: 401
Warning (10036): Verilog HDL or VHDL warning at core_top.v(1083): object "unused_ok" assigned a value but never read File: C:/FPGA/openfpga-NGPC/target/pocket/core_top.v Line: 1083
Warning (10762): Verilog HDL Case Statement warning at core_top.v(309): can't check case statement for completeness because the case expression has too many possible states File: C:/FPGA/openfpga-NGPC/target/pocket/core_top.v Line: 309
Warning (10762): Verilog HDL Case Statement warning at core_top.v(357): can't check case statement for completeness because the case expression has too many possible states File: C:/FPGA/openfpga-NGPC/target/pocket/core_top.v Line: 357
Warning (10230): Verilog HDL assignment warning at core_top.v(1022): truncated value with size 32 to match size of target (3) File: C:/FPGA/openfpga-NGPC/target/pocket/core_top.v Line: 1022
Info (12128): Elaborating entity "synch_3" for hierarchy "core_top:ic|synch_3:settings_sync" File: C:/FPGA/openfpga-NGPC/target/pocket/core_top.v Line: 396
Warning (10230): Verilog HDL assignment warning at common.v(74): truncated value with size 13 to match size of target (1) File: C:/FPGA/openfpga-NGPC/platform/pocket/common.v Line: 74
Warning (10230): Verilog HDL assignment warning at common.v(75): truncated value with size 13 to match size of target (1) File: C:/FPGA/openfpga-NGPC/platform/pocket/common.v Line: 75
Info (12128): Elaborating entity "core_bridge_cmd" for hierarchy "core_top:ic|core_bridge_cmd:icb" File: C:/FPGA/openfpga-NGPC/target/pocket/core_top.v Line: 521
Warning (10036): Verilog HDL or VHDL warning at core_bridge_cmd.v(139): object "host_2C" assigned a value but never read File: C:/FPGA/openfpga-NGPC/target/pocket/core_bridge_cmd.v Line: 139
Warning (10858): Verilog HDL warning at core_bridge_cmd.v(144): object host_4C used but never assigned File: C:/FPGA/openfpga-NGPC/target/pocket/core_bridge_cmd.v Line: 144
Warning (10036): Verilog HDL or VHDL warning at core_bridge_cmd.v(170): object "target_40" assigned a value but never read File: C:/FPGA/openfpga-NGPC/target/pocket/core_bridge_cmd.v Line: 170
Warning (10036): Verilog HDL or VHDL warning at core_bridge_cmd.v(171): object "target_44" assigned a value but never read File: C:/FPGA/openfpga-NGPC/target/pocket/core_bridge_cmd.v Line: 171
Warning (10036): Verilog HDL or VHDL warning at core_bridge_cmd.v(172): object "target_48" assigned a value but never read File: C:/FPGA/openfpga-NGPC/target/pocket/core_bridge_cmd.v Line: 172
Warning (10036): Verilog HDL or VHDL warning at core_bridge_cmd.v(173): object "target_4C" assigned a value but never read File: C:/FPGA/openfpga-NGPC/target/pocket/core_bridge_cmd.v Line: 173
Warning (10230): Verilog HDL assignment warning at core_bridge_cmd.v(236): truncated value with size 32 to match size of target (10) File: C:/FPGA/openfpga-NGPC/target/pocket/core_bridge_cmd.v Line: 236
Warning (10762): Verilog HDL Case Statement warning at core_bridge_cmd.v(239): can't check case statement for completeness because the case expression has too many possible states File: C:/FPGA/openfpga-NGPC/target/pocket/core_bridge_cmd.v Line: 239
Warning (10762): Verilog HDL Case Statement warning at core_bridge_cmd.v(274): can't check case statement for completeness because the case expression has too many possible states File: C:/FPGA/openfpga-NGPC/target/pocket/core_bridge_cmd.v Line: 274
Warning (10030): Net "host_4C" at core_bridge_cmd.v(144) has no driver or initial value, using a default initial value '0' File: C:/FPGA/openfpga-NGPC/target/pocket/core_bridge_cmd.v Line: 144
Info (12128): Elaborating entity "mf_datatable" for hierarchy "core_top:ic|core_bridge_cmd:icb|mf_datatable:idt" File: C:/FPGA/openfpga-NGPC/target/pocket/core_bridge_cmd.v Line: 574
Info (12128): Elaborating entity "altsyncram" for hierarchy "core_top:ic|core_bridge_cmd:icb|mf_datatable:idt|altsyncram:altsyncram_component" File: C:/FPGA/openfpga-NGPC/platform/pocket/mf_datatable.v Line: 100
Info (12130): Elaborated megafunction instantiation "core_top:ic|core_bridge_cmd:icb|mf_datatable:idt|altsyncram:altsyncram_component" File: C:/FPGA/openfpga-NGPC/platform/pocket/mf_datatable.v Line: 100
Info (12133): Instantiated megafunction "core_top:ic|core_bridge_cmd:icb|mf_datatable:idt|altsyncram:altsyncram_component" with the following parameter: File: C:/FPGA/openfpga-NGPC/platform/pocket/mf_datatable.v Line: 100
    Info (12134): Parameter "address_reg_b" = "CLOCK1"
    Info (12134): Parameter "clock_enable_input_a" = "BYPASS"
    Info (12134): Parameter "clock_enable_input_b" = "BYPASS"
    Info (12134): Parameter "clock_enable_output_a" = "BYPASS"
    Info (12134): Parameter "clock_enable_output_b" = "BYPASS"
    Info (12134): Parameter "indata_reg_b" = "CLOCK1"
    Info (12134): Parameter "init_file" = "./build_id.mif"
    Info (12134): Parameter "intended_device_family" = "Cyclone V"
    Info (12134): Parameter "lpm_type" = "altsyncram"
    Info (12134): Parameter "numwords_a" = "256"
    Info (12134): Parameter "numwords_b" = "256"
    Info (12134): Parameter "operation_mode" = "BIDIR_DUAL_PORT"
    Info (12134): Parameter "outdata_aclr_a" = "NONE"
    Info (12134): Parameter "outdata_aclr_b" = "NONE"
    Info (12134): Parameter "outdata_reg_a" = "CLOCK0"
    Info (12134): Parameter "outdata_reg_b" = "CLOCK1"
    Info (12134): Parameter "power_up_uninitialized" = "FALSE"
    Info (12134): Parameter "read_during_write_mode_port_a" = "NEW_DATA_NO_NBE_READ"
    Info (12134): Parameter "read_during_write_mode_port_b" = "NEW_DATA_NO_NBE_READ"
    Info (12134): Parameter "widthad_a" = "8"
    Info (12134): Parameter "widthad_b" = "8"
    Info (12134): Parameter "width_a" = "32"
    Info (12134): Parameter "width_b" = "32"
    Info (12134): Parameter "width_byteena_a" = "1"
    Info (12134): Parameter "width_byteena_b" = "1"
    Info (12134): Parameter "wrcontrol_wraddress_reg_b" = "CLOCK1"
Info (12021): Found 1 design units, including 1 entities, in source file db/altsyncram_fik2.tdf
    Info (12023): Found entity 1: altsyncram_fik2 File: C:/FPGA/openfpga-NGPC/projects/db/altsyncram_fik2.tdf Line: 27
Info (12128): Elaborating entity "altsyncram_fik2" for hierarchy "core_top:ic|core_bridge_cmd:icb|mf_datatable:idt|altsyncram:altsyncram_component|altsyncram_fik2:auto_generated" File: f:/quartus/quartus/libraries/megafunctions/altsyncram.tdf Line: 791
Info (12128): Elaborating entity "data_loader" for hierarchy "core_top:ic|data_loader:stage_fill" File: C:/FPGA/openfpga-NGPC/target/pocket/core_top.v Line: 595
Warning (10230): Verilog HDL assignment warning at data_loader.sv(140): truncated value with size 32 to match size of target (28) File: C:/FPGA/openfpga-NGPC/target/pocket/data_loader.sv Line: 140
Warning (10230): Verilog HDL assignment warning at data_loader.sv(142): truncated value with size 32 to match size of target (3) File: C:/FPGA/openfpga-NGPC/target/pocket/data_loader.sv Line: 142
Info (10264): Verilog HDL Case Statement information at data_loader.sv(129): all case item expressions in this case statement are onehot File: C:/FPGA/openfpga-NGPC/target/pocket/data_loader.sv Line: 129
Warning (10230): Verilog HDL assignment warning at data_loader.sv(169): truncated value with size 32 to match size of target (6) File: C:/FPGA/openfpga-NGPC/target/pocket/data_loader.sv Line: 169
Warning (10230): Verilog HDL assignment warning at data_loader.sv(172): truncated value with size 32 to match size of target (6) File: C:/FPGA/openfpga-NGPC/target/pocket/data_loader.sv Line: 172
Info (12128): Elaborating entity "dcfifo" for hierarchy "core_top:ic|data_loader:stage_fill|dcfifo:dcfifo_component" File: C:/FPGA/openfpga-NGPC/target/pocket/data_loader.sv Line: 94
Info (12130): Elaborated megafunction instantiation "core_top:ic|data_loader:stage_fill|dcfifo:dcfifo_component" File: C:/FPGA/openfpga-NGPC/target/pocket/data_loader.sv Line: 94
Info (12133): Instantiated megafunction "core_top:ic|data_loader:stage_fill|dcfifo:dcfifo_component" with the following parameter: File: C:/FPGA/openfpga-NGPC/target/pocket/data_loader.sv Line: 94
    Info (12134): Parameter "clocks_are_synchronized" = "FALSE"
    Info (12134): Parameter "intended_device_family" = "Cyclone V"
    Info (12134): Parameter "lpm_numwords" = "4"
    Info (12134): Parameter "lpm_showahead" = "OFF"
    Info (12134): Parameter "lpm_type" = "dcfifo"
    Info (12134): Parameter "lpm_width" = "44"
    Info (12134): Parameter "lpm_widthu" = "2"
    Info (12134): Parameter "overflow_checking" = "OFF"
    Info (12134): Parameter "rdsync_delaypipe" = "5"
    Info (12134): Parameter "underflow_checking" = "OFF"
    Info (12134): Parameter "use_eab" = "OFF"
    Info (12134): Parameter "wrsync_delaypipe" = "5"
Info (12021): Found 1 design units, including 1 entities, in source file db/dcfifo_06o1.tdf
    Info (12023): Found entity 1: dcfifo_06o1 File: C:/FPGA/openfpga-NGPC/projects/db/dcfifo_06o1.tdf Line: 38
Info (12128): Elaborating entity "dcfifo_06o1" for hierarchy "core_top:ic|data_loader:stage_fill|dcfifo:dcfifo_component|dcfifo_06o1:auto_generated" File: f:/quartus/quartus/libraries/megafunctions/dcfifo.tdf Line: 190
Info (12021): Found 1 design units, including 1 entities, in source file db/a_graycounter_7g6.tdf
    Info (12023): Found entity 1: a_graycounter_7g6 File: C:/FPGA/openfpga-NGPC/projects/db/a_graycounter_7g6.tdf Line: 24
Info (12128): Elaborating entity "a_graycounter_7g6" for hierarchy "core_top:ic|data_loader:stage_fill|dcfifo:dcfifo_component|dcfifo_06o1:auto_generated|a_graycounter_7g6:rdptr_g1p" File: C:/FPGA/openfpga-NGPC/projects/db/dcfifo_06o1.tdf Line: 49
Info (12021): Found 1 design units, including 1 entities, in source file db/a_graycounter_3ub.tdf
    Info (12023): Found entity 1: a_graycounter_3ub File: C:/FPGA/openfpga-NGPC/projects/db/a_graycounter_3ub.tdf Line: 24
Info (12128): Elaborating entity "a_graycounter_3ub" for hierarchy "core_top:ic|data_loader:stage_fill|dcfifo:dcfifo_component|dcfifo_06o1:auto_generated|a_graycounter_3ub:wrptr_g1p" File: C:/FPGA/openfpga-NGPC/projects/db/dcfifo_06o1.tdf Line: 50
Info (12021): Found 1 design units, including 1 entities, in source file db/altsyncram_o0i1.tdf
    Info (12023): Found entity 1: altsyncram_o0i1 File: C:/FPGA/openfpga-NGPC/projects/db/altsyncram_o0i1.tdf Line: 28
Info (12128): Elaborating entity "altsyncram_o0i1" for hierarchy "core_top:ic|data_loader:stage_fill|dcfifo:dcfifo_component|dcfifo_06o1:auto_generated|altsyncram_o0i1:fifo_ram" File: C:/FPGA/openfpga-NGPC/projects/db/dcfifo_06o1.tdf Line: 51
Info (12021): Found 1 design units, including 1 entities, in source file db/decode_v07.tdf
    Info (12023): Found entity 1: decode_v07 File: C:/FPGA/openfpga-NGPC/projects/db/decode_v07.tdf Line: 22
Info (12128): Elaborating entity "decode_v07" for hierarchy "core_top:ic|data_loader:stage_fill|dcfifo:dcfifo_component|dcfifo_06o1:auto_generated|altsyncram_o0i1:fifo_ram|decode_v07:address_decoder" File: C:/FPGA/openfpga-NGPC/projects/db/altsyncram_o0i1.tdf Line: 48
Info (12021): Found 1 design units, including 1 entities, in source file db/mux_vs7.tdf
    Info (12023): Found entity 1: mux_vs7 File: C:/FPGA/openfpga-NGPC/projects/db/mux_vs7.tdf Line: 22
Info (12128): Elaborating entity "mux_vs7" for hierarchy "core_top:ic|data_loader:stage_fill|dcfifo:dcfifo_component|dcfifo_06o1:auto_generated|altsyncram_o0i1:fifo_ram|mux_vs7:output_mux" File: C:/FPGA/openfpga-NGPC/projects/db/altsyncram_o0i1.tdf Line: 49
Info (12021): Found 1 design units, including 1 entities, in source file db/alt_synch_pipe_b9l.tdf
    Info (12023): Found entity 1: alt_synch_pipe_b9l File: C:/FPGA/openfpga-NGPC/projects/db/alt_synch_pipe_b9l.tdf Line: 26
Info (12128): Elaborating entity "alt_synch_pipe_b9l" for hierarchy "core_top:ic|data_loader:stage_fill|dcfifo:dcfifo_component|dcfifo_06o1:auto_generated|alt_synch_pipe_b9l:rs_dgwp" File: C:/FPGA/openfpga-NGPC/projects/db/dcfifo_06o1.tdf Line: 70
Info (12021): Found 1 design units, including 1 entities, in source file db/dffpipe_su8.tdf
    Info (12023): Found entity 1: dffpipe_su8 File: C:/FPGA/openfpga-NGPC/projects/db/dffpipe_su8.tdf Line: 24
Info (12128): Elaborating entity "dffpipe_su8" for hierarchy "core_top:ic|data_loader:stage_fill|dcfifo:dcfifo_component|dcfifo_06o1:auto_generated|alt_synch_pipe_b9l:rs_dgwp|dffpipe_su8:dffpipe7" File: C:/FPGA/openfpga-NGPC/projects/db/alt_synch_pipe_b9l.tdf Line: 33
Info (12021): Found 1 design units, including 1 entities, in source file db/cmpr_qu5.tdf
    Info (12023): Found entity 1: cmpr_qu5 File: C:/FPGA/openfpga-NGPC/projects/db/cmpr_qu5.tdf Line: 22
Info (12128): Elaborating entity "cmpr_qu5" for hierarchy "core_top:ic|data_loader:stage_fill|dcfifo:dcfifo_component|dcfifo_06o1:auto_generated|cmpr_qu5:rdempty_eq_comp1_lsb" File: C:/FPGA/openfpga-NGPC/projects/db/dcfifo_06o1.tdf Line: 72
Info (12021): Found 1 design units, including 1 entities, in source file db/cmpr_pu5.tdf
    Info (12023): Found entity 1: cmpr_pu5 File: C:/FPGA/openfpga-NGPC/projects/db/cmpr_pu5.tdf Line: 22
Info (12128): Elaborating entity "cmpr_pu5" for hierarchy "core_top:ic|data_loader:stage_fill|dcfifo:dcfifo_component|dcfifo_06o1:auto_generated|cmpr_pu5:rdempty_eq_comp1_msb" File: C:/FPGA/openfpga-NGPC/projects/db/dcfifo_06o1.tdf Line: 73
Info (12021): Found 1 design units, including 1 entities, in source file db/mux_5r7.tdf
    Info (12023): Found entity 1: mux_5r7 File: C:/FPGA/openfpga-NGPC/projects/db/mux_5r7.tdf Line: 22
Info (12128): Elaborating entity "mux_5r7" for hierarchy "core_top:ic|data_loader:stage_fill|dcfifo:dcfifo_component|dcfifo_06o1:auto_generated|mux_5r7:rdemp_eq_comp_lsb_mux" File: C:/FPGA/openfpga-NGPC/projects/db/dcfifo_06o1.tdf Line: 80
Info (12128): Elaborating entity "data_unloader" for hierarchy "core_top:ic|data_unloader:stage_drain" File: C:/FPGA/openfpga-NGPC/target/pocket/core_top.v Line: 622
Warning (10230): Verilog HDL assignment warning at data_unloader.sv(151): truncated value with size 32 to match size of target (28) File: C:/FPGA/openfpga-NGPC/target/pocket/data_unloader.sv Line: 151
Warning (10230): Verilog HDL assignment warning at data_unloader.sv(153): truncated value with size 32 to match size of target (3) File: C:/FPGA/openfpga-NGPC/target/pocket/data_unloader.sv Line: 153
Info (10264): Verilog HDL Case Statement information at data_unloader.sv(142): all case item expressions in this case statement are onehot File: C:/FPGA/openfpga-NGPC/target/pocket/data_unloader.sv Line: 142
Warning (10230): Verilog HDL assignment warning at data_unloader.sv(178): truncated value with size 32 to match size of target (3) File: C:/FPGA/openfpga-NGPC/target/pocket/data_unloader.sv Line: 178
Warning (10230): Verilog HDL assignment warning at data_unloader.sv(181): truncated value with size 32 to match size of target (3) File: C:/FPGA/openfpga-NGPC/target/pocket/data_unloader.sv Line: 181
Warning (10230): Verilog HDL assignment warning at data_unloader.sv(206): truncated value with size 32 to match size of target (3) File: C:/FPGA/openfpga-NGPC/target/pocket/data_unloader.sv Line: 206
Warning (10230): Verilog HDL assignment warning at data_unloader.sv(208): truncated value with size 32 to match size of target (3) File: C:/FPGA/openfpga-NGPC/target/pocket/data_unloader.sv Line: 208
Info (10264): Verilog HDL Case Statement information at data_unloader.sv(187): all case item expressions in this case statement are onehot File: C:/FPGA/openfpga-NGPC/target/pocket/data_unloader.sv Line: 187
Warning (10230): Verilog HDL assignment warning at data_unloader.sv(225): truncated value with size 32 to match size of target (6) File: C:/FPGA/openfpga-NGPC/target/pocket/data_unloader.sv Line: 225
Warning (10230): Verilog HDL assignment warning at data_unloader.sv(228): truncated value with size 32 to match size of target (6) File: C:/FPGA/openfpga-NGPC/target/pocket/data_unloader.sv Line: 228
Info (12128): Elaborating entity "dcfifo" for hierarchy "core_top:ic|data_unloader:stage_drain|dcfifo:fifo_address_req" File: C:/FPGA/openfpga-NGPC/target/pocket/data_unloader.sv Line: 79
Info (12130): Elaborated megafunction instantiation "core_top:ic|data_unloader:stage_drain|dcfifo:fifo_address_req" File: C:/FPGA/openfpga-NGPC/target/pocket/data_unloader.sv Line: 79
Info (12133): Instantiated megafunction "core_top:ic|data_unloader:stage_drain|dcfifo:fifo_address_req" with the following parameter: File: C:/FPGA/openfpga-NGPC/target/pocket/data_unloader.sv Line: 79
    Info (12134): Parameter "clocks_are_synchronized" = "FALSE"
    Info (12134): Parameter "intended_device_family" = "Cyclone V"
    Info (12134): Parameter "lpm_numwords" = "4"
    Info (12134): Parameter "lpm_showahead" = "OFF"
    Info (12134): Parameter "lpm_type" = "dcfifo"
    Info (12134): Parameter "lpm_width" = "28"
    Info (12134): Parameter "lpm_widthu" = "2"
    Info (12134): Parameter "overflow_checking" = "OFF"
    Info (12134): Parameter "rdsync_delaypipe" = "5"
    Info (12134): Parameter "underflow_checking" = "OFF"
    Info (12134): Parameter "use_eab" = "OFF"
    Info (12134): Parameter "wrsync_delaypipe" = "5"
Info (12021): Found 1 design units, including 1 entities, in source file db/dcfifo_46o1.tdf
    Info (12023): Found entity 1: dcfifo_46o1 File: C:/FPGA/openfpga-NGPC/projects/db/dcfifo_46o1.tdf Line: 40
Info (12128): Elaborating entity "dcfifo_46o1" for hierarchy "core_top:ic|data_unloader:stage_drain|dcfifo:fifo_address_req|dcfifo_46o1:auto_generated" File: f:/quartus/quartus/libraries/megafunctions/dcfifo.tdf Line: 190
Info (12021): Found 1 design units, including 1 entities, in source file db/altsyncram_s0i1.tdf
    Info (12023): Found entity 1: altsyncram_s0i1 File: C:/FPGA/openfpga-NGPC/projects/db/altsyncram_s0i1.tdf Line: 28
Info (12128): Elaborating entity "altsyncram_s0i1" for hierarchy "core_top:ic|data_unloader:stage_drain|dcfifo:fifo_address_req|dcfifo_46o1:auto_generated|altsyncram_s0i1:fifo_ram" File: C:/FPGA/openfpga-NGPC/projects/db/dcfifo_46o1.tdf Line: 53
Info (12021): Found 1 design units, including 1 entities, in source file db/mux_1t7.tdf
    Info (12023): Found entity 1: mux_1t7 File: C:/FPGA/openfpga-NGPC/projects/db/mux_1t7.tdf Line: 22
Info (12128): Elaborating entity "mux_1t7" for hierarchy "core_top:ic|data_unloader:stage_drain|dcfifo:fifo_address_req|dcfifo_46o1:auto_generated|altsyncram_s0i1:fifo_ram|mux_1t7:output_mux" File: C:/FPGA/openfpga-NGPC/projects/db/altsyncram_s0i1.tdf Line: 49
Info (12021): Found 1 design units, including 1 entities, in source file db/alt_synch_pipe_c9l.tdf
    Info (12023): Found entity 1: alt_synch_pipe_c9l File: C:/FPGA/openfpga-NGPC/projects/db/alt_synch_pipe_c9l.tdf Line: 26
Info (12128): Elaborating entity "alt_synch_pipe_c9l" for hierarchy "core_top:ic|data_unloader:stage_drain|dcfifo:fifo_address_req|dcfifo_46o1:auto_generated|alt_synch_pipe_c9l:rs_dgwp" File: C:/FPGA/openfpga-NGPC/projects/db/dcfifo_46o1.tdf Line: 72
Info (12021): Found 1 design units, including 1 entities, in source file db/dffpipe_tu8.tdf
    Info (12023): Found entity 1: dffpipe_tu8 File: C:/FPGA/openfpga-NGPC/projects/db/dffpipe_tu8.tdf Line: 24
Info (12128): Elaborating entity "dffpipe_tu8" for hierarchy "core_top:ic|data_unloader:stage_drain|dcfifo:fifo_address_req|dcfifo_46o1:auto_generated|alt_synch_pipe_c9l:rs_dgwp|dffpipe_tu8:dffpipe3" File: C:/FPGA/openfpga-NGPC/projects/db/alt_synch_pipe_c9l.tdf Line: 33
Info (12128): Elaborating entity "dcfifo" for hierarchy "core_top:ic|data_unloader:stage_drain|dcfifo:fifo_data_response" File: C:/FPGA/openfpga-NGPC/target/pocket/data_unloader.sv Line: 111
Info (12130): Elaborated megafunction instantiation "core_top:ic|data_unloader:stage_drain|dcfifo:fifo_data_response" File: C:/FPGA/openfpga-NGPC/target/pocket/data_unloader.sv Line: 111
Info (12133): Instantiated megafunction "core_top:ic|data_unloader:stage_drain|dcfifo:fifo_data_response" with the following parameter: File: C:/FPGA/openfpga-NGPC/target/pocket/data_unloader.sv Line: 111
    Info (12134): Parameter "clocks_are_synchronized" = "FALSE"
    Info (12134): Parameter "intended_device_family" = "Cyclone V"
    Info (12134): Parameter "lpm_numwords" = "4"
    Info (12134): Parameter "lpm_showahead" = "OFF"
    Info (12134): Parameter "lpm_type" = "dcfifo"
    Info (12134): Parameter "lpm_width" = "16"
    Info (12134): Parameter "lpm_widthu" = "2"
    Info (12134): Parameter "overflow_checking" = "OFF"
    Info (12134): Parameter "rdsync_delaypipe" = "5"
    Info (12134): Parameter "underflow_checking" = "OFF"
    Info (12134): Parameter "use_eab" = "OFF"
    Info (12134): Parameter "wrsync_delaypipe" = "5"
Info (12021): Found 1 design units, including 1 entities, in source file db/dcfifo_u5o1.tdf
    Info (12023): Found entity 1: dcfifo_u5o1 File: C:/FPGA/openfpga-NGPC/projects/db/dcfifo_u5o1.tdf Line: 40
Info (12128): Elaborating entity "dcfifo_u5o1" for hierarchy "core_top:ic|data_unloader:stage_drain|dcfifo:fifo_data_response|dcfifo_u5o1:auto_generated" File: f:/quartus/quartus/libraries/megafunctions/dcfifo.tdf Line: 190
Info (12021): Found 1 design units, including 1 entities, in source file db/altsyncram_m0i1.tdf
    Info (12023): Found entity 1: altsyncram_m0i1 File: C:/FPGA/openfpga-NGPC/projects/db/altsyncram_m0i1.tdf Line: 28
Info (12128): Elaborating entity "altsyncram_m0i1" for hierarchy "core_top:ic|data_unloader:stage_drain|dcfifo:fifo_data_response|dcfifo_u5o1:auto_generated|altsyncram_m0i1:fifo_ram" File: C:/FPGA/openfpga-NGPC/projects/db/dcfifo_u5o1.tdf Line: 53
Info (12021): Found 1 design units, including 1 entities, in source file db/mux_us7.tdf
    Info (12023): Found entity 1: mux_us7 File: C:/FPGA/openfpga-NGPC/projects/db/mux_us7.tdf Line: 22
Info (12128): Elaborating entity "mux_us7" for hierarchy "core_top:ic|data_unloader:stage_drain|dcfifo:fifo_data_response|dcfifo_u5o1:auto_generated|altsyncram_m0i1:fifo_ram|mux_us7:output_mux" File: C:/FPGA/openfpga-NGPC/projects/db/altsyncram_m0i1.tdf Line: 49
Info (12021): Found 1 design units, including 1 entities, in source file db/alt_synch_pipe_d9l.tdf
    Info (12023): Found entity 1: alt_synch_pipe_d9l File: C:/FPGA/openfpga-NGPC/projects/db/alt_synch_pipe_d9l.tdf Line: 26
Info (12128): Elaborating entity "alt_synch_pipe_d9l" for hierarchy "core_top:ic|data_unloader:stage_drain|dcfifo:fifo_data_response|dcfifo_u5o1:auto_generated|alt_synch_pipe_d9l:rs_dgwp" File: C:/FPGA/openfpga-NGPC/projects/db/dcfifo_u5o1.tdf Line: 72
Info (12021): Found 1 design units, including 1 entities, in source file db/dffpipe_uu8.tdf
    Info (12023): Found entity 1: dffpipe_uu8 File: C:/FPGA/openfpga-NGPC/projects/db/dffpipe_uu8.tdf Line: 24
Info (12128): Elaborating entity "dffpipe_uu8" for hierarchy "core_top:ic|data_unloader:stage_drain|dcfifo:fifo_data_response|dcfifo_u5o1:auto_generated|alt_synch_pipe_d9l:rs_dgwp|dffpipe_uu8:dffpipe3" File: C:/FPGA/openfpga-NGPC/projects/db/alt_synch_pipe_d9l.tdf Line: 33
Info (12128): Elaborating entity "ngpc_stage_mem" for hierarchy "core_top:ic|ngpc_stage_mem:stage_mem" File: C:/FPGA/openfpga-NGPC/target/pocket/core_top.v Line: 658
Info (12128): Elaborating entity "psram" for hierarchy "core_top:ic|ngpc_stage_mem:stage_mem|psram:u_psram" File: C:/FPGA/openfpga-NGPC/target/pocket/ngpc_stage_mem.sv Line: 120
Info (10988): SystemVerilog $info at psram.sv(215): Instantiated PSRAM with the following settings: File: C:/FPGA/openfpga-NGPC/target/pocket/psram.sv Line: 215
Info (10988): SystemVerilog $info at psram.sv(216):   Clock speed: 49.152000 MHz with period 20.345052 ns File: C:/FPGA/openfpga-NGPC/target/pocket/psram.sv Line: 216
Info (10988): SystemVerilog $info at psram.sv(217):   Writes: File: C:/FPGA/openfpga-NGPC/target/pocket/psram.sv Line: 217
Info (10988): SystemVerilog $info at psram.sv(218):     STATE_WRITE_ADV_END:           1 File: C:/FPGA/openfpga-NGPC/target/pocket/psram.sv Line: 218
Info (10988): SystemVerilog $info at psram.sv(219):     STATE_WRITE_ADDR_LATCH_END:           2 File: C:/FPGA/openfpga-NGPC/target/pocket/psram.sv Line: 219
Info (10988): SystemVerilog $info at psram.sv(220):     STATE_WRITE_DATA_START:           3 File: C:/FPGA/openfpga-NGPC/target/pocket/psram.sv Line: 220
Info (10988): SystemVerilog $info at psram.sv(221):     STATE_WRITE_DATA_END:           5 File: C:/FPGA/openfpga-NGPC/target/pocket/psram.sv Line: 221
Info (10988): SystemVerilog $info at psram.sv(222):  File: C:/FPGA/openfpga-NGPC/target/pocket/psram.sv Line: 222
Info (10988): SystemVerilog $info at psram.sv(223):   Total write time:           4 cycles File: C:/FPGA/openfpga-NGPC/target/pocket/psram.sv Line: 223
Info (10988): SystemVerilog $info at psram.sv(224):   Reads: File: C:/FPGA/openfpga-NGPC/target/pocket/psram.sv Line: 224
Info (10988): SystemVerilog $info at psram.sv(225):     STATE_READ_ADV_END:          20 File: C:/FPGA/openfpga-NGPC/target/pocket/psram.sv Line: 225
Info (10988): SystemVerilog $info at psram.sv(226):     STATE_READ_ADDR_LATCH_END:          21 File: C:/FPGA/openfpga-NGPC/target/pocket/psram.sv Line: 226
Info (10988): SystemVerilog $info at psram.sv(227):     STATE_READ_DATA_ENABLE:          22 File: C:/FPGA/openfpga-NGPC/target/pocket/psram.sv Line: 227
Info (10988): SystemVerilog $info at psram.sv(228):     STATE_READ_DATA_RECEIVED:          24 File: C:/FPGA/openfpga-NGPC/target/pocket/psram.sv Line: 228
Info (10988): SystemVerilog $info at psram.sv(229):  File: C:/FPGA/openfpga-NGPC/target/pocket/psram.sv Line: 229
Info (10988): SystemVerilog $info at psram.sv(230):   Total read time:           4 cycles File: C:/FPGA/openfpga-NGPC/target/pocket/psram.sv Line: 230
Warning (10230): Verilog HDL assignment warning at psram.sv(233): truncated value with size 32 to match size of target (8) File: C:/FPGA/openfpga-NGPC/target/pocket/psram.sv Line: 233
Warning (10230): Verilog HDL assignment warning at psram.sv(246): truncated value with size 32 to match size of target (8) File: C:/FPGA/openfpga-NGPC/target/pocket/psram.sv Line: 246
Warning (10230): Verilog HDL assignment warning at psram.sv(272): truncated value with size 32 to match size of target (8) File: C:/FPGA/openfpga-NGPC/target/pocket/psram.sv Line: 272
Warning (10230): Verilog HDL assignment warning at psram.sv(296): truncated value with size 32 to match size of target (8) File: C:/FPGA/openfpga-NGPC/target/pocket/psram.sv Line: 296
Warning (10230): Verilog HDL assignment warning at psram.sv(332): truncated value with size 32 to match size of target (8) File: C:/FPGA/openfpga-NGPC/target/pocket/psram.sv Line: 332
Warning (10230): Verilog HDL assignment warning at psram.sv(363): truncated value with size 32 to match size of target (8) File: C:/FPGA/openfpga-NGPC/target/pocket/psram.sv Line: 363
Info (12128): Elaborating entity "synch_3" for hierarchy "core_top:ic|synch_3:download_sync" File: C:/FPGA/openfpga-NGPC/target/pocket/core_top.v Line: 694
Warning (10230): Verilog HDL assignment warning at common.v(74): truncated value with size 2 to match size of target (1) File: C:/FPGA/openfpga-NGPC/platform/pocket/common.v Line: 74
Warning (10230): Verilog HDL assignment warning at common.v(75): truncated value with size 2 to match size of target (1) File: C:/FPGA/openfpga-NGPC/platform/pocket/common.v Line: 75
Info (12128): Elaborating entity "data_loader" for hierarchy "core_top:ic|data_loader:bios0_loader" File: C:/FPGA/openfpga-NGPC/target/pocket/core_top.v Line: 728
Warning (10230): Verilog HDL assignment warning at data_loader.sv(140): truncated value with size 32 to match size of target (28) File: C:/FPGA/openfpga-NGPC/target/pocket/data_loader.sv Line: 140
Warning (10230): Verilog HDL assignment warning at data_loader.sv(142): truncated value with size 32 to match size of target (3) File: C:/FPGA/openfpga-NGPC/target/pocket/data_loader.sv Line: 142
Info (10264): Verilog HDL Case Statement information at data_loader.sv(129): all case item expressions in this case statement are onehot File: C:/FPGA/openfpga-NGPC/target/pocket/data_loader.sv Line: 129
Warning (10230): Verilog HDL assignment warning at data_loader.sv(169): truncated value with size 32 to match size of target (6) File: C:/FPGA/openfpga-NGPC/target/pocket/data_loader.sv Line: 169
Warning (10230): Verilog HDL assignment warning at data_loader.sv(172): truncated value with size 32 to match size of target (6) File: C:/FPGA/openfpga-NGPC/target/pocket/data_loader.sv Line: 172
Info (12128): Elaborating entity "data_loader" for hierarchy "core_top:ic|data_loader:bios1_loader" File: C:/FPGA/openfpga-NGPC/target/pocket/core_top.v Line: 745
Warning (10230): Verilog HDL assignment warning at data_loader.sv(140): truncated value with size 32 to match size of target (28) File: C:/FPGA/openfpga-NGPC/target/pocket/data_loader.sv Line: 140
Warning (10230): Verilog HDL assignment warning at data_loader.sv(142): truncated value with size 32 to match size of target (3) File: C:/FPGA/openfpga-NGPC/target/pocket/data_loader.sv Line: 142
Info (10264): Verilog HDL Case Statement information at data_loader.sv(129): all case item expressions in this case statement are onehot File: C:/FPGA/openfpga-NGPC/target/pocket/data_loader.sv Line: 129
Warning (10230): Verilog HDL assignment warning at data_loader.sv(169): truncated value with size 32 to match size of target (6) File: C:/FPGA/openfpga-NGPC/target/pocket/data_loader.sv Line: 169
Warning (10230): Verilog HDL assignment warning at data_loader.sv(172): truncated value with size 32 to match size of target (6) File: C:/FPGA/openfpga-NGPC/target/pocket/data_loader.sv Line: 172
Info (12128): Elaborating entity "data_loader" for hierarchy "core_top:ic|data_loader:cart_loader" File: C:/FPGA/openfpga-NGPC/target/pocket/core_top.v Line: 778
Warning (10230): Verilog HDL assignment warning at data_loader.sv(140): truncated value with size 32 to match size of target (28) File: C:/FPGA/openfpga-NGPC/target/pocket/data_loader.sv Line: 140
Warning (10230): Verilog HDL assignment warning at data_loader.sv(142): truncated value with size 32 to match size of target (3) File: C:/FPGA/openfpga-NGPC/target/pocket/data_loader.sv Line: 142
Info (10264): Verilog HDL Case Statement information at data_loader.sv(129): all case item expressions in this case statement are onehot File: C:/FPGA/openfpga-NGPC/target/pocket/data_loader.sv Line: 129
Warning (10230): Verilog HDL assignment warning at data_loader.sv(169): truncated value with size 32 to match size of target (6) File: C:/FPGA/openfpga-NGPC/target/pocket/data_loader.sv Line: 169
Warning (10230): Verilog HDL assignment warning at data_loader.sv(172): truncated value with size 32 to match size of target (6) File: C:/FPGA/openfpga-NGPC/target/pocket/data_loader.sv Line: 172
Info (12128): Elaborating entity "synch_3" for hierarchy "core_top:ic|synch_3:controls_sync" File: C:/FPGA/openfpga-NGPC/target/pocket/core_top.v Line: 798
Warning (10230): Verilog HDL assignment warning at common.v(74): truncated value with size 16 to match size of target (1) File: C:/FPGA/openfpga-NGPC/platform/pocket/common.v Line: 74
Warning (10230): Verilog HDL assignment warning at common.v(75): truncated value with size 16 to match size of target (1) File: C:/FPGA/openfpga-NGPC/platform/pocket/common.v Line: 75
Info (12128): Elaborating entity "ngpc_savestate_bridge" for hierarchy "core_top:ic|ngpc_savestate_bridge:savestate_bridge" File: C:/FPGA/openfpga-NGPC/target/pocket/core_top.v Line: 893
Warning (10036): Verilog HDL or VHDL warning at ngpc_savestate_bridge.sv(293): object "unused_ok" assigned a value but never read File: C:/FPGA/openfpga-NGPC/target/pocket/ngpc_savestate_bridge.sv Line: 293
Info (12128): Elaborating entity "synch_3" for hierarchy "core_top:ic|ngpc_savestate_bridge:savestate_bridge|synch_3:status_sync" File: C:/FPGA/openfpga-NGPC/target/pocket/ngpc_savestate_bridge.sv Line: 99
Warning (10230): Verilog HDL assignment warning at common.v(74): truncated value with size 8 to match size of target (1) File: C:/FPGA/openfpga-NGPC/platform/pocket/common.v Line: 74
Warning (10230): Verilog HDL assignment warning at common.v(75): truncated value with size 8 to match size of target (1) File: C:/FPGA/openfpga-NGPC/platform/pocket/common.v Line: 75
Info (12128): Elaborating entity "dcfifo_mixed_widths" for hierarchy "core_top:ic|ngpc_savestate_bridge:savestate_bridge|dcfifo_mixed_widths:save_fifo" File: C:/FPGA/openfpga-NGPC/target/pocket/ngpc_savestate_bridge.sv Line: 142
Info (12130): Elaborated megafunction instantiation "core_top:ic|ngpc_savestate_bridge:savestate_bridge|dcfifo_mixed_widths:save_fifo" File: C:/FPGA/openfpga-NGPC/target/pocket/ngpc_savestate_bridge.sv Line: 142
Info (12133): Instantiated megafunction "core_top:ic|ngpc_savestate_bridge:savestate_bridge|dcfifo_mixed_widths:save_fifo" with the following parameter: File: C:/FPGA/openfpga-NGPC/target/pocket/ngpc_savestate_bridge.sv Line: 142
    Info (12134): Parameter "intended_device_family" = "Cyclone V"
    Info (12134): Parameter "lpm_numwords" = "256"
    Info (12134): Parameter "lpm_showahead" = "ON"
    Info (12134): Parameter "lpm_type" = "dcfifo_mixed_widths"
    Info (12134): Parameter "lpm_width" = "64"
    Info (12134): Parameter "lpm_widthu" = "8"
    Info (12134): Parameter "lpm_width_r" = "32"
    Info (12134): Parameter "lpm_widthu_r" = "9"
    Info (12134): Parameter "overflow_checking" = "ON"
    Info (12134): Parameter "underflow_checking" = "ON"
    Info (12134): Parameter "rdsync_delaypipe" = "5"
    Info (12134): Parameter "wrsync_delaypipe" = "5"
    Info (12134): Parameter "use_eab" = "ON"
Info (12021): Found 1 design units, including 1 entities, in source file db/dcfifo_ohl1.tdf
    Info (12023): Found entity 1: dcfifo_ohl1 File: C:/FPGA/openfpga-NGPC/projects/db/dcfifo_ohl1.tdf Line: 42
Info (12128): Elaborating entity "dcfifo_ohl1" for hierarchy "core_top:ic|ngpc_savestate_bridge:savestate_bridge|dcfifo_mixed_widths:save_fifo|dcfifo_ohl1:auto_generated" File: f:/quartus/quartus/libraries/megafunctions/dcfifo_mixed_widths.tdf Line: 78
Info (12021): Found 1 design units, including 1 entities, in source file db/a_graycounter_cg6.tdf
    Info (12023): Found entity 1: a_graycounter_cg6 File: C:/FPGA/openfpga-NGPC/projects/db/a_graycounter_cg6.tdf Line: 24
Info (12128): Elaborating entity "a_graycounter_cg6" for hierarchy "core_top:ic|ngpc_savestate_bridge:savestate_bridge|dcfifo_mixed_widths:save_fifo|dcfifo_ohl1:auto_generated|a_graycounter_cg6:rdptr_g1p" File: C:/FPGA/openfpga-NGPC/projects/db/dcfifo_ohl1.tdf Line: 54
Info (12021): Found 1 design units, including 1 entities, in source file db/a_graycounter_9ub.tdf
    Info (12023): Found entity 1: a_graycounter_9ub File: C:/FPGA/openfpga-NGPC/projects/db/a_graycounter_9ub.tdf Line: 24
Info (12128): Elaborating entity "a_graycounter_9ub" for hierarchy "core_top:ic|ngpc_savestate_bridge:savestate_bridge|dcfifo_mixed_widths:save_fifo|dcfifo_ohl1:auto_generated|a_graycounter_9ub:wrptr_g1p" File: C:/FPGA/openfpga-NGPC/projects/db/dcfifo_ohl1.tdf Line: 55
Info (12021): Found 1 design units, including 1 entities, in source file db/altsyncram_hv41.tdf
    Info (12023): Found entity 1: altsyncram_hv41 File: C:/FPGA/openfpga-NGPC/projects/db/altsyncram_hv41.tdf Line: 27
Info (12128): Elaborating entity "altsyncram_hv41" for hierarchy "core_top:ic|ngpc_savestate_bridge:savestate_bridge|dcfifo_mixed_widths:save_fifo|dcfifo_ohl1:auto_generated|altsyncram_hv41:fifo_ram" File: C:/FPGA/openfpga-NGPC/projects/db/dcfifo_ohl1.tdf Line: 56
Info (12021): Found 1 design units, including 1 entities, in source file db/alt_synch_pipe_h9l.tdf
    Info (12023): Found entity 1: alt_synch_pipe_h9l File: C:/FPGA/openfpga-NGPC/projects/db/alt_synch_pipe_h9l.tdf Line: 26
Info (12128): Elaborating entity "alt_synch_pipe_h9l" for hierarchy "core_top:ic|ngpc_savestate_bridge:savestate_bridge|dcfifo_mixed_widths:save_fifo|dcfifo_ohl1:auto_generated|alt_synch_pipe_h9l:rs_dgwp" File: C:/FPGA/openfpga-NGPC/projects/db/dcfifo_ohl1.tdf Line: 73
Info (12021): Found 1 design units, including 1 entities, in source file db/dffpipe_2v8.tdf
    Info (12023): Found entity 1: dffpipe_2v8 File: C:/FPGA/openfpga-NGPC/projects/db/dffpipe_2v8.tdf Line: 24
Info (12128): Elaborating entity "dffpipe_2v8" for hierarchy "core_top:ic|ngpc_savestate_bridge:savestate_bridge|dcfifo_mixed_widths:save_fifo|dcfifo_ohl1:auto_generated|alt_synch_pipe_h9l:rs_dgwp|dffpipe_2v8:dffpipe12" File: C:/FPGA/openfpga-NGPC/projects/db/alt_synch_pipe_h9l.tdf Line: 33
Info (12021): Found 1 design units, including 1 entities, in source file db/alt_synch_pipe_i9l.tdf
    Info (12023): Found entity 1: alt_synch_pipe_i9l File: C:/FPGA/openfpga-NGPC/projects/db/alt_synch_pipe_i9l.tdf Line: 26
Info (12128): Elaborating entity "alt_synch_pipe_i9l" for hierarchy "core_top:ic|ngpc_savestate_bridge:savestate_bridge|dcfifo_mixed_widths:save_fifo|dcfifo_ohl1:auto_generated|alt_synch_pipe_i9l:ws_dgrp" File: C:/FPGA/openfpga-NGPC/projects/db/dcfifo_ohl1.tdf Line: 74
Info (12021): Found 1 design units, including 1 entities, in source file db/dffpipe_3v8.tdf
    Info (12023): Found entity 1: dffpipe_3v8 File: C:/FPGA/openfpga-NGPC/projects/db/dffpipe_3v8.tdf Line: 24
Info (12128): Elaborating entity "dffpipe_3v8" for hierarchy "core_top:ic|ngpc_savestate_bridge:savestate_bridge|dcfifo_mixed_widths:save_fifo|dcfifo_ohl1:auto_generated|alt_synch_pipe_i9l:ws_dgrp|dffpipe_3v8:dffpipe15" File: C:/FPGA/openfpga-NGPC/projects/db/alt_synch_pipe_i9l.tdf Line: 33
Info (12021): Found 1 design units, including 1 entities, in source file db/cmpr_tu5.tdf
    Info (12023): Found entity 1: cmpr_tu5 File: C:/FPGA/openfpga-NGPC/projects/db/cmpr_tu5.tdf Line: 22
Info (12128): Elaborating entity "cmpr_tu5" for hierarchy "core_top:ic|ngpc_savestate_bridge:savestate_bridge|dcfifo_mixed_widths:save_fifo|dcfifo_ohl1:auto_generated|cmpr_tu5:rdempty_eq_comp1_lsb" File: C:/FPGA/openfpga-NGPC/projects/db/dcfifo_ohl1.tdf Line: 75
Info (12021): Found 1 design units, including 1 entities, in source file db/cmpr_su5.tdf
    Info (12023): Found entity 1: cmpr_su5 File: C:/FPGA/openfpga-NGPC/projects/db/cmpr_su5.tdf Line: 22
Info (12128): Elaborating entity "cmpr_su5" for hierarchy "core_top:ic|ngpc_savestate_bridge:savestate_bridge|dcfifo_mixed_widths:save_fifo|dcfifo_ohl1:auto_generated|cmpr_su5:rdempty_eq_comp1_msb" File: C:/FPGA/openfpga-NGPC/projects/db/dcfifo_ohl1.tdf Line: 76
Info (12021): Found 1 design units, including 1 entities, in source file db/cntr_aed.tdf
    Info (12023): Found entity 1: cntr_aed File: C:/FPGA/openfpga-NGPC/projects/db/cntr_aed.tdf Line: 27
Info (12128): Elaborating entity "cntr_aed" for hierarchy "core_top:ic|ngpc_savestate_bridge:savestate_bridge|dcfifo_mixed_widths:save_fifo|dcfifo_ohl1:auto_generated|cntr_aed:cntr_b" File: C:/FPGA/openfpga-NGPC/projects/db/dcfifo_ohl1.tdf Line: 83
Info (12128): Elaborating entity "dcfifo_mixed_widths" for hierarchy "core_top:ic|ngpc_savestate_bridge:savestate_bridge|dcfifo_mixed_widths:load_fifo" File: C:/FPGA/openfpga-NGPC/target/pocket/ngpc_savestate_bridge.sv Line: 170
Info (12130): Elaborated megafunction instantiation "core_top:ic|ngpc_savestate_bridge:savestate_bridge|dcfifo_mixed_widths:load_fifo" File: C:/FPGA/openfpga-NGPC/target/pocket/ngpc_savestate_bridge.sv Line: 170
Info (12133): Instantiated megafunction "core_top:ic|ngpc_savestate_bridge:savestate_bridge|dcfifo_mixed_widths:load_fifo" with the following parameter: File: C:/FPGA/openfpga-NGPC/target/pocket/ngpc_savestate_bridge.sv Line: 170
    Info (12134): Parameter "intended_device_family" = "Cyclone V"
    Info (12134): Parameter "lpm_numwords" = "512"
    Info (12134): Parameter "lpm_showahead" = "ON"
    Info (12134): Parameter "lpm_type" = "dcfifo_mixed_widths"
    Info (12134): Parameter "lpm_width" = "32"
    Info (12134): Parameter "lpm_widthu" = "9"
    Info (12134): Parameter "lpm_width_r" = "64"
    Info (12134): Parameter "lpm_widthu_r" = "8"
    Info (12134): Parameter "overflow_checking" = "ON"
    Info (12134): Parameter "underflow_checking" = "ON"
    Info (12134): Parameter "rdsync_delaypipe" = "5"
    Info (12134): Parameter "wrsync_delaypipe" = "5"
    Info (12134): Parameter "write_aclr_synch" = "ON"
    Info (12134): Parameter "use_eab" = "ON"
Info (12021): Found 1 design units, including 1 entities, in source file db/dcfifo_31o1.tdf
    Info (12023): Found entity 1: dcfifo_31o1 File: C:/FPGA/openfpga-NGPC/projects/db/dcfifo_31o1.tdf Line: 44
Info (12128): Elaborating entity "dcfifo_31o1" for hierarchy "core_top:ic|ngpc_savestate_bridge:savestate_bridge|dcfifo_mixed_widths:load_fifo|dcfifo_31o1:auto_generated" File: f:/quartus/quartus/libraries/megafunctions/dcfifo_mixed_widths.tdf Line: 78
Info (12021): Found 1 design units, including 1 entities, in source file db/a_graycounter_fu6.tdf
    Info (12023): Found entity 1: a_graycounter_fu6 File: C:/FPGA/openfpga-NGPC/projects/db/a_graycounter_fu6.tdf Line: 24
Info (12128): Elaborating entity "a_graycounter_fu6" for hierarchy "core_top:ic|ngpc_savestate_bridge:savestate_bridge|dcfifo_mixed_widths:load_fifo|dcfifo_31o1:auto_generated|a_graycounter_fu6:rdptr_g1p" File: C:/FPGA/openfpga-NGPC/projects/db/dcfifo_31o1.tdf Line: 57
Info (12021): Found 1 design units, including 1 entities, in source file db/a_graycounter_acc.tdf
    Info (12023): Found entity 1: a_graycounter_acc File: C:/FPGA/openfpga-NGPC/projects/db/a_graycounter_acc.tdf Line: 24
Info (12128): Elaborating entity "a_graycounter_acc" for hierarchy "core_top:ic|ngpc_savestate_bridge:savestate_bridge|dcfifo_mixed_widths:load_fifo|dcfifo_31o1:auto_generated|a_graycounter_acc:wrptr_g1p" File: C:/FPGA/openfpga-NGPC/projects/db/dcfifo_31o1.tdf Line: 58
Info (12021): Found 1 design units, including 1 entities, in source file db/altsyncram_5j71.tdf
    Info (12023): Found entity 1: altsyncram_5j71 File: C:/FPGA/openfpga-NGPC/projects/db/altsyncram_5j71.tdf Line: 27
Info (12128): Elaborating entity "altsyncram_5j71" for hierarchy "core_top:ic|ngpc_savestate_bridge:savestate_bridge|dcfifo_mixed_widths:load_fifo|dcfifo_31o1:auto_generated|altsyncram_5j71:fifo_ram" File: C:/FPGA/openfpga-NGPC/projects/db/dcfifo_31o1.tdf Line: 59
Info (12021): Found 1 design units, including 1 entities, in source file db/alt_synch_pipe_0ol.tdf
    Info (12023): Found entity 1: alt_synch_pipe_0ol File: C:/FPGA/openfpga-NGPC/projects/db/alt_synch_pipe_0ol.tdf Line: 26
Info (12128): Elaborating entity "alt_synch_pipe_0ol" for hierarchy "core_top:ic|ngpc_savestate_bridge:savestate_bridge|dcfifo_mixed_widths:load_fifo|dcfifo_31o1:auto_generated|alt_synch_pipe_0ol:rs_dgwp" File: C:/FPGA/openfpga-NGPC/projects/db/dcfifo_31o1.tdf Line: 75
Info (12021): Found 1 design units, including 1 entities, in source file db/dffpipe_hd9.tdf
    Info (12023): Found entity 1: dffpipe_hd9 File: C:/FPGA/openfpga-NGPC/projects/db/dffpipe_hd9.tdf Line: 24
Info (12128): Elaborating entity "dffpipe_hd9" for hierarchy "core_top:ic|ngpc_savestate_bridge:savestate_bridge|dcfifo_mixed_widths:load_fifo|dcfifo_31o1:auto_generated|alt_synch_pipe_0ol:rs_dgwp|dffpipe_hd9:dffpipe12" File: C:/FPGA/openfpga-NGPC/projects/db/alt_synch_pipe_0ol.tdf Line: 34
Info (12021): Found 1 design units, including 1 entities, in source file db/dffpipe_3dc.tdf
    Info (12023): Found entity 1: dffpipe_3dc File: C:/FPGA/openfpga-NGPC/projects/db/dffpipe_3dc.tdf Line: 24
Info (12128): Elaborating entity "dffpipe_3dc" for hierarchy "core_top:ic|ngpc_savestate_bridge:savestate_bridge|dcfifo_mixed_widths:load_fifo|dcfifo_31o1:auto_generated|dffpipe_3dc:wraclr" File: C:/FPGA/openfpga-NGPC/projects/db/dcfifo_31o1.tdf Line: 76
Info (12021): Found 1 design units, including 1 entities, in source file db/alt_synch_pipe_1ol.tdf
    Info (12023): Found entity 1: alt_synch_pipe_1ol File: C:/FPGA/openfpga-NGPC/projects/db/alt_synch_pipe_1ol.tdf Line: 26
Info (12128): Elaborating entity "alt_synch_pipe_1ol" for hierarchy "core_top:ic|ngpc_savestate_bridge:savestate_bridge|dcfifo_mixed_widths:load_fifo|dcfifo_31o1:auto_generated|alt_synch_pipe_1ol:ws_dgrp" File: C:/FPGA/openfpga-NGPC/projects/db/dcfifo_31o1.tdf Line: 77
Info (12021): Found 1 design units, including 1 entities, in source file db/dffpipe_id9.tdf
    Info (12023): Found entity 1: dffpipe_id9 File: C:/FPGA/openfpga-NGPC/projects/db/dffpipe_id9.tdf Line: 24
Info (12128): Elaborating entity "dffpipe_id9" for hierarchy "core_top:ic|ngpc_savestate_bridge:savestate_bridge|dcfifo_mixed_widths:load_fifo|dcfifo_31o1:auto_generated|alt_synch_pipe_1ol:ws_dgrp|dffpipe_id9:dffpipe17" File: C:/FPGA/openfpga-NGPC/projects/db/alt_synch_pipe_1ol.tdf Line: 34
Info (12021): Found 1 design units, including 1 entities, in source file db/cntr_nsd.tdf
    Info (12023): Found entity 1: cntr_nsd File: C:/FPGA/openfpga-NGPC/projects/db/cntr_nsd.tdf Line: 27
Info (12128): Elaborating entity "cntr_nsd" for hierarchy "core_top:ic|ngpc_savestate_bridge:savestate_bridge|dcfifo_mixed_widths:load_fifo|dcfifo_31o1:auto_generated|cntr_nsd:cntr_b" File: C:/FPGA/openfpga-NGPC/projects/db/dcfifo_31o1.tdf Line: 86
Info (12128): Elaborating entity "ngpc_machine" for hierarchy "core_top:ic|ngpc_machine:machine" File: C:/FPGA/openfpga-NGPC/target/pocket/core_top.v Line: 973
Warning (10036): Verilog HDL or VHDL warning at ngpc_machine.sv(840): object "unused_ok" assigned a value but never read File: C:/FPGA/openfpga-NGPC/target/pocket/ngpc_machine.sv Line: 840
Info (12128): Elaborating entity "ngp_wram_clear" for hierarchy "core_top:ic|ngpc_machine:machine|ngp_wram_clear:wram_clear" File: C:/FPGA/openfpga-NGPC/target/pocket/ngpc_machine.sv Line: 222
Info (12128): Elaborating entity "ngp_host_clock" for hierarchy "core_top:ic|ngpc_machine:machine|ngp_host_clock:host_clock" File: C:/FPGA/openfpga-NGPC/target/pocket/ngpc_machine.sv Line: 301
Info (12128): Elaborating entity "ngp_setup_seed" for hierarchy "core_top:ic|ngpc_machine:machine|ngp_setup_seed:setup_seed" File: C:/FPGA/openfpga-NGPC/target/pocket/ngpc_machine.sv Line: 352
Warning (10036): Verilog HDL or VHDL warning at ngp_setup_seed.sv(483): object "unused_ok" assigned a value but never read File: C:/FPGA/openfpga-NGPC/upstream/rtl/soc/ngp_setup_seed.sv Line: 483
Info (10264): Verilog HDL Case Statement information at ngp_setup_seed.sv(342): all case item expressions in this case statement are onehot File: C:/FPGA/openfpga-NGPC/upstream/rtl/soc/ngp_setup_seed.sv Line: 342
Info (12128): Elaborating entity "ngpc_cart_fifo" for hierarchy "core_top:ic|ngpc_machine:machine|ngpc_cart_fifo:cart_fifo" File: C:/FPGA/openfpga-NGPC/target/pocket/ngpc_machine.sv Line: 421
Info (12128): Elaborating entity "scfifo" for hierarchy "core_top:ic|ngpc_machine:machine|ngpc_cart_fifo:cart_fifo|scfifo:u_fifo" File: C:/FPGA/openfpga-NGPC/target/pocket/ngpc_cart_fifo.sv Line: 78
Info (12130): Elaborated megafunction instantiation "core_top:ic|ngpc_machine:machine|ngpc_cart_fifo:cart_fifo|scfifo:u_fifo" File: C:/FPGA/openfpga-NGPC/target/pocket/ngpc_cart_fifo.sv Line: 78
Info (12133): Instantiated megafunction "core_top:ic|ngpc_machine:machine|ngpc_cart_fifo:cart_fifo|scfifo:u_fifo" with the following parameter: File: C:/FPGA/openfpga-NGPC/target/pocket/ngpc_cart_fifo.sv Line: 78
    Info (12134): Parameter "lpm_width" = "00000000000000000000000000101011"
    Info (12134): Parameter "lpm_numwords" = "00000000000000000000001000000000"
    Info (12134): Parameter "lpm_widthu" = "9"
    Info (12134): Parameter "lpm_showahead" = "ON"
    Info (12134): Parameter "lpm_type" = "scfifo"
    Info (12134): Parameter "intended_device_family" = "Cyclone V"
    Info (12134): Parameter "overflow_checking" = "ON"
    Info (12134): Parameter "underflow_checking" = "ON"
    Info (12134): Parameter "use_eab" = "ON"
    Info (12134): Parameter "add_ram_output_register" = "OFF"
Info (12021): Found 1 design units, including 1 entities, in source file db/scfifo_kaa1.tdf
    Info (12023): Found entity 1: scfifo_kaa1 File: C:/FPGA/openfpga-NGPC/projects/db/scfifo_kaa1.tdf Line: 24
Info (12128): Elaborating entity "scfifo_kaa1" for hierarchy "core_top:ic|ngpc_machine:machine|ngpc_cart_fifo:cart_fifo|scfifo:u_fifo|scfifo_kaa1:auto_generated" File: f:/quartus/quartus/libraries/megafunctions/scfifo.tdf Line: 299
Info (12021): Found 1 design units, including 1 entities, in source file db/a_dpfifo_r791.tdf
    Info (12023): Found entity 1: a_dpfifo_r791 File: C:/FPGA/openfpga-NGPC/projects/db/a_dpfifo_r791.tdf Line: 32
Info (12128): Elaborating entity "a_dpfifo_r791" for hierarchy "core_top:ic|ngpc_machine:machine|ngpc_cart_fifo:cart_fifo|scfifo:u_fifo|scfifo_kaa1:auto_generated|a_dpfifo_r791:dpfifo" File: C:/FPGA/openfpga-NGPC/projects/db/scfifo_kaa1.tdf Line: 37
Info (12021): Found 1 design units, including 1 entities, in source file db/altsyncram_p3i1.tdf
    Info (12023): Found entity 1: altsyncram_p3i1 File: C:/FPGA/openfpga-NGPC/projects/db/altsyncram_p3i1.tdf Line: 27
Info (12128): Elaborating entity "altsyncram_p3i1" for hierarchy "core_top:ic|ngpc_machine:machine|ngpc_cart_fifo:cart_fifo|scfifo:u_fifo|scfifo_kaa1:auto_generated|a_dpfifo_r791:dpfifo|altsyncram_p3i1:FIFOram" File: C:/FPGA/openfpga-NGPC/projects/db/a_dpfifo_r791.tdf Line: 44
Info (12021): Found 1 design units, including 1 entities, in source file db/cmpr_8l8.tdf
    Info (12023): Found entity 1: cmpr_8l8 File: C:/FPGA/openfpga-NGPC/projects/db/cmpr_8l8.tdf Line: 22
Info (12128): Elaborating entity "cmpr_8l8" for hierarchy "core_top:ic|ngpc_machine:machine|ngpc_cart_fifo:cart_fifo|scfifo:u_fifo|scfifo_kaa1:auto_generated|a_dpfifo_r791:dpfifo|cmpr_8l8:almost_full_comparer" File: C:/FPGA/openfpga-NGPC/projects/db/a_dpfifo_r791.tdf Line: 53
Info (12128): Elaborating entity "cmpr_8l8" for hierarchy "core_top:ic|ngpc_machine:machine|ngpc_cart_fifo:cart_fifo|scfifo:u_fifo|scfifo_kaa1:auto_generated|a_dpfifo_r791:dpfifo|cmpr_8l8:three_comparison" File: C:/FPGA/openfpga-NGPC/projects/db/a_dpfifo_r791.tdf Line: 54
Info (12021): Found 1 design units, including 1 entities, in source file db/cntr_j2b.tdf
    Info (12023): Found entity 1: cntr_j2b File: C:/FPGA/openfpga-NGPC/projects/db/cntr_j2b.tdf Line: 25
Info (12128): Elaborating entity "cntr_j2b" for hierarchy "core_top:ic|ngpc_machine:machine|ngpc_cart_fifo:cart_fifo|scfifo:u_fifo|scfifo_kaa1:auto_generated|a_dpfifo_r791:dpfifo|cntr_j2b:rd_ptr_msb" File: C:/FPGA/openfpga-NGPC/projects/db/a_dpfifo_r791.tdf Line: 55
Info (12021): Found 1 design units, including 1 entities, in source file db/cntr_037.tdf
    Info (12023): Found entity 1: cntr_037 File: C:/FPGA/openfpga-NGPC/projects/db/cntr_037.tdf Line: 25
Info (12128): Elaborating entity "cntr_037" for hierarchy "core_top:ic|ngpc_machine:machine|ngpc_cart_fifo:cart_fifo|scfifo:u_fifo|scfifo_kaa1:auto_generated|a_dpfifo_r791:dpfifo|cntr_037:usedw_counter" File: C:/FPGA/openfpga-NGPC/projects/db/a_dpfifo_r791.tdf Line: 56
Info (12021): Found 1 design units, including 1 entities, in source file db/cntr_k2b.tdf
    Info (12023): Found entity 1: cntr_k2b File: C:/FPGA/openfpga-NGPC/projects/db/cntr_k2b.tdf Line: 25
Info (12128): Elaborating entity "cntr_k2b" for hierarchy "core_top:ic|ngpc_machine:machine|ngpc_cart_fifo:cart_fifo|scfifo:u_fifo|scfifo_kaa1:auto_generated|a_dpfifo_r791:dpfifo|cntr_k2b:wr_ptr" File: C:/FPGA/openfpga-NGPC/projects/db/a_dpfifo_r791.tdf Line: 57
Info (12128): Elaborating entity "ngp_cart_rom" for hierarchy "core_top:ic|ngpc_machine:machine|ngp_cart_rom:cart_loader" File: C:/FPGA/openfpga-NGPC/target/pocket/ngpc_machine.sv Line: 454
Info (12128): Elaborating entity "ngp_cart_sdram" for hierarchy "core_top:ic|ngpc_machine:machine|ngp_cart_sdram:cart_sdram" File: C:/FPGA/openfpga-NGPC/target/pocket/ngpc_machine.sv Line: 544
Info (12128): Elaborating entity "cart_sdram" for hierarchy "core_top:ic|ngpc_machine:machine|ngp_cart_sdram:cart_sdram|cart_sdram:u_sdram" File: C:/FPGA/openfpga-NGPC/upstream/rtl/cart/ngp_cart_sdram.sv Line: 187
Info (12128): Elaborating entity "sdram" for hierarchy "core_top:ic|ngpc_machine:machine|ngp_cart_sdram:cart_sdram|cart_sdram:u_sdram|sdram:u_core" File: C:/FPGA/openfpga-NGPC/upstream/rtl/mem/cart_sdram.sv Line: 654
Info (10264): Verilog HDL Case Statement information at sdram.sv(1060): all case item expressions in this case statement are onehot File: C:/FPGA/openfpga-NGPC/upstream/rtl/mem/sdram.sv Line: 1060
Info (10264): Verilog HDL Case Statement information at sdram.sv(1099): all case item expressions in this case statement are onehot File: C:/FPGA/openfpga-NGPC/upstream/rtl/mem/sdram.sv Line: 1099
Info (10264): Verilog HDL Case Statement information at sdram.sv(1147): all case item expressions in this case statement are onehot File: C:/FPGA/openfpga-NGPC/upstream/rtl/mem/sdram.sv Line: 1147
Info (10264): Verilog HDL Case Statement information at sdram.sv(1156): all case item expressions in this case statement are onehot File: C:/FPGA/openfpga-NGPC/upstream/rtl/mem/sdram.sv Line: 1156
Info (10264): Verilog HDL Case Statement information at sdram.sv(1209): all case item expressions in this case statement are onehot File: C:/FPGA/openfpga-NGPC/upstream/rtl/mem/sdram.sv Line: 1209
Info (12128): Elaborating entity "altddio_out" for hierarchy "core_top:ic|ngpc_machine:machine|ngp_cart_sdram:cart_sdram|cart_sdram:u_sdram|sdram:u_core|altddio_out:u_sdram_clock" File: C:/FPGA/openfpga-NGPC/upstream/rtl/mem/sdram.sv Line: 589
Info (12130): Elaborated megafunction instantiation "core_top:ic|ngpc_machine:machine|ngp_cart_sdram:cart_sdram|cart_sdram:u_sdram|sdram:u_core|altddio_out:u_sdram_clock" File: C:/FPGA/openfpga-NGPC/upstream/rtl/mem/sdram.sv Line: 589
Info (12133): Instantiated megafunction "core_top:ic|ngpc_machine:machine|ngp_cart_sdram:cart_sdram|cart_sdram:u_sdram|sdram:u_core|altddio_out:u_sdram_clock" with the following parameter: File: C:/FPGA/openfpga-NGPC/upstream/rtl/mem/sdram.sv Line: 589
    Info (12134): Parameter "extend_oe_disable" = "OFF"
    Info (12134): Parameter "intended_device_family" = "Cyclone V"
    Info (12134): Parameter "invert_output" = "OFF"
    Info (12134): Parameter "lpm_hint" = "UNUSED"
    Info (12134): Parameter "lpm_type" = "altddio_out"
    Info (12134): Parameter "oe_reg" = "UNREGISTERED"
    Info (12134): Parameter "power_up_high" = "OFF"
    Info (12134): Parameter "width" = "1"
Info (12021): Found 1 design units, including 1 entities, in source file db/ddio_out_b2j.tdf
    Info (12023): Found entity 1: ddio_out_b2j File: C:/FPGA/openfpga-NGPC/projects/db/ddio_out_b2j.tdf Line: 27
Info (12128): Elaborating entity "ddio_out_b2j" for hierarchy "core_top:ic|ngpc_machine:machine|ngp_cart_sdram:cart_sdram|cart_sdram:u_sdram|sdram:u_core|altddio_out:u_sdram_clock|ddio_out_b2j:auto_generated" File: f:/quartus/quartus/libraries/megafunctions/altddio_out.tdf Line: 100
Info (12128): Elaborating entity "altddio_in" for hierarchy "core_top:ic|ngpc_machine:machine|ngp_cart_sdram:cart_sdram|cart_sdram:u_sdram|sdram:u_core|altddio_in:u_sdram_dq_capture" File: C:/FPGA/openfpga-NGPC/upstream/rtl/mem/sdram.sv Line: 608
Info (12130): Elaborated megafunction instantiation "core_top:ic|ngpc_machine:machine|ngp_cart_sdram:cart_sdram|cart_sdram:u_sdram|sdram:u_core|altddio_in:u_sdram_dq_capture" File: C:/FPGA/openfpga-NGPC/upstream/rtl/mem/sdram.sv Line: 608
Info (12133): Instantiated megafunction "core_top:ic|ngpc_machine:machine|ngp_cart_sdram:cart_sdram|cart_sdram:u_sdram|sdram:u_core|altddio_in:u_sdram_dq_capture" with the following parameter: File: C:/FPGA/openfpga-NGPC/upstream/rtl/mem/sdram.sv Line: 608
    Info (12134): Parameter "intended_device_family" = "Cyclone V"
    Info (12134): Parameter "invert_input_clocks" = "OFF"
    Info (12134): Parameter "lpm_hint" = "UNUSED"
    Info (12134): Parameter "lpm_type" = "altddio_in"
    Info (12134): Parameter "power_up_high" = "OFF"
    Info (12134): Parameter "width" = "16"
Info (12021): Found 1 design units, including 1 entities, in source file db/ddio_in_nce.tdf
    Info (12023): Found entity 1: ddio_in_nce File: C:/FPGA/openfpga-NGPC/projects/db/ddio_in_nce.tdf Line: 27
Info (12128): Elaborating entity "ddio_in_nce" for hierarchy "core_top:ic|ngpc_machine:machine|ngp_cart_sdram:cart_sdram|cart_sdram:u_sdram|sdram:u_core|altddio_in:u_sdram_dq_capture|ddio_in_nce:auto_generated" File: f:/quartus/quartus/libraries/megafunctions/altddio_in.tdf Line: 84
Info (12128): Elaborating entity "ngpc_cart_save" for hierarchy "core_top:ic|ngpc_machine:machine|ngpc_cart_save:cart_save" File: C:/FPGA/openfpga-NGPC/target/pocket/ngpc_machine.sv Line: 607
Warning (10036): Verilog HDL or VHDL warning at ngpc_cart_save.sv(490): object "unused_ok" assigned a value but never read File: C:/FPGA/openfpga-NGPC/target/pocket/ngpc_cart_save.sv Line: 490
Warning (10230): Verilog HDL assignment warning at ngpc_cart_save.sv(274): truncated value with size 26 to match size of target (25) File: C:/FPGA/openfpga-NGPC/target/pocket/ngpc_cart_save.sv Line: 274
Warning (10230): Verilog HDL assignment warning at ngpc_cart_save.sv(326): truncated value with size 26 to match size of target (25) File: C:/FPGA/openfpga-NGPC/target/pocket/ngpc_cart_save.sv Line: 326
Warning (10230): Verilog HDL assignment warning at ngpc_cart_save.sv(458): truncated value with size 26 to match size of target (25) File: C:/FPGA/openfpga-NGPC/target/pocket/ngpc_cart_save.sv Line: 458
Info (12128): Elaborating entity "ngp_cart_overlay_geometry" for hierarchy "core_top:ic|ngpc_machine:machine|ngpc_cart_save:cart_save|ngp_cart_overlay_geometry:geometry" File: C:/FPGA/openfpga-NGPC/target/pocket/ngpc_cart_save.sv Line: 148
Info (12128): Elaborating entity "savestates" for hierarchy "core_top:ic|ngpc_machine:machine|savestates:savestate_engine" File: C:/FPGA/openfpga-NGPC/target/pocket/ngpc_machine.sv Line: 705
Warning (10036): Verilog HDL or VHDL warning at savestates.sv(136): object "active_savetype3_size_q" assigned a value but never read File: C:/FPGA/openfpga-NGPC/upstream/rtl/Savestates/savestates.sv Line: 136
Info (12128): Elaborating entity "ngp_ss_glue" for hierarchy "core_top:ic|ngpc_machine:machine|ngp_ss_glue:ss_glue" File: C:/FPGA/openfpga-NGPC/target/pocket/ngpc_machine.sv Line: 725
Warning (10036): Verilog HDL or VHDL warning at ngp_ss_glue.sv(62): object "unused_ok" assigned a value but never read File: C:/FPGA/openfpga-NGPC/upstream/rtl/Savestates/ngp_ss_glue.sv Line: 62
Info (12128): Elaborating entity "ngp_mainboard" for hierarchy "core_top:ic|ngpc_machine:machine|ngp_mainboard:mainboard" File: C:/FPGA/openfpga-NGPC/target/pocket/ngpc_machine.sv Line: 834
Warning (10036): Verilog HDL or VHDL warning at ngp_mainboard.sv(591): object "unused_ok" assigned a value but never read File: C:/FPGA/openfpga-NGPC/upstream/rtl/soc/ngp_mainboard.sv Line: 591
Info (12128): Elaborating entity "ngp_clocks" for hierarchy "core_top:ic|ngpc_machine:machine|ngp_mainboard:mainboard|ngp_clocks:clocks" File: C:/FPGA/openfpga-NGPC/upstream/rtl/soc/ngp_mainboard.sv Line: 235
Warning (10036): Verilog HDL or VHDL warning at ngp_clocks.sv(234): object "unused_ok" assigned a value but never read File: C:/FPGA/openfpga-NGPC/upstream/rtl/soc/ngp_clocks.sv Line: 234
Info (12128): Elaborating entity "ngp_bios_anim_patch" for hierarchy "core_top:ic|ngpc_machine:machine|ngp_mainboard:mainboard|ngp_bios_anim_patch:bios_anim_patch" File: C:/FPGA/openfpga-NGPC/upstream/rtl/soc/ngp_mainboard.sv Line: 262
Info (12128): Elaborating entity "k2_soc" for hierarchy "core_top:ic|ngpc_machine:machine|ngp_mainboard:mainboard|k2_soc:soc" File: C:/FPGA/openfpga-NGPC/upstream/rtl/soc/ngp_mainboard.sv Line: 371
Warning (10036): Verilog HDL or VHDL warning at k2_soc.sv(1205): object "unused_ok" assigned a value but never read File: C:/FPGA/openfpga-NGPC/upstream/rtl/soc/k2_soc.sv Line: 1205
Info (12128): Elaborating entity "t900_cpu" for hierarchy "core_top:ic|ngpc_machine:machine|ngp_mainboard:mainboard|k2_soc:soc|t900_cpu:cpu" File: C:/FPGA/openfpga-NGPC/upstream/rtl/soc/k2_soc.sv Line: 625
Info (12128): Elaborating entity "t900_biu" for hierarchy "core_top:ic|ngpc_machine:machine|ngp_mainboard:mainboard|k2_soc:soc|t900_cpu:cpu|t900_biu:u_biu" File: C:/FPGA/openfpga-NGPC/upstream/rtl/t900/t900_cpu.sv Line: 377
Warning (10036): Verilog HDL or VHDL warning at t900_biu.sv(195): object "queue_width8" assigned a value but never read File: C:/FPGA/openfpga-NGPC/upstream/rtl/t900/t900_biu.sv Line: 195
Info (12128): Elaborating entity "t900_decode" for hierarchy "core_top:ic|ngpc_machine:machine|ngp_mainboard:mainboard|k2_soc:soc|t900_cpu:cpu|t900_decode:u_decode" File: C:/FPGA/openfpga-NGPC/upstream/rtl/t900/t900_cpu.sv Line: 398
Info (12128): Elaborating entity "t900_regfile" for hierarchy "core_top:ic|ngpc_machine:machine|ngp_mainboard:mainboard|k2_soc:soc|t900_cpu:cpu|t900_regfile:u_regfile" File: C:/FPGA/openfpga-NGPC/upstream/rtl/t900/t900_cpu.sv Line: 420
Info (12128): Elaborating entity "t900_alu" for hierarchy "core_top:ic|ngpc_machine:machine|ngp_mainboard:mainboard|k2_soc:soc|t900_cpu:cpu|t900_alu:u_alu" File: C:/FPGA/openfpga-NGPC/upstream/rtl/t900/t900_cpu.sv Line: 573
Info (12128): Elaborating entity "t900_shifter" for hierarchy "core_top:ic|ngpc_machine:machine|ngp_mainboard:mainboard|k2_soc:soc|t900_cpu:cpu|t900_shifter:u_shifter" File: C:/FPGA/openfpga-NGPC/upstream/rtl/t900/t900_cpu.sv Line: 591
Info (12128): Elaborating entity "t900_muldiv" for hierarchy "core_top:ic|ngpc_machine:machine|ngp_mainboard:mainboard|k2_soc:soc|t900_cpu:cpu|t900_muldiv:u_muldiv" File: C:/FPGA/openfpga-NGPC/upstream/rtl/t900/t900_cpu.sv Line: 609
Warning (10036): Verilog HDL or VHDL warning at t900_muldiv.sv(271): object "_unused_src_high" assigned a value but never read File: C:/FPGA/openfpga-NGPC/upstream/rtl/t900/t900_muldiv.sv Line: 271
Info (12128): Elaborating entity "t900_seq" for hierarchy "core_top:ic|ngpc_machine:machine|ngp_mainboard:mainboard|k2_soc:soc|t900_cpu:cpu|t900_seq:u_seq" File: C:/FPGA/openfpga-NGPC/upstream/rtl/t900/t900_cpu.sv Line: 728
Warning (10036): Verilog HDL or VHDL warning at t900_seq.sv(3420): object "_unused" assigned a value but never read File: C:/FPGA/openfpga-NGPC/upstream/rtl/t900/t900_seq.sv Line: 3420
Info (10264): Verilog HDL Case Statement information at t900_seq.sv(873): all case item expressions in this case statement are onehot File: C:/FPGA/openfpga-NGPC/upstream/rtl/t900/t900_seq.sv Line: 873
Warning (10027): Verilog HDL or VHDL warning at the t900_seq.sv(1328): index expression is not wide enough to address all of the elements in the array File: C:/FPGA/openfpga-NGPC/upstream/rtl/t900/t900_seq.sv Line: 1328
Info (10264): Verilog HDL Case Statement information at t900_seq.sv(2620): all case item expressions in this case statement are onehot File: C:/FPGA/openfpga-NGPC/upstream/rtl/t900/t900_seq.sv Line: 2620
Info (12128): Elaborating entity "k2_soc_fabric" for hierarchy "core_top:ic|ngpc_machine:machine|ngp_mainboard:mainboard|k2_soc:soc|k2_soc_fabric:fabric" File: C:/FPGA/openfpga-NGPC/upstream/rtl/soc/k2_soc.sv Line: 743
Warning (10036): Verilog HDL or VHDL warning at k2_soc_fabric.sv(823): object "unused_ok" assigned a value but never read File: C:/FPGA/openfpga-NGPC/upstream/rtl/soc/k2_soc_fabric.sv Line: 823
Info (12128): Elaborating entity "cache_ram_dp_be" for hierarchy "core_top:ic|ngpc_machine:machine|ngp_mainboard:mainboard|k2_soc:soc|k2_soc_fabric:fabric|cache_ram_dp_be:wram_lo" File: C:/FPGA/openfpga-NGPC/upstream/rtl/soc/k2_soc_fabric.sv Line: 576
Info (12128): Elaborating entity "altsyncram" for hierarchy "core_top:ic|ngpc_machine:machine|ngp_mainboard:mainboard|k2_soc:soc|k2_soc_fabric:fabric|cache_ram_dp_be:wram_lo|altsyncram:u_ram" File: C:/FPGA/openfpga-NGPC/upstream/rtl/mem/cache_ram_be.sv Line: 78
Info (12130): Elaborated megafunction instantiation "core_top:ic|ngpc_machine:machine|ngp_mainboard:mainboard|k2_soc:soc|k2_soc_fabric:fabric|cache_ram_dp_be:wram_lo|altsyncram:u_ram" File: C:/FPGA/openfpga-NGPC/upstream/rtl/mem/cache_ram_be.sv Line: 78
Info (12133): Instantiated megafunction "core_top:ic|ngpc_machine:machine|ngp_mainboard:mainboard|k2_soc:soc|k2_soc_fabric:fabric|cache_ram_dp_be:wram_lo|altsyncram:u_ram" with the following parameter: File: C:/FPGA/openfpga-NGPC/upstream/rtl/mem/cache_ram_be.sv Line: 78
    Info (12134): Parameter "address_reg_b" = "CLOCK0"
    Info (12134): Parameter "byte_size" = "8"
    Info (12134): Parameter "byteena_reg_b" = "CLOCK0"
    Info (12134): Parameter "clock_enable_output_a" = "BYPASS"
    Info (12134): Parameter "clock_enable_output_b" = "BYPASS"
    Info (12134): Parameter "indata_reg_b" = "CLOCK0"
    Info (12134): Parameter "init_file" = " "
    Info (12134): Parameter "intended_device_family" = "Cyclone V"
    Info (12134): Parameter "lpm_hint" = "ENABLE_RUNTIME_MOD=NO"
    Info (12134): Parameter "lpm_type" = "altsyncram"
    Info (12134): Parameter "numwords_a" = "4096"
    Info (12134): Parameter "numwords_b" = "4096"
    Info (12134): Parameter "operation_mode" = "BIDIR_DUAL_PORT"
    Info (12134): Parameter "outdata_aclr_a" = "NONE"
    Info (12134): Parameter "outdata_aclr_b" = "NONE"
    Info (12134): Parameter "outdata_reg_a" = "UNREGISTERED"
    Info (12134): Parameter "outdata_reg_b" = "UNREGISTERED"
    Info (12134): Parameter "power_up_uninitialized" = "FALSE"
    Info (12134): Parameter "ram_block_type" = "M10K"
    Info (12134): Parameter "read_during_write_mode_port_a" = "NEW_DATA_NO_NBE_READ"
    Info (12134): Parameter "read_during_write_mode_port_b" = "NEW_DATA_NO_NBE_READ"
    Info (12134): Parameter "width_a" = "16"
    Info (12134): Parameter "width_b" = "16"
    Info (12134): Parameter "width_byteena_a" = "2"
    Info (12134): Parameter "width_byteena_b" = "2"
    Info (12134): Parameter "widthad_a" = "12"
    Info (12134): Parameter "widthad_b" = "12"
    Info (12134): Parameter "wrcontrol_wraddress_reg_b" = "CLOCK0"
Info (12021): Found 1 design units, including 1 entities, in source file db/altsyncram_3om2.tdf
    Info (12023): Found entity 1: altsyncram_3om2 File: C:/FPGA/openfpga-NGPC/projects/db/altsyncram_3om2.tdf Line: 27
Info (12128): Elaborating entity "altsyncram_3om2" for hierarchy "core_top:ic|ngpc_machine:machine|ngp_mainboard:mainboard|k2_soc:soc|k2_soc_fabric:fabric|cache_ram_dp_be:wram_lo|altsyncram:u_ram|altsyncram_3om2:auto_generated" File: f:/quartus/quartus/libraries/megafunctions/altsyncram.tdf Line: 791
Info (12128): Elaborating entity "cache_ram_dp_be" for hierarchy "core_top:ic|ngpc_machine:machine|ngp_mainboard:mainboard|k2_soc:soc|k2_soc_fabric:fabric|cache_ram_dp_be:wram_hi" File: C:/FPGA/openfpga-NGPC/upstream/rtl/soc/k2_soc_fabric.sv Line: 594
Info (12128): Elaborating entity "altsyncram" for hierarchy "core_top:ic|ngpc_machine:machine|ngp_mainboard:mainboard|k2_soc:soc|k2_soc_fabric:fabric|cache_ram_dp_be:wram_hi|altsyncram:u_ram" File: C:/FPGA/openfpga-NGPC/upstream/rtl/mem/cache_ram_be.sv Line: 78
Info (12130): Elaborated megafunction instantiation "core_top:ic|ngpc_machine:machine|ngp_mainboard:mainboard|k2_soc:soc|k2_soc_fabric:fabric|cache_ram_dp_be:wram_hi|altsyncram:u_ram" File: C:/FPGA/openfpga-NGPC/upstream/rtl/mem/cache_ram_be.sv Line: 78
Info (12133): Instantiated megafunction "core_top:ic|ngpc_machine:machine|ngp_mainboard:mainboard|k2_soc:soc|k2_soc_fabric:fabric|cache_ram_dp_be:wram_hi|altsyncram:u_ram" with the following parameter: File: C:/FPGA/openfpga-NGPC/upstream/rtl/mem/cache_ram_be.sv Line: 78
    Info (12134): Parameter "address_reg_b" = "CLOCK0"
    Info (12134): Parameter "byte_size" = "8"
    Info (12134): Parameter "byteena_reg_b" = "CLOCK0"
    Info (12134): Parameter "clock_enable_output_a" = "BYPASS"
    Info (12134): Parameter "clock_enable_output_b" = "BYPASS"
    Info (12134): Parameter "indata_reg_b" = "CLOCK0"
    Info (12134): Parameter "init_file" = " "
    Info (12134): Parameter "intended_device_family" = "Cyclone V"
    Info (12134): Parameter "lpm_hint" = "ENABLE_RUNTIME_MOD=NO"
    Info (12134): Parameter "lpm_type" = "altsyncram"
    Info (12134): Parameter "numwords_a" = "2048"
    Info (12134): Parameter "numwords_b" = "2048"
    Info (12134): Parameter "operation_mode" = "BIDIR_DUAL_PORT"
    Info (12134): Parameter "outdata_aclr_a" = "NONE"
    Info (12134): Parameter "outdata_aclr_b" = "NONE"
    Info (12134): Parameter "outdata_reg_a" = "UNREGISTERED"
    Info (12134): Parameter "outdata_reg_b" = "UNREGISTERED"
    Info (12134): Parameter "power_up_uninitialized" = "FALSE"
    Info (12134): Parameter "ram_block_type" = "M10K"
    Info (12134): Parameter "read_during_write_mode_port_a" = "NEW_DATA_NO_NBE_READ"
    Info (12134): Parameter "read_during_write_mode_port_b" = "NEW_DATA_NO_NBE_READ"
    Info (12134): Parameter "width_a" = "16"
    Info (12134): Parameter "width_b" = "16"
    Info (12134): Parameter "width_byteena_a" = "2"
    Info (12134): Parameter "width_byteena_b" = "2"
    Info (12134): Parameter "widthad_a" = "11"
    Info (12134): Parameter "widthad_b" = "11"
    Info (12134): Parameter "wrcontrol_wraddress_reg_b" = "CLOCK0"
Info (12021): Found 1 design units, including 1 entities, in source file db/altsyncram_nnm2.tdf
    Info (12023): Found entity 1: altsyncram_nnm2 File: C:/FPGA/openfpga-NGPC/projects/db/altsyncram_nnm2.tdf Line: 27
Info (12128): Elaborating entity "altsyncram_nnm2" for hierarchy "core_top:ic|ngpc_machine:machine|ngp_mainboard:mainboard|k2_soc:soc|k2_soc_fabric:fabric|cache_ram_dp_be:wram_hi|altsyncram:u_ram|altsyncram_nnm2:auto_generated" File: f:/quartus/quartus/libraries/megafunctions/altsyncram.tdf Line: 791
Info (12128): Elaborating entity "cache_ram_dp" for hierarchy "core_top:ic|ngpc_machine:machine|ngp_mainboard:mainboard|k2_soc:soc|k2_soc_fabric:fabric|cache_ram_dp:bios_col" File: C:/FPGA/openfpga-NGPC/upstream/rtl/soc/k2_soc_fabric.sv Line: 704
Info (12128): Elaborating entity "altsyncram" for hierarchy "core_top:ic|ngpc_machine:machine|ngp_mainboard:mainboard|k2_soc:soc|k2_soc_fabric:fabric|cache_ram_dp:bios_col|altsyncram:u_ram" File: C:/FPGA/openfpga-NGPC/upstream/rtl/mem/cache_ram.v Line: 149
Info (12130): Elaborated megafunction instantiation "core_top:ic|ngpc_machine:machine|ngp_mainboard:mainboard|k2_soc:soc|k2_soc_fabric:fabric|cache_ram_dp:bios_col|altsyncram:u_ram" File: C:/FPGA/openfpga-NGPC/upstream/rtl/mem/cache_ram.v Line: 149
Info (12133): Instantiated megafunction "core_top:ic|ngpc_machine:machine|ngp_mainboard:mainboard|k2_soc:soc|k2_soc_fabric:fabric|cache_ram_dp:bios_col|altsyncram:u_ram" with the following parameter: File: C:/FPGA/openfpga-NGPC/upstream/rtl/mem/cache_ram.v Line: 149
    Info (12134): Parameter "address_reg_b" = "CLOCK0"
    Info (12134): Parameter "clock_enable_output_a" = "BYPASS"
    Info (12134): Parameter "clock_enable_output_b" = "BYPASS"
    Info (12134): Parameter "indata_reg_b" = "CLOCK0"
    Info (12134): Parameter "init_file" = " "
    Info (12134): Parameter "intended_device_family" = "Cyclone V"
    Info (12134): Parameter "lpm_hint" = "ENABLE_RUNTIME_MOD=NO"
    Info (12134): Parameter "lpm_type" = "altsyncram"
    Info (12134): Parameter "numwords_a" = "32768"
    Info (12134): Parameter "numwords_b" = "32768"
    Info (12134): Parameter "operation_mode" = "BIDIR_DUAL_PORT"
    Info (12134): Parameter "outdata_aclr_a" = "NONE"
    Info (12134): Parameter "outdata_aclr_b" = "NONE"
    Info (12134): Parameter "outdata_reg_a" = "UNREGISTERED"
    Info (12134): Parameter "outdata_reg_b" = "UNREGISTERED"
    Info (12134): Parameter "power_up_uninitialized" = "FALSE"
    Info (12134): Parameter "ram_block_type" = "M10K"
    Info (12134): Parameter "read_during_write_mode_port_a" = "NEW_DATA_NO_NBE_READ"
    Info (12134): Parameter "read_during_write_mode_port_b" = "NEW_DATA_NO_NBE_READ"
    Info (12134): Parameter "width_a" = "16"
    Info (12134): Parameter "width_b" = "16"
    Info (12134): Parameter "width_byteena_a" = "1"
    Info (12134): Parameter "width_byteena_b" = "1"
    Info (12134): Parameter "widthad_a" = "15"
    Info (12134): Parameter "widthad_b" = "15"
    Info (12134): Parameter "wrcontrol_wraddress_reg_b" = "CLOCK0"
Info (12021): Found 1 design units, including 1 entities, in source file db/altsyncram_uqh2.tdf
    Info (12023): Found entity 1: altsyncram_uqh2 File: C:/FPGA/openfpga-NGPC/projects/db/altsyncram_uqh2.tdf Line: 33
Info (12128): Elaborating entity "altsyncram_uqh2" for hierarchy "core_top:ic|ngpc_machine:machine|ngp_mainboard:mainboard|k2_soc:soc|k2_soc_fabric:fabric|cache_ram_dp:bios_col|altsyncram:u_ram|altsyncram_uqh2:auto_generated" File: f:/quartus/quartus/libraries/megafunctions/altsyncram.tdf Line: 791
Info (12021): Found 1 design units, including 1 entities, in source file db/decode_8la.tdf
    Info (12023): Found entity 1: decode_8la File: C:/FPGA/openfpga-NGPC/projects/db/decode_8la.tdf Line: 22
Info (12128): Elaborating entity "decode_8la" for hierarchy "core_top:ic|ngpc_machine:machine|ngp_mainboard:mainboard|k2_soc:soc|k2_soc_fabric:fabric|cache_ram_dp:bios_col|altsyncram:u_ram|altsyncram_uqh2:auto_generated|decode_8la:decode2" File: C:/FPGA/openfpga-NGPC/projects/db/altsyncram_uqh2.tdf Line: 48
Info (12021): Found 1 design units, including 1 entities, in source file db/decode_11a.tdf
    Info (12023): Found entity 1: decode_11a File: C:/FPGA/openfpga-NGPC/projects/db/decode_11a.tdf Line: 22
Info (12128): Elaborating entity "decode_11a" for hierarchy "core_top:ic|ngpc_machine:machine|ngp_mainboard:mainboard|k2_soc:soc|k2_soc_fabric:fabric|cache_ram_dp:bios_col|altsyncram:u_ram|altsyncram_uqh2:auto_generated|decode_11a:rden_decode_a" File: C:/FPGA/openfpga-NGPC/projects/db/altsyncram_uqh2.tdf Line: 50
Info (12021): Found 1 design units, including 1 entities, in source file db/mux_7hb.tdf
    Info (12023): Found entity 1: mux_7hb File: C:/FPGA/openfpga-NGPC/projects/db/mux_7hb.tdf Line: 22
Info (12128): Elaborating entity "mux_7hb" for hierarchy "core_top:ic|ngpc_machine:machine|ngp_mainboard:mainboard|k2_soc:soc|k2_soc_fabric:fabric|cache_ram_dp:bios_col|altsyncram:u_ram|altsyncram_uqh2:auto_generated|mux_7hb:mux4" File: C:/FPGA/openfpga-NGPC/projects/db/altsyncram_uqh2.tdf Line: 52
Info (12128): Elaborating entity "t900_mcu" for hierarchy "core_top:ic|ngpc_machine:machine|ngp_mainboard:mainboard|k2_soc:soc|t900_mcu:mcu" File: C:/FPGA/openfpga-NGPC/upstream/rtl/soc/k2_soc.sv Line: 826
Warning (10036): Verilog HDL or VHDL warning at t900_mcu.sv(194): object "wr_sio" assigned a value but never read File: C:/FPGA/openfpga-NGPC/upstream/rtl/soc/t900_mcu.sv Line: 194
Warning (10036): Verilog HDL or VHDL warning at t900_mcu.sv(203): object "rd_s_sio" assigned a value but never read File: C:/FPGA/openfpga-NGPC/upstream/rtl/soc/t900_mcu.sv Line: 203
Warning (10036): Verilog HDL or VHDL warning at t900_mcu.sv(274): object "ss_wr_sio" assigned a value but never read File: C:/FPGA/openfpga-NGPC/upstream/rtl/soc/t900_mcu.sv Line: 274
Warning (10036): Verilog HDL or VHDL warning at t900_mcu.sv(666): object "unused_ok" assigned a value but never read File: C:/FPGA/openfpga-NGPC/upstream/rtl/soc/t900_mcu.sv Line: 666
Info (12128): Elaborating entity "ngp_intc" for hierarchy "core_top:ic|ngpc_machine:machine|ngp_mainboard:mainboard|k2_soc:soc|t900_mcu:mcu|ngp_intc:u_intc" File: C:/FPGA/openfpga-NGPC/upstream/rtl/soc/t900_mcu.sv Line: 356
Warning (10230): Verilog HDL assignment warning at ngp_intc.sv(586): truncated value with size 32 to match size of target (5) File: C:/FPGA/openfpga-NGPC/upstream/rtl/soc/ngp_intc.sv Line: 586
Warning (10036): Verilog HDL or VHDL warning at ngp_intc.sv(694): object "unused_ok" assigned a value but never read File: C:/FPGA/openfpga-NGPC/upstream/rtl/soc/ngp_intc.sv Line: 694
Info (12128): Elaborating entity "ngp_t8" for hierarchy "core_top:ic|ngpc_machine:machine|ngp_mainboard:mainboard|k2_soc:soc|t900_mcu:mcu|ngp_t8:u_t8" File: C:/FPGA/openfpga-NGPC/upstream/rtl/soc/t900_mcu.sv Line: 397
Warning (10036): Verilog HDL or VHDL warning at ngp_t8.sv(467): object "unused_ok" assigned a value but never read File: C:/FPGA/openfpga-NGPC/upstream/rtl/soc/ngp_t8.sv Line: 467
Info (12128): Elaborating entity "ngp_t8_pair" for hierarchy "core_top:ic|ngpc_machine:machine|ngp_mainboard:mainboard|k2_soc:soc|t900_mcu:mcu|ngp_t8:u_t8|ngp_t8_pair:pair01" File: C:/FPGA/openfpga-NGPC/upstream/rtl/soc/ngp_t8.sv Line: 258
Info (12128): Elaborating entity "ngp_t16" for hierarchy "core_top:ic|ngpc_machine:machine|ngp_mainboard:mainboard|k2_soc:soc|t900_mcu:mcu|ngp_t16:u_t16" File: C:/FPGA/openfpga-NGPC/upstream/rtl/soc/t900_mcu.sv Line: 441
Warning (10036): Verilog HDL or VHDL warning at ngp_t16.sv(383): object "unused_ok" assigned a value but never read File: C:/FPGA/openfpga-NGPC/upstream/rtl/soc/ngp_t16.sv Line: 383
Info (12128): Elaborating entity "ngp_csc" for hierarchy "core_top:ic|ngpc_machine:machine|ngp_mainboard:mainboard|k2_soc:soc|t900_mcu:mcu|ngp_csc:u_csc" File: C:/FPGA/openfpga-NGPC/upstream/rtl/soc/t900_mcu.sv Line: 472
Warning (10036): Verilog HDL or VHDL warning at ngp_csc.sv(383): object "unused_ok" assigned a value but never read File: C:/FPGA/openfpga-NGPC/upstream/rtl/soc/ngp_csc.sv Line: 383
Info (12128): Elaborating entity "ngp_dramc" for hierarchy "core_top:ic|ngpc_machine:machine|ngp_mainboard:mainboard|k2_soc:soc|t900_mcu:mcu|ngp_csc:u_csc|ngp_dramc:dramc" File: C:/FPGA/openfpga-NGPC/upstream/rtl/soc/ngp_csc.sv Line: 372
Info (12128): Elaborating entity "ngp_adc" for hierarchy "core_top:ic|ngpc_machine:machine|ngp_mainboard:mainboard|k2_soc:soc|t900_mcu:mcu|ngp_adc:u_adc" File: C:/FPGA/openfpga-NGPC/upstream/rtl/soc/t900_mcu.sv Line: 580
Warning (10036): Verilog HDL or VHDL warning at ngp_adc.sv(137): object "unused_ok" assigned a value but never read File: C:/FPGA/openfpga-NGPC/upstream/rtl/soc/ngp_adc.sv Line: 137
Info (12128): Elaborating entity "ngp_wdt" for hierarchy "core_top:ic|ngpc_machine:machine|ngp_mainboard:mainboard|k2_soc:soc|t900_mcu:mcu|ngp_wdt:u_wdt" File: C:/FPGA/openfpga-NGPC/upstream/rtl/soc/t900_mcu.sv Line: 611
Warning (10036): Verilog HDL or VHDL warning at ngp_wdt.sv(110): object "unused_ok" assigned a value but never read File: C:/FPGA/openfpga-NGPC/upstream/rtl/soc/ngp_wdt.sv Line: 110
Info (12128): Elaborating entity "ngp_ports" for hierarchy "core_top:ic|ngpc_machine:machine|ngp_mainboard:mainboard|k2_soc:soc|t900_mcu:mcu|ngp_ports:u_ports" File: C:/FPGA/openfpga-NGPC/upstream/rtl/soc/t900_mcu.sv Line: 652
Warning (10036): Verilog HDL or VHDL warning at ngp_ports.sv(393): object "unused_ok" assigned a value but never read File: C:/FPGA/openfpga-NGPC/upstream/rtl/soc/ngp_ports.sv Line: 393
Info (12128): Elaborating entity "ngp_pg" for hierarchy "core_top:ic|ngpc_machine:machine|ngp_mainboard:mainboard|k2_soc:soc|t900_mcu:mcu|ngp_ports:u_ports|ngp_pg:pg0" File: C:/FPGA/openfpga-NGPC/upstream/rtl/soc/ngp_ports.sv Line: 371
Warning (10036): Verilog HDL or VHDL warning at ngp_ports.sv(473): object "unused_ok" assigned a value but never read File: C:/FPGA/openfpga-NGPC/upstream/rtl/soc/ngp_ports.sv Line: 473
Info (12128): Elaborating entity "ngp_sysreg" for hierarchy "core_top:ic|ngpc_machine:machine|ngp_mainboard:mainboard|k2_soc:soc|ngp_sysreg:sysreg" File: C:/FPGA/openfpga-NGPC/upstream/rtl/soc/k2_soc.sv Line: 869
Warning (10036): Verilog HDL or VHDL warning at ngp_sysreg.sv(250): object "unused_ok" assigned a value but never read File: C:/FPGA/openfpga-NGPC/upstream/rtl/soc/ngp_sysreg.sv Line: 250
Info (12128): Elaborating entity "ngp_power" for hierarchy "core_top:ic|ngpc_machine:machine|ngp_mainboard:mainboard|k2_soc:soc|ngp_power:power" File: C:/FPGA/openfpga-NGPC/upstream/rtl/soc/k2_soc.sv Line: 926
Warning (10036): Verilog HDL or VHDL warning at ngp_power.sv(306): object "unused_ok" assigned a value but never read File: C:/FPGA/openfpga-NGPC/upstream/rtl/soc/ngp_power.sv Line: 306
Info (12128): Elaborating entity "ngp_rtc" for hierarchy "core_top:ic|ngpc_machine:machine|ngp_mainboard:mainboard|k2_soc:soc|ngp_rtc:rtc" File: C:/FPGA/openfpga-NGPC/upstream/rtl/soc/k2_soc.sv Line: 950
Warning (10036): Verilog HDL or VHDL warning at ngp_rtc.sv(325): object "unused_ok" assigned a value but never read File: C:/FPGA/openfpga-NGPC/upstream/rtl/soc/ngp_rtc.sv Line: 325
Info (12128): Elaborating entity "k2ge" for hierarchy "core_top:ic|ngpc_machine:machine|ngp_mainboard:mainboard|k2_soc:soc|k2ge:gfx" File: C:/FPGA/openfpga-NGPC/upstream/rtl/soc/k2_soc.sv Line: 1008
Warning (10036): Verilog HDL or VHDL warning at k2ge.sv(841): object "unused_ok" assigned a value but never read File: C:/FPGA/openfpga-NGPC/upstream/rtl/video/k2ge.sv Line: 841
Info (12128): Elaborating entity "k2ge_vtimer" for hierarchy "core_top:ic|ngpc_machine:machine|ngp_mainboard:mainboard|k2_soc:soc|k2ge:gfx|k2ge_vtimer:u_vtimer" File: C:/FPGA/openfpga-NGPC/upstream/rtl/video/k2ge.sv Line: 370
Warning (10036): Verilog HDL or VHDL warning at k2ge_vtimer.sv(323): object "unused_ok" assigned a value but never read File: C:/FPGA/openfpga-NGPC/upstream/rtl/video/k2ge_vtimer.sv Line: 323
Info (12128): Elaborating entity "k2ge_mmr" for hierarchy "core_top:ic|ngpc_machine:machine|ngp_mainboard:mainboard|k2_soc:soc|k2ge:gfx|k2ge_mmr:u_mmr" File: C:/FPGA/openfpga-NGPC/upstream/rtl/video/k2ge.sv Line: 439
Warning (10036): Verilog HDL or VHDL warning at k2ge_mmr.sv(791): object "unused_ok" assigned a value but never read File: C:/FPGA/openfpga-NGPC/upstream/rtl/video/k2ge_mmr.sv Line: 791
Warning (10199): Verilog HDL Case Statement warning at k2ge_mmr.sv(717): case item expression never matches the case expression File: C:/FPGA/openfpga-NGPC/upstream/rtl/video/k2ge_mmr.sv Line: 717
Warning (10199): Verilog HDL Case Statement warning at k2ge_mmr.sv(719): case item expression never matches the case expression File: C:/FPGA/openfpga-NGPC/upstream/rtl/video/k2ge_mmr.sv Line: 719
Warning (10199): Verilog HDL Case Statement warning at k2ge_mmr.sv(722): case item expression never matches the case expression File: C:/FPGA/openfpga-NGPC/upstream/rtl/video/k2ge_mmr.sv Line: 722
Warning (10199): Verilog HDL Case Statement warning at k2ge_mmr.sv(726): case item expression never matches the case expression File: C:/FPGA/openfpga-NGPC/upstream/rtl/video/k2ge_mmr.sv Line: 726
Warning (10199): Verilog HDL Case Statement warning at k2ge_mmr.sv(729): case item expression never matches the case expression File: C:/FPGA/openfpga-NGPC/upstream/rtl/video/k2ge_mmr.sv Line: 729
Warning (10199): Verilog HDL Case Statement warning at k2ge_mmr.sv(731): case item expression never matches the case expression File: C:/FPGA/openfpga-NGPC/upstream/rtl/video/k2ge_mmr.sv Line: 731
Warning (10199): Verilog HDL Case Statement warning at k2ge_mmr.sv(715): case item expression never matches the case expression File: C:/FPGA/openfpga-NGPC/upstream/rtl/video/k2ge_mmr.sv Line: 715
Warning (10199): Verilog HDL Case Statement warning at k2ge_mmr.sv(716): case item expression never matches the case expression File: C:/FPGA/openfpga-NGPC/upstream/rtl/video/k2ge_mmr.sv Line: 716
Warning (10199): Verilog HDL Case Statement warning at k2ge_mmr.sv(718): case item expression never matches the case expression File: C:/FPGA/openfpga-NGPC/upstream/rtl/video/k2ge_mmr.sv Line: 718
Warning (10199): Verilog HDL Case Statement warning at k2ge_mmr.sv(720): case item expression never matches the case expression File: C:/FPGA/openfpga-NGPC/upstream/rtl/video/k2ge_mmr.sv Line: 720
Warning (10199): Verilog HDL Case Statement warning at k2ge_mmr.sv(721): case item expression never matches the case expression File: C:/FPGA/openfpga-NGPC/upstream/rtl/video/k2ge_mmr.sv Line: 721
Warning (10199): Verilog HDL Case Statement warning at k2ge_mmr.sv(723): case item expression never matches the case expression File: C:/FPGA/openfpga-NGPC/upstream/rtl/video/k2ge_mmr.sv Line: 723
Warning (10199): Verilog HDL Case Statement warning at k2ge_mmr.sv(724): case item expression never matches the case expression File: C:/FPGA/openfpga-NGPC/upstream/rtl/video/k2ge_mmr.sv Line: 724
Warning (10199): Verilog HDL Case Statement warning at k2ge_mmr.sv(725): case item expression never matches the case expression File: C:/FPGA/openfpga-NGPC/upstream/rtl/video/k2ge_mmr.sv Line: 725
Warning (10199): Verilog HDL Case Statement warning at k2ge_mmr.sv(727): case item expression never matches the case expression File: C:/FPGA/openfpga-NGPC/upstream/rtl/video/k2ge_mmr.sv Line: 727
Warning (10199): Verilog HDL Case Statement warning at k2ge_mmr.sv(728): case item expression never matches the case expression File: C:/FPGA/openfpga-NGPC/upstream/rtl/video/k2ge_mmr.sv Line: 728
Warning (10199): Verilog HDL Case Statement warning at k2ge_mmr.sv(730): case item expression never matches the case expression File: C:/FPGA/openfpga-NGPC/upstream/rtl/video/k2ge_mmr.sv Line: 730
Warning (10199): Verilog HDL Case Statement warning at k2ge_mmr.sv(732): case item expression never matches the case expression File: C:/FPGA/openfpga-NGPC/upstream/rtl/video/k2ge_mmr.sv Line: 732
Warning (10199): Verilog HDL Case Statement warning at k2ge_mmr.sv(733): case item expression never matches the case expression File: C:/FPGA/openfpga-NGPC/upstream/rtl/video/k2ge_mmr.sv Line: 733
Warning (10199): Verilog HDL Case Statement warning at k2ge_mmr.sv(734): case item expression never matches the case expression File: C:/FPGA/openfpga-NGPC/upstream/rtl/video/k2ge_mmr.sv Line: 734
Warning (10199): Verilog HDL Case Statement warning at k2ge_mmr.sv(735): case item expression never matches the case expression File: C:/FPGA/openfpga-NGPC/upstream/rtl/video/k2ge_mmr.sv Line: 735
Warning (10199): Verilog HDL Case Statement warning at k2ge_mmr.sv(736): case item expression never matches the case expression File: C:/FPGA/openfpga-NGPC/upstream/rtl/video/k2ge_mmr.sv Line: 736
Warning (10199): Verilog HDL Case Statement warning at k2ge_mmr.sv(738): case item expression never matches the case expression File: C:/FPGA/openfpga-NGPC/upstream/rtl/video/k2ge_mmr.sv Line: 738
Warning (10199): Verilog HDL Case Statement warning at k2ge_mmr.sv(739): case item expression never matches the case expression File: C:/FPGA/openfpga-NGPC/upstream/rtl/video/k2ge_mmr.sv Line: 739
Warning (10199): Verilog HDL Case Statement warning at k2ge_mmr.sv(740): case item expression never matches the case expression File: C:/FPGA/openfpga-NGPC/upstream/rtl/video/k2ge_mmr.sv Line: 740
Warning (10199): Verilog HDL Case Statement warning at k2ge_mmr.sv(741): case item expression never matches the case expression File: C:/FPGA/openfpga-NGPC/upstream/rtl/video/k2ge_mmr.sv Line: 741
Info (12128): Elaborating entity "k2ge_vram" for hierarchy "core_top:ic|ngpc_machine:machine|ngp_mainboard:mainboard|k2_soc:soc|k2ge:gfx|k2ge_vram:u_vram" File: C:/FPGA/openfpga-NGPC/upstream/rtl/video/k2ge.sv Line: 553
Warning (10036): Verilog HDL or VHDL warning at k2ge_vram.sv(814): object "unused_ok" assigned a value but never read File: C:/FPGA/openfpga-NGPC/upstream/rtl/video/k2ge_vram.sv Line: 814
Info (12128): Elaborating entity "cache_ram_dp_be" for hierarchy "core_top:ic|ngpc_machine:machine|ngp_mainboard:mainboard|k2_soc:soc|k2ge:gfx|k2ge_vram:u_vram|cache_ram_dp_be:u_scr1" File: C:/FPGA/openfpga-NGPC/upstream/rtl/video/k2ge_vram.sv Line: 359
Info (12128): Elaborating entity "altsyncram" for hierarchy "core_top:ic|ngpc_machine:machine|ngp_mainboard:mainboard|k2_soc:soc|k2ge:gfx|k2ge_vram:u_vram|cache_ram_dp_be:u_scr1|altsyncram:u_ram" File: C:/FPGA/openfpga-NGPC/upstream/rtl/mem/cache_ram_be.sv Line: 78
Info (12130): Elaborated megafunction instantiation "core_top:ic|ngpc_machine:machine|ngp_mainboard:mainboard|k2_soc:soc|k2ge:gfx|k2ge_vram:u_vram|cache_ram_dp_be:u_scr1|altsyncram:u_ram" File: C:/FPGA/openfpga-NGPC/upstream/rtl/mem/cache_ram_be.sv Line: 78
Info (12133): Instantiated megafunction "core_top:ic|ngpc_machine:machine|ngp_mainboard:mainboard|k2_soc:soc|k2ge:gfx|k2ge_vram:u_vram|cache_ram_dp_be:u_scr1|altsyncram:u_ram" with the following parameter: File: C:/FPGA/openfpga-NGPC/upstream/rtl/mem/cache_ram_be.sv Line: 78
    Info (12134): Parameter "address_reg_b" = "CLOCK0"
    Info (12134): Parameter "byte_size" = "8"
    Info (12134): Parameter "byteena_reg_b" = "CLOCK0"
    Info (12134): Parameter "clock_enable_output_a" = "BYPASS"
    Info (12134): Parameter "clock_enable_output_b" = "BYPASS"
    Info (12134): Parameter "indata_reg_b" = "CLOCK0"
    Info (12134): Parameter "init_file" = " "
    Info (12134): Parameter "intended_device_family" = "Cyclone V"
    Info (12134): Parameter "lpm_hint" = "ENABLE_RUNTIME_MOD=NO"
    Info (12134): Parameter "lpm_type" = "altsyncram"
    Info (12134): Parameter "numwords_a" = "1024"
    Info (12134): Parameter "numwords_b" = "1024"
    Info (12134): Parameter "operation_mode" = "BIDIR_DUAL_PORT"
    Info (12134): Parameter "outdata_aclr_a" = "NONE"
    Info (12134): Parameter "outdata_aclr_b" = "NONE"
    Info (12134): Parameter "outdata_reg_a" = "UNREGISTERED"
    Info (12134): Parameter "outdata_reg_b" = "UNREGISTERED"
    Info (12134): Parameter "power_up_uninitialized" = "FALSE"
    Info (12134): Parameter "ram_block_type" = "M10K"
    Info (12134): Parameter "read_during_write_mode_port_a" = "NEW_DATA_NO_NBE_READ"
    Info (12134): Parameter "read_during_write_mode_port_b" = "NEW_DATA_NO_NBE_READ"
    Info (12134): Parameter "width_a" = "16"
    Info (12134): Parameter "width_b" = "16"
    Info (12134): Parameter "width_byteena_a" = "2"
    Info (12134): Parameter "width_byteena_b" = "2"
    Info (12134): Parameter "widthad_a" = "10"
    Info (12134): Parameter "widthad_b" = "10"
    Info (12134): Parameter "wrcontrol_wraddress_reg_b" = "CLOCK0"
Info (12021): Found 1 design units, including 1 entities, in source file db/altsyncram_7nm2.tdf
    Info (12023): Found entity 1: altsyncram_7nm2 File: C:/FPGA/openfpga-NGPC/projects/db/altsyncram_7nm2.tdf Line: 27
Info (12128): Elaborating entity "altsyncram_7nm2" for hierarchy "core_top:ic|ngpc_machine:machine|ngp_mainboard:mainboard|k2_soc:soc|k2ge:gfx|k2ge_vram:u_vram|cache_ram_dp_be:u_scr1|altsyncram:u_ram|altsyncram_7nm2:auto_generated" File: f:/quartus/quartus/libraries/megafunctions/altsyncram.tdf Line: 791
Info (12128): Elaborating entity "cache_ram_dp_be" for hierarchy "core_top:ic|ngpc_machine:machine|ngp_mainboard:mainboard|k2_soc:soc|k2ge:gfx|k2ge_vram:u_vram|cache_ram_dp_be:u_oam" File: C:/FPGA/openfpga-NGPC/upstream/rtl/video/k2ge_vram.sv Line: 397
Info (12128): Elaborating entity "altsyncram" for hierarchy "core_top:ic|ngpc_machine:machine|ngp_mainboard:mainboard|k2_soc:soc|k2ge:gfx|k2ge_vram:u_vram|cache_ram_dp_be:u_oam|altsyncram:u_ram" File: C:/FPGA/openfpga-NGPC/upstream/rtl/mem/cache_ram_be.sv Line: 78
Info (12130): Elaborated megafunction instantiation "core_top:ic|ngpc_machine:machine|ngp_mainboard:mainboard|k2_soc:soc|k2ge:gfx|k2ge_vram:u_vram|cache_ram_dp_be:u_oam|altsyncram:u_ram" File: C:/FPGA/openfpga-NGPC/upstream/rtl/mem/cache_ram_be.sv Line: 78
Info (12133): Instantiated megafunction "core_top:ic|ngpc_machine:machine|ngp_mainboard:mainboard|k2_soc:soc|k2ge:gfx|k2ge_vram:u_vram|cache_ram_dp_be:u_oam|altsyncram:u_ram" with the following parameter: File: C:/FPGA/openfpga-NGPC/upstream/rtl/mem/cache_ram_be.sv Line: 78
    Info (12134): Parameter "address_reg_b" = "CLOCK0"
    Info (12134): Parameter "byte_size" = "8"
    Info (12134): Parameter "byteena_reg_b" = "CLOCK0"
    Info (12134): Parameter "clock_enable_output_a" = "BYPASS"
    Info (12134): Parameter "clock_enable_output_b" = "BYPASS"
    Info (12134): Parameter "indata_reg_b" = "CLOCK0"
    Info (12134): Parameter "init_file" = " "
    Info (12134): Parameter "intended_device_family" = "Cyclone V"
    Info (12134): Parameter "lpm_hint" = "ENABLE_RUNTIME_MOD=NO"
    Info (12134): Parameter "lpm_type" = "altsyncram"
    Info (12134): Parameter "numwords_a" = "128"
    Info (12134): Parameter "numwords_b" = "128"
    Info (12134): Parameter "operation_mode" = "BIDIR_DUAL_PORT"
    Info (12134): Parameter "outdata_aclr_a" = "NONE"
    Info (12134): Parameter "outdata_aclr_b" = "NONE"
    Info (12134): Parameter "outdata_reg_a" = "UNREGISTERED"
    Info (12134): Parameter "outdata_reg_b" = "UNREGISTERED"
    Info (12134): Parameter "power_up_uninitialized" = "FALSE"
    Info (12134): Parameter "ram_block_type" = "M10K"
    Info (12134): Parameter "read_during_write_mode_port_a" = "NEW_DATA_NO_NBE_READ"
    Info (12134): Parameter "read_during_write_mode_port_b" = "NEW_DATA_NO_NBE_READ"
    Info (12134): Parameter "width_a" = "16"
    Info (12134): Parameter "width_b" = "16"
    Info (12134): Parameter "width_byteena_a" = "2"
    Info (12134): Parameter "width_byteena_b" = "2"
    Info (12134): Parameter "widthad_a" = "7"
    Info (12134): Parameter "widthad_b" = "7"
    Info (12134): Parameter "wrcontrol_wraddress_reg_b" = "CLOCK0"
Info (12021): Found 1 design units, including 1 entities, in source file db/altsyncram_rhm2.tdf
    Info (12023): Found entity 1: altsyncram_rhm2 File: C:/FPGA/openfpga-NGPC/projects/db/altsyncram_rhm2.tdf Line: 27
Info (12128): Elaborating entity "altsyncram_rhm2" for hierarchy "core_top:ic|ngpc_machine:machine|ngp_mainboard:mainboard|k2_soc:soc|k2ge:gfx|k2ge_vram:u_vram|cache_ram_dp_be:u_oam|altsyncram:u_ram|altsyncram_rhm2:auto_generated" File: f:/quartus/quartus/libraries/megafunctions/altsyncram.tdf Line: 791
Info (12128): Elaborating entity "cache_ram_dp_be" for hierarchy "core_top:ic|ngpc_machine:machine|ngp_mainboard:mainboard|k2_soc:soc|k2ge:gfx|k2ge_vram:u_vram|cache_ram_dp_be:u_pal" File: C:/FPGA/openfpga-NGPC/upstream/rtl/video/k2ge_vram.sv Line: 536
Info (12128): Elaborating entity "altsyncram" for hierarchy "core_top:ic|ngpc_machine:machine|ngp_mainboard:mainboard|k2_soc:soc|k2ge:gfx|k2ge_vram:u_vram|cache_ram_dp_be:u_pal|altsyncram:u_ram" File: C:/FPGA/openfpga-NGPC/upstream/rtl/mem/cache_ram_be.sv Line: 78
Info (12130): Elaborated megafunction instantiation "core_top:ic|ngpc_machine:machine|ngp_mainboard:mainboard|k2_soc:soc|k2ge:gfx|k2ge_vram:u_vram|cache_ram_dp_be:u_pal|altsyncram:u_ram" File: C:/FPGA/openfpga-NGPC/upstream/rtl/mem/cache_ram_be.sv Line: 78
Info (12133): Instantiated megafunction "core_top:ic|ngpc_machine:machine|ngp_mainboard:mainboard|k2_soc:soc|k2ge:gfx|k2ge_vram:u_vram|cache_ram_dp_be:u_pal|altsyncram:u_ram" with the following parameter: File: C:/FPGA/openfpga-NGPC/upstream/rtl/mem/cache_ram_be.sv Line: 78
    Info (12134): Parameter "address_reg_b" = "CLOCK0"
    Info (12134): Parameter "byte_size" = "8"
    Info (12134): Parameter "byteena_reg_b" = "CLOCK0"
    Info (12134): Parameter "clock_enable_output_a" = "BYPASS"
    Info (12134): Parameter "clock_enable_output_b" = "BYPASS"
    Info (12134): Parameter "indata_reg_b" = "CLOCK0"
    Info (12134): Parameter "init_file" = " "
    Info (12134): Parameter "intended_device_family" = "Cyclone V"
    Info (12134): Parameter "lpm_hint" = "ENABLE_RUNTIME_MOD=NO"
    Info (12134): Parameter "lpm_type" = "altsyncram"
    Info (12134): Parameter "numwords_a" = "256"
    Info (12134): Parameter "numwords_b" = "256"
    Info (12134): Parameter "operation_mode" = "BIDIR_DUAL_PORT"
    Info (12134): Parameter "outdata_aclr_a" = "NONE"
    Info (12134): Parameter "outdata_aclr_b" = "NONE"
    Info (12134): Parameter "outdata_reg_a" = "UNREGISTERED"
    Info (12134): Parameter "outdata_reg_b" = "UNREGISTERED"
    Info (12134): Parameter "power_up_uninitialized" = "FALSE"
    Info (12134): Parameter "ram_block_type" = "M10K"
    Info (12134): Parameter "read_during_write_mode_port_a" = "NEW_DATA_NO_NBE_READ"
    Info (12134): Parameter "read_during_write_mode_port_b" = "NEW_DATA_NO_NBE_READ"
    Info (12134): Parameter "width_a" = "16"
    Info (12134): Parameter "width_b" = "16"
    Info (12134): Parameter "width_byteena_a" = "2"
    Info (12134): Parameter "width_byteena_b" = "2"
    Info (12134): Parameter "widthad_a" = "8"
    Info (12134): Parameter "widthad_b" = "8"
    Info (12134): Parameter "wrcontrol_wraddress_reg_b" = "CLOCK0"
Info (12021): Found 1 design units, including 1 entities, in source file db/altsyncram_1im2.tdf
    Info (12023): Found entity 1: altsyncram_1im2 File: C:/FPGA/openfpga-NGPC/projects/db/altsyncram_1im2.tdf Line: 27
Info (12128): Elaborating entity "altsyncram_1im2" for hierarchy "core_top:ic|ngpc_machine:machine|ngp_mainboard:mainboard|k2_soc:soc|k2ge:gfx|k2ge_vram:u_vram|cache_ram_dp_be:u_pal|altsyncram:u_ram|altsyncram_1im2:auto_generated" File: f:/quartus/quartus/libraries/megafunctions/altsyncram.tdf Line: 791
Info (12128): Elaborating entity "k2ge_scroll" for hierarchy "core_top:ic|ngpc_machine:machine|ngp_mainboard:mainboard|k2_soc:soc|k2ge:gfx|k2ge_scroll:u_scr1" File: C:/FPGA/openfpga-NGPC/upstream/rtl/video/k2ge.sv Line: 597
Warning (10036): Verilog HDL or VHDL warning at k2ge_scroll.sv(350): object "unused_ok" assigned a value but never read File: C:/FPGA/openfpga-NGPC/upstream/rtl/video/k2ge_scroll.sv Line: 350
Info (12128): Elaborating entity "k2ge_obj" for hierarchy "core_top:ic|ngpc_machine:machine|ngp_mainboard:mainboard|k2_soc:soc|k2ge:gfx|k2ge_obj:u_obj" File: C:/FPGA/openfpga-NGPC/upstream/rtl/video/k2ge.sv Line: 686
Warning (10036): Verilog HDL or VHDL warning at k2ge_obj.sv(452): object "unused_ok" assigned a value but never read File: C:/FPGA/openfpga-NGPC/upstream/rtl/video/k2ge_obj.sv Line: 452
Info (10264): Verilog HDL Case Statement information at k2ge_obj.sv(243): all case item expressions in this case statement are onehot File: C:/FPGA/openfpga-NGPC/upstream/rtl/video/k2ge_obj.sv Line: 243
Info (12128): Elaborating entity "k2ge_linebuf" for hierarchy "core_top:ic|ngpc_machine:machine|ngp_mainboard:mainboard|k2_soc:soc|k2ge:gfx|k2ge_linebuf:u_lbuf" File: C:/FPGA/openfpga-NGPC/upstream/rtl/video/k2ge.sv Line: 735
Warning (10036): Verilog HDL or VHDL warning at k2ge_linebuf.sv(435): object "unused_ok" assigned a value but never read File: C:/FPGA/openfpga-NGPC/upstream/rtl/video/k2ge_linebuf.sv Line: 435
Info (10264): Verilog HDL Case Statement information at k2ge_linebuf.sv(209): all case item expressions in this case statement are onehot File: C:/FPGA/openfpga-NGPC/upstream/rtl/video/k2ge_linebuf.sv Line: 209
Info (10264): Verilog HDL Case Statement information at k2ge_linebuf.sv(245): all case item expressions in this case statement are onehot File: C:/FPGA/openfpga-NGPC/upstream/rtl/video/k2ge_linebuf.sv Line: 245
Info (12128): Elaborating entity "cache_ram_dp_be" for hierarchy "core_top:ic|ngpc_machine:machine|ngp_mainboard:mainboard|k2_soc:soc|k2ge:gfx|k2ge_linebuf:u_lbuf|cache_ram_dp_be:u_lbuf" File: C:/FPGA/openfpga-NGPC/upstream/rtl/video/k2ge_linebuf.sv Line: 348
Info (12128): Elaborating entity "altsyncram" for hierarchy "core_top:ic|ngpc_machine:machine|ngp_mainboard:mainboard|k2_soc:soc|k2ge:gfx|k2ge_linebuf:u_lbuf|cache_ram_dp_be:u_lbuf|altsyncram:u_ram" File: C:/FPGA/openfpga-NGPC/upstream/rtl/mem/cache_ram_be.sv Line: 78
Info (12130): Elaborated megafunction instantiation "core_top:ic|ngpc_machine:machine|ngp_mainboard:mainboard|k2_soc:soc|k2ge:gfx|k2ge_linebuf:u_lbuf|cache_ram_dp_be:u_lbuf|altsyncram:u_ram" File: C:/FPGA/openfpga-NGPC/upstream/rtl/mem/cache_ram_be.sv Line: 78
Info (12133): Instantiated megafunction "core_top:ic|ngpc_machine:machine|ngp_mainboard:mainboard|k2_soc:soc|k2ge:gfx|k2ge_linebuf:u_lbuf|cache_ram_dp_be:u_lbuf|altsyncram:u_ram" with the following parameter: File: C:/FPGA/openfpga-NGPC/upstream/rtl/mem/cache_ram_be.sv Line: 78
    Info (12134): Parameter "address_reg_b" = "CLOCK0"
    Info (12134): Parameter "byte_size" = "8"
    Info (12134): Parameter "byteena_reg_b" = "CLOCK0"
    Info (12134): Parameter "clock_enable_output_a" = "BYPASS"
    Info (12134): Parameter "clock_enable_output_b" = "BYPASS"
    Info (12134): Parameter "indata_reg_b" = "CLOCK0"
    Info (12134): Parameter "init_file" = " "
    Info (12134): Parameter "intended_device_family" = "Cyclone V"
    Info (12134): Parameter "lpm_hint" = "ENABLE_RUNTIME_MOD=NO"
    Info (12134): Parameter "lpm_type" = "altsyncram"
    Info (12134): Parameter "numwords_a" = "512"
    Info (12134): Parameter "numwords_b" = "512"
    Info (12134): Parameter "operation_mode" = "BIDIR_DUAL_PORT"
    Info (12134): Parameter "outdata_aclr_a" = "NONE"
    Info (12134): Parameter "outdata_aclr_b" = "NONE"
    Info (12134): Parameter "outdata_reg_a" = "UNREGISTERED"
    Info (12134): Parameter "outdata_reg_b" = "UNREGISTERED"
    Info (12134): Parameter "power_up_uninitialized" = "FALSE"
    Info (12134): Parameter "ram_block_type" = "M10K"
    Info (12134): Parameter "read_during_write_mode_port_a" = "NEW_DATA_NO_NBE_READ"
    Info (12134): Parameter "read_during_write_mode_port_b" = "NEW_DATA_NO_NBE_READ"
    Info (12134): Parameter "width_a" = "16"
    Info (12134): Parameter "width_b" = "16"
    Info (12134): Parameter "width_byteena_a" = "2"
    Info (12134): Parameter "width_byteena_b" = "2"
    Info (12134): Parameter "widthad_a" = "9"
    Info (12134): Parameter "widthad_b" = "9"
    Info (12134): Parameter "wrcontrol_wraddress_reg_b" = "CLOCK0"
Info (12021): Found 1 design units, including 1 entities, in source file db/altsyncram_phm2.tdf
    Info (12023): Found entity 1: altsyncram_phm2 File: C:/FPGA/openfpga-NGPC/projects/db/altsyncram_phm2.tdf Line: 27
Info (12128): Elaborating entity "altsyncram_phm2" for hierarchy "core_top:ic|ngpc_machine:machine|ngp_mainboard:mainboard|k2_soc:soc|k2ge:gfx|k2ge_linebuf:u_lbuf|cache_ram_dp_be:u_lbuf|altsyncram:u_ram|altsyncram_phm2:auto_generated" File: f:/quartus/quartus/libraries/megafunctions/altsyncram.tdf Line: 791
Info (12128): Elaborating entity "k2ge_scanout" for hierarchy "core_top:ic|ngpc_machine:machine|ngp_mainboard:mainboard|k2_soc:soc|k2ge:gfx|k2ge_scanout:u_scanout" File: C:/FPGA/openfpga-NGPC/upstream/rtl/video/k2ge.sv Line: 787
Warning (10036): Verilog HDL or VHDL warning at k2ge_scanout.sv(581): object "unused_ok" assigned a value but never read File: C:/FPGA/openfpga-NGPC/upstream/rtl/video/k2ge_scanout.sv Line: 581
Info (12128): Elaborating entity "k2ge_palette" for hierarchy "core_top:ic|ngpc_machine:machine|ngp_mainboard:mainboard|k2_soc:soc|k2ge:gfx|k2ge_palette:u_pal_lut" File: C:/FPGA/openfpga-NGPC/upstream/rtl/video/k2ge.sv Line: 821
Warning (10036): Verilog HDL or VHDL warning at k2ge_palette.sv(366): object "unused_ok" assigned a value but never read File: C:/FPGA/openfpga-NGPC/upstream/rtl/video/k2ge_palette.sv Line: 366
Info (10264): Verilog HDL Case Statement information at k2ge_palette.sv(194): all case item expressions in this case statement are onehot File: C:/FPGA/openfpga-NGPC/upstream/rtl/video/k2ge_palette.sv Line: 194
Info (10264): Verilog HDL Case Statement information at k2ge_palette.sv(209): all case item expressions in this case statement are onehot File: C:/FPGA/openfpga-NGPC/upstream/rtl/video/k2ge_palette.sv Line: 209
Info (12128): Elaborating entity "ngp_snd" for hierarchy "core_top:ic|ngpc_machine:machine|ngp_mainboard:mainboard|k2_soc:soc|ngp_snd:snd" File: C:/FPGA/openfpga-NGPC/upstream/rtl/soc/k2_soc.sv Line: 1093
Warning (10036): Verilog HDL or VHDL warning at ngp_snd.sv(563): object "unused_ok" assigned a value but never read File: C:/FPGA/openfpga-NGPC/upstream/rtl/snd/ngp_snd.sv Line: 563
Info (12128): Elaborating entity "ngp_z80" for hierarchy "core_top:ic|ngpc_machine:machine|ngp_mainboard:mainboard|k2_soc:soc|ngp_snd:snd|ngp_z80:u_z80" File: C:/FPGA/openfpga-NGPC/upstream/rtl/snd/ngp_snd.sv Line: 264
Warning (10036): Verilog HDL or VHDL warning at ngp_z80.sv(78): object "unused_ok" assigned a value but never read File: C:/FPGA/openfpga-NGPC/upstream/rtl/snd/z80/ngp_z80.sv Line: 78
Info (12128): Elaborating entity "tv80_core" for hierarchy "core_top:ic|ngpc_machine:machine|ngp_mainboard:mainboard|k2_soc:soc|ngp_snd:snd|ngp_z80:u_z80|tv80_core:u_core" File: C:/FPGA/openfpga-NGPC/upstream/rtl/snd/z80/ngp_z80.sv Line: 130
Warning (10230): Verilog HDL assignment warning at tv80_core.v(471): truncated value with size 32 to match size of target (7) File: C:/FPGA/openfpga-NGPC/upstream/rtl/snd/z80/tv80/tv80_core.v Line: 471
Warning (10230): Verilog HDL assignment warning at tv80_core.v(640): truncated value with size 32 to match size of target (16) File: C:/FPGA/openfpga-NGPC/upstream/rtl/snd/z80/tv80/tv80_core.v Line: 640
Warning (10230): Verilog HDL assignment warning at tv80_core.v(1450): truncated value with size 32 to match size of target (16) File: C:/FPGA/openfpga-NGPC/upstream/rtl/snd/z80/tv80/tv80_core.v Line: 1450
Warning (10230): Verilog HDL assignment warning at tv80_core.v(1468): truncated value with size 32 to match size of target (16) File: C:/FPGA/openfpga-NGPC/upstream/rtl/snd/z80/tv80/tv80_core.v Line: 1468
Warning (10230): Verilog HDL assignment warning at tv80_core.v(1474): truncated value with size 32 to match size of target (16) File: C:/FPGA/openfpga-NGPC/upstream/rtl/snd/z80/tv80/tv80_core.v Line: 1474
Info (12128): Elaborating entity "tv80_mcode" for hierarchy "core_top:ic|ngpc_machine:machine|ngp_mainboard:mainboard|k2_soc:soc|ngp_snd:snd|ngp_z80:u_z80|tv80_core:u_core|tv80_mcode:i_mcode" File: C:/FPGA/openfpga-NGPC/upstream/rtl/snd/z80/tv80/tv80_core.v Line: 299
Info (12128): Elaborating entity "tv80_alu" for hierarchy "core_top:ic|ngpc_machine:machine|ngp_mainboard:mainboard|k2_soc:soc|ngp_snd:snd|ngp_z80:u_z80|tv80_core:u_core|tv80_alu:i_alu" File: C:/FPGA/openfpga-NGPC/upstream/rtl/snd/z80/tv80/tv80_core.v Line: 313
Warning (10230): Verilog HDL assignment warning at tv80_alu.v(243): truncated value with size 32 to match size of target (9) File: C:/FPGA/openfpga-NGPC/upstream/rtl/snd/z80/tv80/tv80_alu.v Line: 243
Warning (10230): Verilog HDL assignment warning at tv80_alu.v(249): truncated value with size 32 to match size of target (9) File: C:/FPGA/openfpga-NGPC/upstream/rtl/snd/z80/tv80/tv80_alu.v Line: 249
Warning (10230): Verilog HDL assignment warning at tv80_alu.v(261): truncated value with size 32 to match size of target (8) File: C:/FPGA/openfpga-NGPC/upstream/rtl/snd/z80/tv80/tv80_alu.v Line: 261
Warning (10230): Verilog HDL assignment warning at tv80_alu.v(265): truncated value with size 32 to match size of target (9) File: C:/FPGA/openfpga-NGPC/upstream/rtl/snd/z80/tv80/tv80_alu.v Line: 265
Info (12128): Elaborating entity "tv80_reg" for hierarchy "core_top:ic|ngpc_machine:machine|ngp_mainboard:mainboard|k2_soc:soc|ngp_snd:snd|ngp_z80:u_z80|tv80_core:u_core|tv80_reg:i_reg" File: C:/FPGA/openfpga-NGPC/upstream/rtl/snd/z80/tv80/tv80_core.v Line: 1130
Info (12128): Elaborating entity "t6w28" for hierarchy "core_top:ic|ngpc_machine:machine|ngp_mainboard:mainboard|k2_soc:soc|ngp_snd:snd|t6w28:u_psg" File: C:/FPGA/openfpga-NGPC/upstream/rtl/snd/ngp_snd.sv Line: 494
Warning (10036): Verilog HDL or VHDL warning at t6w28.sv(509): object "unused_ok" assigned a value but never read File: C:/FPGA/openfpga-NGPC/upstream/rtl/snd/t6w28.sv Line: 509
Info (12128): Elaborating entity "ngp_mixer" for hierarchy "core_top:ic|ngpc_machine:machine|ngp_mainboard:mainboard|k2_soc:soc|ngp_snd:snd|ngp_mixer:u_mix" File: C:/FPGA/openfpga-NGPC/upstream/rtl/snd/ngp_snd.sv Line: 532
Warning (10036): Verilog HDL or VHDL warning at ngp_mixer.sv(89): object "unused_ss_ok" assigned a value but never read File: C:/FPGA/openfpga-NGPC/upstream/rtl/snd/ngp_mixer.sv Line: 89
Info (12128): Elaborating entity "ngp_cart" for hierarchy "core_top:ic|ngpc_machine:machine|ngp_mainboard:mainboard|ngp_cart:cart" File: C:/FPGA/openfpga-NGPC/upstream/rtl/soc/ngp_mainboard.sv Line: 443
Info (12128): Elaborating entity "flash_die" for hierarchy "core_top:ic|ngpc_machine:machine|ngp_mainboard:mainboard|ngp_cart:cart|flash_die:die0" File: C:/FPGA/openfpga-NGPC/upstream/rtl/cart/ngp_cart.sv Line: 293
Info (10264): Verilog HDL Case Statement information at flash_die.sv(390): all case item expressions in this case statement are onehot File: C:/FPGA/openfpga-NGPC/upstream/rtl/cart/flash_die.sv Line: 390
Info (12128): Elaborating entity "flash_die" for hierarchy "core_top:ic|ngpc_machine:machine|ngp_mainboard:mainboard|ngp_cart:cart|flash_die:die1" File: C:/FPGA/openfpga-NGPC/upstream/rtl/cart/ngp_cart.sv Line: 341
Info (10264): Verilog HDL Case Statement information at flash_die.sv(390): all case item expressions in this case statement are onehot File: C:/FPGA/openfpga-NGPC/upstream/rtl/cart/flash_die.sv Line: 390
Info (12128): Elaborating entity "ngpc_pocket_video" for hierarchy "core_top:ic|ngpc_machine:machine|ngp_mainboard:mainboard|ngpc_pocket_video:lcd" File: C:/FPGA/openfpga-NGPC/upstream/rtl/soc/ngp_mainboard.sv Line: 528
Warning (10036): Verilog HDL or VHDL warning at ngpc_pocket_video.sv(128): object "unused_ok" assigned a value but never read File: C:/FPGA/openfpga-NGPC/target/pocket/ngpc_pocket_video.sv Line: 128
Info (12128): Elaborating entity "sound_i2s" for hierarchy "core_top:ic|sound_i2s:sound" File: C:/FPGA/openfpga-NGPC/target/pocket/core_top.v Line: 1049
Warning (10230): Verilog HDL assignment warning at sound_i2s.sv(49): truncated value with size 32 to match size of target (21) File: C:/FPGA/openfpga-NGPC/target/pocket/sound_i2s.sv Line: 49
Info (12128): Elaborating entity "sync_fifo" for hierarchy "core_top:ic|sound_i2s:sound|sync_fifo:sync_fifo" File: C:/FPGA/openfpga-NGPC/target/pocket/sound_i2s.sv Line: 111
Info (10264): Verilog HDL Case Statement information at sync_fifo.sv(81): all case item expressions in this case statement are onehot File: C:/FPGA/openfpga-NGPC/target/pocket/sync_fifo.sv Line: 81
Info (12128): Elaborating entity "dcfifo" for hierarchy "core_top:ic|sound_i2s:sound|sync_fifo:sync_fifo|dcfifo:dcfifo_component" File: C:/FPGA/openfpga-NGPC/target/pocket/sync_fifo.sv Line: 59
Info (12130): Elaborated megafunction instantiation "core_top:ic|sound_i2s:sound|sync_fifo:sync_fifo|dcfifo:dcfifo_component" File: C:/FPGA/openfpga-NGPC/target/pocket/sync_fifo.sv Line: 59
Info (12133): Instantiated megafunction "core_top:ic|sound_i2s:sound|sync_fifo:sync_fifo|dcfifo:dcfifo_component" with the following parameter: File: C:/FPGA/openfpga-NGPC/target/pocket/sync_fifo.sv Line: 59
    Info (12134): Parameter "intended_device_family" = "Cyclone V"
    Info (12134): Parameter "lpm_numwords" = "4"
    Info (12134): Parameter "lpm_showahead" = "OFF"
    Info (12134): Parameter "lpm_type" = "dcfifo"
    Info (12134): Parameter "lpm_width" = "32"
    Info (12134): Parameter "lpm_widthu" = "2"
    Info (12134): Parameter "overflow_checking" = "ON"
    Info (12134): Parameter "rdsync_delaypipe" = "5"
    Info (12134): Parameter "underflow_checking" = "ON"
    Info (12134): Parameter "use_eab" = "ON"
    Info (12134): Parameter "wrsync_delaypipe" = "5"
Info (12021): Found 1 design units, including 1 entities, in source file db/dcfifo_vqk1.tdf
    Info (12023): Found entity 1: dcfifo_vqk1 File: C:/FPGA/openfpga-NGPC/projects/db/dcfifo_vqk1.tdf Line: 40
Info (12128): Elaborating entity "dcfifo_vqk1" for hierarchy "core_top:ic|sound_i2s:sound|sync_fifo:sync_fifo|dcfifo:dcfifo_component|dcfifo_vqk1:auto_generated" File: f:/quartus/quartus/libraries/megafunctions/dcfifo.tdf Line: 190
Info (12021): Found 1 design units, including 1 entities, in source file db/altsyncram_2ia1.tdf
    Info (12023): Found entity 1: altsyncram_2ia1 File: C:/FPGA/openfpga-NGPC/projects/db/altsyncram_2ia1.tdf Line: 27
Info (12128): Elaborating entity "altsyncram_2ia1" for hierarchy "core_top:ic|sound_i2s:sound|sync_fifo:sync_fifo|dcfifo:dcfifo_component|dcfifo_vqk1:auto_generated|altsyncram_2ia1:fifo_ram" File: C:/FPGA/openfpga-NGPC/projects/db/dcfifo_vqk1.tdf Line: 53
Info (12021): Found 1 design units, including 1 entities, in source file db/alt_synch_pipe_e9l.tdf
    Info (12023): Found entity 1: alt_synch_pipe_e9l File: C:/FPGA/openfpga-NGPC/projects/db/alt_synch_pipe_e9l.tdf Line: 26
Info (12128): Elaborating entity "alt_synch_pipe_e9l" for hierarchy "core_top:ic|sound_i2s:sound|sync_fifo:sync_fifo|dcfifo:dcfifo_component|dcfifo_vqk1:auto_generated|alt_synch_pipe_e9l:rs_dgwp" File: C:/FPGA/openfpga-NGPC/projects/db/dcfifo_vqk1.tdf Line: 72
Info (12021): Found 1 design units, including 1 entities, in source file db/dffpipe_vu8.tdf
    Info (12023): Found entity 1: dffpipe_vu8 File: C:/FPGA/openfpga-NGPC/projects/db/dffpipe_vu8.tdf Line: 24
Info (12128): Elaborating entity "dffpipe_vu8" for hierarchy "core_top:ic|sound_i2s:sound|sync_fifo:sync_fifo|dcfifo:dcfifo_component|dcfifo_vqk1:auto_generated|alt_synch_pipe_e9l:rs_dgwp|dffpipe_vu8:dffpipe6" File: C:/FPGA/openfpga-NGPC/projects/db/alt_synch_pipe_e9l.tdf Line: 33
Info (12021): Found 1 design units, including 1 entities, in source file db/alt_synch_pipe_f9l.tdf
    Info (12023): Found entity 1: alt_synch_pipe_f9l File: C:/FPGA/openfpga-NGPC/projects/db/alt_synch_pipe_f9l.tdf Line: 26
Info (12128): Elaborating entity "alt_synch_pipe_f9l" for hierarchy "core_top:ic|sound_i2s:sound|sync_fifo:sync_fifo|dcfifo:dcfifo_component|dcfifo_vqk1:auto_generated|alt_synch_pipe_f9l:ws_dgrp" File: C:/FPGA/openfpga-NGPC/projects/db/dcfifo_vqk1.tdf Line: 73
Info (12021): Found 1 design units, including 1 entities, in source file db/dffpipe_0v8.tdf
    Info (12023): Found entity 1: dffpipe_0v8 File: C:/FPGA/openfpga-NGPC/projects/db/dffpipe_0v8.tdf Line: 24
Info (12128): Elaborating entity "dffpipe_0v8" for hierarchy "core_top:ic|sound_i2s:sound|sync_fifo:sync_fifo|dcfifo:dcfifo_component|dcfifo_vqk1:auto_generated|alt_synch_pipe_f9l:ws_dgrp|dffpipe_0v8:dffpipe9" File: C:/FPGA/openfpga-NGPC/projects/db/alt_synch_pipe_f9l.tdf Line: 33
Info (12128): Elaborating entity "ngpc_pll" for hierarchy "core_top:ic|ngpc_pll:mp1" File: C:/FPGA/openfpga-NGPC/target/pocket/core_top.v Line: 1069
Info (12128): Elaborating entity "ngpc_pll_0002" for hierarchy "core_top:ic|ngpc_pll:mp1|ngpc_pll_0002:ngpc_pll_inst" File: C:/FPGA/openfpga-NGPC/target/pocket/pll/ngpc_pll.v Line: 26
Info (12128): Elaborating entity "altera_pll" for hierarchy "core_top:ic|ngpc_pll:mp1|ngpc_pll_0002:ngpc_pll_inst|altera_pll:altera_pll_i" File: C:/FPGA/openfpga-NGPC/target/pocket/pll/ngpc_pll_0002.v Line: 92
Info (10008): Verilog HDL or VHDL information: EDA Netlist Writer cannot regroup multidimensional array "wire_to_nowhere_64" into its bus
Info (12130): Elaborated megafunction instantiation "core_top:ic|ngpc_pll:mp1|ngpc_pll_0002:ngpc_pll_inst|altera_pll:altera_pll_i" File: C:/FPGA/openfpga-NGPC/target/pocket/pll/ngpc_pll_0002.v Line: 92
Info (12133): Instantiated megafunction "core_top:ic|ngpc_pll:mp1|ngpc_pll_0002:ngpc_pll_inst|altera_pll:altera_pll_i" with the following parameter: File: C:/FPGA/openfpga-NGPC/target/pocket/pll/ngpc_pll_0002.v Line: 92
    Info (12134): Parameter "fractional_vco_multiplier" = "true"
    Info (12134): Parameter "reference_clock_frequency" = "74.25 MHz"
    Info (12134): Parameter "operation_mode" = "direct"
    Info (12134): Parameter "number_of_clocks" = "4"
    Info (12134): Parameter "output_clock_frequency0" = "49.152000 MHz"
    Info (12134): Parameter "phase_shift0" = "0 ps"
    Info (12134): Parameter "duty_cycle0" = "50"
    Info (12134): Parameter "output_clock_frequency1" = "98.304000 MHz"
    Info (12134): Parameter "phase_shift1" = "0 ps"
    Info (12134): Parameter "duty_cycle1" = "50"
    Info (12134): Parameter "output_clock_frequency2" = "49.152000 MHz"
    Info (12134): Parameter "phase_shift2" = "5086 ps"
    Info (12134): Parameter "duty_cycle2" = "50"
    Info (12134): Parameter "output_clock_frequency3" = "6.144000 MHz"
    Info (12134): Parameter "phase_shift3" = "40690 ps"
    Info (12134): Parameter "duty_cycle3" = "50"
    Info (12134): Parameter "output_clock_frequency4" = "0 MHz"
    Info (12134): Parameter "phase_shift4" = "0 ps"
    Info (12134): Parameter "duty_cycle4" = "50"
    Info (12134): Parameter "output_clock_frequency5" = "0 MHz"
    Info (12134): Parameter "phase_shift5" = "0 ps"
    Info (12134): Parameter "duty_cycle5" = "50"
    Info (12134): Parameter "output_clock_frequency6" = "0 MHz"
    Info (12134): Parameter "phase_shift6" = "0 ps"
    Info (12134): Parameter "duty_cycle6" = "50"
    Info (12134): Parameter "output_clock_frequency7" = "0 MHz"
    Info (12134): Parameter "phase_shift7" = "0 ps"
    Info (12134): Parameter "duty_cycle7" = "50"
    Info (12134): Parameter "output_clock_frequency8" = "0 MHz"
    Info (12134): Parameter "phase_shift8" = "0 ps"
    Info (12134): Parameter "duty_cycle8" = "50"
    Info (12134): Parameter "output_clock_frequency9" = "0 MHz"
    Info (12134): Parameter "phase_shift9" = "0 ps"
    Info (12134): Parameter "duty_cycle9" = "50"
    Info (12134): Parameter "output_clock_frequency10" = "0 MHz"
    Info (12134): Parameter "phase_shift10" = "0 ps"
    Info (12134): Parameter "duty_cycle10" = "50"
    Info (12134): Parameter "output_clock_frequency11" = "0 MHz"
    Info (12134): Parameter "phase_shift11" = "0 ps"
    Info (12134): Parameter "duty_cycle11" = "50"
    Info (12134): Parameter "output_clock_frequency12" = "0 MHz"
    Info (12134): Parameter "phase_shift12" = "0 ps"
    Info (12134): Parameter "duty_cycle12" = "50"
    Info (12134): Parameter "output_clock_frequency13" = "0 MHz"
    Info (12134): Parameter "phase_shift13" = "0 ps"
    Info (12134): Parameter "duty_cycle13" = "50"
    Info (12134): Parameter "output_clock_frequency14" = "0 MHz"
    Info (12134): Parameter "phase_shift14" = "0 ps"
    Info (12134): Parameter "duty_cycle14" = "50"
    Info (12134): Parameter "output_clock_frequency15" = "0 MHz"
    Info (12134): Parameter "phase_shift15" = "0 ps"
    Info (12134): Parameter "duty_cycle15" = "50"
    Info (12134): Parameter "output_clock_frequency16" = "0 MHz"
    Info (12134): Parameter "phase_shift16" = "0 ps"
    Info (12134): Parameter "duty_cycle16" = "50"
    Info (12134): Parameter "output_clock_frequency17" = "0 MHz"
    Info (12134): Parameter "phase_shift17" = "0 ps"
    Info (12134): Parameter "duty_cycle17" = "50"
    Info (12134): Parameter "pll_type" = "General"
    Info (12134): Parameter "pll_subtype" = "General"
Warning (14284): Synthesized away the following node(s):
    Warning (14285): Synthesized away the following RAM node(s):
        Warning (14320): Synthesized away node "core_top:ic|ngpc_machine:machine|ngp_mainboard:mainboard|k2_soc:soc|k2ge:gfx|k2ge_scanout:u_scanout|cache_ram_dp_be:u_dotbuf|altsyncram:u_ram|altsyncram_phm2:auto_generated|q_a[12]" File: C:/FPGA/openfpga-NGPC/projects/db/altsyncram_phm2.tdf Line: 498
        Warning (14320): Synthesized away node "core_top:ic|ngpc_machine:machine|ngp_mainboard:mainboard|k2_soc:soc|k2ge:gfx|k2ge_scanout:u_scanout|cache_ram_dp_be:u_dotbuf|altsyncram:u_ram|altsyncram_phm2:auto_generated|q_a[13]" File: C:/FPGA/openfpga-NGPC/projects/db/altsyncram_phm2.tdf Line: 536
        Warning (14320): Synthesized away node "core_top:ic|ngpc_machine:machine|ngp_mainboard:mainboard|k2_soc:soc|k2ge:gfx|k2ge_scanout:u_scanout|cache_ram_dp_be:u_dotbuf|altsyncram:u_ram|altsyncram_phm2:auto_generated|q_a[14]" File: C:/FPGA/openfpga-NGPC/projects/db/altsyncram_phm2.tdf Line: 574
        Warning (14320): Synthesized away node "core_top:ic|ngpc_machine:machine|ngp_mainboard:mainboard|k2_soc:soc|k2ge:gfx|k2ge_scanout:u_scanout|cache_ram_dp_be:u_dotbuf|altsyncram:u_ram|altsyncram_phm2:auto_generated|q_a[15]" File: C:/FPGA/openfpga-NGPC/projects/db/altsyncram_phm2.tdf Line: 612
        Warning (14320): Synthesized away node "core_top:ic|ngpc_machine:machine|ngp_mainboard:mainboard|k2_soc:soc|k2ge:gfx|k2ge_linebuf:u_lbuf|cache_ram_dp_be:u_lbuf|altsyncram:u_ram|altsyncram_phm2:auto_generated|q_a[9]" File: C:/FPGA/openfpga-NGPC/projects/db/altsyncram_phm2.tdf Line: 384
        Warning (14320): Synthesized away node "core_top:ic|ngpc_machine:machine|ngp_mainboard:mainboard|k2_soc:soc|k2ge:gfx|k2ge_linebuf:u_lbuf|cache_ram_dp_be:u_lbuf|altsyncram:u_ram|altsyncram_phm2:auto_generated|q_a[10]" File: C:/FPGA/openfpga-NGPC/projects/db/altsyncram_phm2.tdf Line: 422
        Warning (14320): Synthesized away node "core_top:ic|ngpc_machine:machine|ngp_mainboard:mainboard|k2_soc:soc|k2ge:gfx|k2ge_linebuf:u_lbuf|cache_ram_dp_be:u_lbuf|altsyncram:u_ram|altsyncram_phm2:auto_generated|q_a[11]" File: C:/FPGA/openfpga-NGPC/projects/db/altsyncram_phm2.tdf Line: 460
        Warning (14320): Synthesized away node "core_top:ic|ngpc_machine:machine|ngp_mainboard:mainboard|k2_soc:soc|k2ge:gfx|k2ge_linebuf:u_lbuf|cache_ram_dp_be:u_lbuf|altsyncram:u_ram|altsyncram_phm2:auto_generated|q_a[12]" File: C:/FPGA/openfpga-NGPC/projects/db/altsyncram_phm2.tdf Line: 498
        Warning (14320): Synthesized away node "core_top:ic|ngpc_machine:machine|ngp_mainboard:mainboard|k2_soc:soc|k2ge:gfx|k2ge_linebuf:u_lbuf|cache_ram_dp_be:u_lbuf|altsyncram:u_ram|altsyncram_phm2:auto_generated|q_a[13]" File: C:/FPGA/openfpga-NGPC/projects/db/altsyncram_phm2.tdf Line: 536
        Warning (14320): Synthesized away node "core_top:ic|ngpc_machine:machine|ngp_mainboard:mainboard|k2_soc:soc|k2ge:gfx|k2ge_linebuf:u_lbuf|cache_ram_dp_be:u_lbuf|altsyncram:u_ram|altsyncram_phm2:auto_generated|q_a[14]" File: C:/FPGA/openfpga-NGPC/projects/db/altsyncram_phm2.tdf Line: 574
        Warning (14320): Synthesized away node "core_top:ic|ngpc_machine:machine|ngp_mainboard:mainboard|k2_soc:soc|k2ge:gfx|k2ge_linebuf:u_lbuf|cache_ram_dp_be:u_lbuf|altsyncram:u_ram|altsyncram_phm2:auto_generated|q_a[15]" File: C:/FPGA/openfpga-NGPC/projects/db/altsyncram_phm2.tdf Line: 612
    Warning (14285): Synthesized away the following PLL node(s):
        Warning (14320): Synthesized away node "core_top:ic|ngpc_pll:mp1|ngpc_pll_0002:ngpc_pll_inst|altera_pll:altera_pll_i|outclk_wire[3]" File: f:/quartus/quartus/libraries/megafunctions/altera_pll.v Line: 748
Info (286030): Timing-Driven Synthesis is running
Info (276014): Found 5 instances of uninferred RAM logic
    Info (276007): RAM logic "core_top:ic|ngpc_machine:machine|ngp_mainboard:mainboard|k2_soc:soc|t900_cpu:cpu|t900_decode:u_decode|Ram0" is uninferred due to asynchronous read logic File: C:/FPGA/openfpga-NGPC/upstream/rtl/t900/t900_decode_tables.svh Line: 8
    Info (276007): RAM logic "core_top:ic|ngpc_machine:machine|ngp_mainboard:mainboard|k2_soc:soc|t900_cpu:cpu|t900_decode:u_decode|Ram1" is uninferred due to asynchronous read logic File: C:/FPGA/openfpga-NGPC/upstream/rtl/t900/t900_decode_tables.svh Line: 272
    Info (276007): RAM logic "core_top:ic|ngpc_machine:machine|ngp_mainboard:mainboard|k2_soc:soc|t900_cpu:cpu|t900_decode:u_decode|Ram2" is uninferred due to asynchronous read logic File: C:/FPGA/openfpga-NGPC/upstream/rtl/t900/t900_decode_tables.svh Line: 536
    Info (276007): RAM logic "core_top:ic|ngpc_machine:machine|ngp_mainboard:mainboard|k2_soc:soc|t900_cpu:cpu|t900_decode:u_decode|Ram3" is uninferred due to asynchronous read logic File: C:/FPGA/openfpga-NGPC/upstream/rtl/t900/t900_decode_tables.svh Line: 800
    Info (276004): RAM logic "core_top:ic|ngpc_machine:machine|ngp_setup_seed:setup_seed|Ram0" is uninferred due to inappropriate RAM size File: C:/FPGA/openfpga-NGPC/upstream/rtl/soc/ngp_setup_seed.sv Line: 295
Info (19000): Inferred 1 megafunctions from design logic
    Info (276034): Inferred altshift_taps megafunction from the following design logic: "core_top:ic|ngpc_savestate_bridge:savestate_bridge|synch_3:req_sync|stage_1_rtl_0"
        Info (286033): Parameter NUMBER_OF_TAPS set to 1
        Info (286033): Parameter TAP_DISTANCE set to 3
        Info (286033): Parameter WIDTH set to 21
        Info (286033): Parameter POWER_UP_STATE set to DONT_CARE
Info (12130): Elaborated megafunction instantiation "core_top:ic|ngpc_savestate_bridge:savestate_bridge|synch_3:req_sync|altshift_taps:stage_1_rtl_0"
Info (12133): Instantiated megafunction "core_top:ic|ngpc_savestate_bridge:savestate_bridge|synch_3:req_sync|altshift_taps:stage_1_rtl_0" with the following parameter:
    Info (12134): Parameter "NUMBER_OF_TAPS" = "1"
    Info (12134): Parameter "TAP_DISTANCE" = "3"
    Info (12134): Parameter "WIDTH" = "21"
    Info (12134): Parameter "POWER_UP_STATE" = "DONT_CARE"
Info (12021): Found 1 design units, including 1 entities, in source file db/shift_taps_puu.tdf
    Info (12023): Found entity 1: shift_taps_puu File: C:/FPGA/openfpga-NGPC/projects/db/shift_taps_puu.tdf Line: 26
Info (12021): Found 1 design units, including 1 entities, in source file db/altsyncram_br91.tdf
    Info (12023): Found entity 1: altsyncram_br91 File: C:/FPGA/openfpga-NGPC/projects/db/altsyncram_br91.tdf Line: 27
Info (12021): Found 1 design units, including 1 entities, in source file db/cntr_ohf.tdf
    Info (12023): Found entity 1: cntr_ohf File: C:/FPGA/openfpga-NGPC/projects/db/cntr_ohf.tdf Line: 27
Info (12021): Found 1 design units, including 1 entities, in source file db/cmpr_a9c.tdf
    Info (12023): Found entity 1: cmpr_a9c File: C:/FPGA/openfpga-NGPC/projects/db/cmpr_a9c.tdf Line: 22
Warning (12241): 25 hierarchies have connectivity warnings - see the Connectivity Checks report folder
Info (284007): State machine "|apf_top|core_top:ic|ngpc_machine:machine|ngp_mainboard:mainboard|ngp_cart:cart|grant_q" will be implemented as a safe state machine. File: C:/FPGA/openfpga-NGPC/upstream/rtl/cart/ngp_cart.sv Line: 232
Info (284007): State machine "|apf_top|core_top:ic|ngpc_machine:machine|ngp_mainboard:mainboard|ngp_cart:cart|flash_die:die1|mem_owner" will be implemented as a safe state machine. File: C:/FPGA/openfpga-NGPC/upstream/rtl/cart/flash_die.sv Line: 146
Info (284007): State machine "|apf_top|core_top:ic|ngpc_machine:machine|ngp_mainboard:mainboard|ngp_cart:cart|flash_die:die1|op_state" will be implemented as a safe state machine. File: C:/FPGA/openfpga-NGPC/upstream/rtl/cart/flash_die.sv Line: 145
Info (284007): State machine "|apf_top|core_top:ic|ngpc_machine:machine|ngp_mainboard:mainboard|ngp_cart:cart|flash_die:die0|mem_owner" will be implemented as a safe state machine. File: C:/FPGA/openfpga-NGPC/upstream/rtl/cart/flash_die.sv Line: 146
Info (284007): State machine "|apf_top|core_top:ic|ngpc_machine:machine|ngp_mainboard:mainboard|ngp_cart:cart|flash_die:die0|op_state" will be implemented as a safe state machine. File: C:/FPGA/openfpga-NGPC/upstream/rtl/cart/flash_die.sv Line: 145
Info (284007): State machine "|apf_top|core_top:ic|ngpc_machine:machine|ngp_mainboard:mainboard|k2_soc:soc|k2ge:gfx|k2ge_linebuf:u_lbuf|rr_q" will be implemented as a safe state machine. File: C:/FPGA/openfpga-NGPC/upstream/rtl/video/k2ge_linebuf.sv Line: 197
Info (284007): State machine "|apf_top|core_top:ic|ngpc_machine:machine|ngp_mainboard:mainboard|k2_soc:soc|t900_cpu:cpu|t900_seq:u_seq|pause_refill" will be implemented as a safe state machine. File: C:/FPGA/openfpga-NGPC/upstream/rtl/t900/t900_seq.sv Line: 413
Info (284007): State machine "|apf_top|core_top:ic|ngpc_machine:machine|ngp_mainboard:mainboard|k2_soc:soc|t900_cpu:cpu|t900_seq:u_seq|ea_step" will be implemented as a safe state machine. File: C:/FPGA/openfpga-NGPC/upstream/rtl/t900/t900_seq.sv Line: 393
Info (284007): State machine "|apf_top|core_top:ic|ngpc_machine:machine|ngp_mainboard:mainboard|k2_soc:soc|t900_cpu:cpu|t900_seq:u_seq|ev_kind" will be implemented as a safe state machine. File: C:/FPGA/openfpga-NGPC/upstream/rtl/t900/t900_seq.sv Line: 362
Info (284007): State machine "|apf_top|core_top:ic|ngpc_machine:machine|ngp_mainboard:mainboard|k2_soc:soc|t900_cpu:cpu|t900_seq:u_seq|st" will be implemented as a safe state machine. File: C:/FPGA/openfpga-NGPC/upstream/rtl/t900/t900_seq.sv Line: 341
Info (284007): State machine "|apf_top|core_top:ic|ngpc_machine:machine|ngp_mainboard:mainboard|k2_soc:soc|t900_cpu:cpu|t900_muldiv:u_muldiv|state" will be implemented as a safe state machine. File: C:/FPGA/openfpga-NGPC/upstream/rtl/t900/t900_muldiv.sv Line: 187
Info (284007): State machine "|apf_top|core_top:ic|ngpc_machine:machine|savestates:savestate_engine|state_q" will be implemented as a safe state machine. File: C:/FPGA/openfpga-NGPC/upstream/rtl/Savestates/savestates.sv Line: 115
Info (284007): State machine "|apf_top|core_top:ic|ngpc_machine:machine|ngp_cart_rom:cart_loader|state_q" will be implemented as a safe state machine. File: C:/FPGA/openfpga-NGPC/upstream/rtl/cart/ngp_cart_rom.sv Line: 110
Info (284007): State machine "|apf_top|core_top:ic|ngpc_savestate_bridge:savestate_bridge|state" will be implemented as a safe state machine. File: C:/FPGA/openfpga-NGPC/target/pocket/ngpc_savestate_bridge.sv Line: 205
Info (284007): State machine "|apf_top|core_top:ic|ngpc_machine:machine|ngp_setup_seed:setup_seed|state" will be implemented as a safe state machine. File: C:/FPGA/openfpga-NGPC/upstream/rtl/soc/ngp_setup_seed.sv Line: 192
Info (284007): State machine "|apf_top|core_top:ic|sound_i2s:sound|sync_fifo:sync_fifo|read_state" will be implemented as a safe state machine. File: C:/FPGA/openfpga-NGPC/target/pocket/sync_fifo.sv Line: 67
Info (284007): State machine "|apf_top|core_top:ic|data_loader:cart_loader|write_state" will be implemented as a safe state machine. File: C:/FPGA/openfpga-NGPC/target/pocket/data_loader.sv Line: 107
Info (284007): State machine "|apf_top|core_top:ic|data_loader:bios1_loader|write_state" will be implemented as a safe state machine. File: C:/FPGA/openfpga-NGPC/target/pocket/data_loader.sv Line: 107
Info (284007): State machine "|apf_top|core_top:ic|data_loader:bios0_loader|write_state" will be implemented as a safe state machine. File: C:/FPGA/openfpga-NGPC/target/pocket/data_loader.sv Line: 107
Info (284007): State machine "|apf_top|core_top:ic|data_unloader:stage_drain|addr_state" will be implemented as a safe state machine. File: C:/FPGA/openfpga-NGPC/target/pocket/data_unloader.sv Line: 124
Info (284007): State machine "|apf_top|core_top:ic|data_loader:stage_fill|write_state" will be implemented as a safe state machine. File: C:/FPGA/openfpga-NGPC/target/pocket/data_loader.sv Line: 107
Info (284007): State machine "|apf_top|core_top:ic|ngpc_machine:machine|ngp_cart_sdram:cart_sdram|cart_sdram:u_sdram|p2_owner_q" will be implemented as a safe state machine. File: C:/FPGA/openfpga-NGPC/upstream/rtl/mem/cart_sdram.sv Line: 285
Info (284007): State machine "|apf_top|core_top:ic|ngpc_machine:machine|ngp_cart_sdram:cart_sdram|cart_sdram:u_sdram|sdram:u_core|state_q" will be implemented as a safe state machine. File: C:/FPGA/openfpga-NGPC/upstream/rtl/mem/sdram.sv Line: 472
Info (284007): State machine "|apf_top|core_top:ic|ngpc_machine:machine|ngp_cart_sdram:cart_sdram|cart_sdram:u_sdram|sdram:u_core|active_port_q" will be implemented as a safe state machine. File: C:/FPGA/openfpga-NGPC/upstream/rtl/mem/sdram.sv Line: 478
Info (284007): State machine "|apf_top|core_top:ic|ngpc_machine:machine|ngp_cart_sdram:cart_sdram|cart_sdram:u_sdram|sdram:u_core|pending_port_q" will be implemented as a safe state machine. File: C:/FPGA/openfpga-NGPC/upstream/rtl/mem/sdram.sv Line: 490
Info (284007): State machine "|apf_top|core_top:ic|ngpc_machine:machine|ngpc_cart_save:cart_save|state" will be implemented as a safe state machine. File: C:/FPGA/openfpga-NGPC/target/pocket/ngpc_cart_save.sv Line: 182
Info (284007): State machine "|apf_top|core_top:ic|core_bridge_cmd:icb|tstate" will be implemented as a safe state machine. File: C:/FPGA/openfpga-NGPC/target/pocket/core_bridge_cmd.v Line: 180
Info (284007): State machine "|apf_top|core_top:ic|core_bridge_cmd:icb|hstate" will be implemented as a safe state machine. File: C:/FPGA/openfpga-NGPC/target/pocket/core_bridge_cmd.v Line: 157
Info (284007): State machine "|apf_top|io_bridge_peripheral:ibs|spis" will be implemented as a safe state machine. File: C:/FPGA/openfpga-NGPC/platform/pocket/io_bridge_peripheral.v Line: 106
Info (284007): State machine "|apf_top|io_bridge_peripheral:ibs|rx_latch_idx" will be implemented as a safe state machine. File: C:/FPGA/openfpga-NGPC/platform/pocket/io_bridge_peripheral.v Line: 304
Info (284007): State machine "|apf_top|io_bridge_peripheral:ibs|state" will be implemented as a safe state machine. File: C:/FPGA/openfpga-NGPC/platform/pocket/io_bridge_peripheral.v Line: 86
Info (284007): State machine "|apf_top|io_pad_controller:ipm|tr_state" will be implemented as a safe state machine. File: C:/FPGA/openfpga-NGPC/platform/pocket/io_pad_controller.v Line: 223
Info (284007): State machine "|apf_top|io_pad_controller:ipm|state" will be implemented as a safe state machine. File: C:/FPGA/openfpga-NGPC/platform/pocket/io_pad_controller.v Line: 91
Info (17026): Resynthesizing 0 WYSIWYG logic cells and I/Os using "balanced" technology mapper which leaves 28 WYSIWYG logic cells and I/Os untouched
Warning (13039): The following bidirectional pins have no drivers
    Warning (13040): bidirectional pin "aux_sda" has no driver File: C:/FPGA/openfpga-NGPC/platform/pocket/apf_top.v Line: 208
Warning (13032): The following tri-state nodes are fed by constants
    Warning (13033): The pin "cart_tran_bank0[4]" is fed by VCC File: C:/FPGA/openfpga-NGPC/platform/pocket/apf_top.v Line: 73
    Warning (13033): The pin "cart_tran_bank0[5]" is fed by VCC File: C:/FPGA/openfpga-NGPC/platform/pocket/apf_top.v Line: 73
    Warning (13033): The pin "cart_tran_bank0[6]" is fed by VCC File: C:/FPGA/openfpga-NGPC/platform/pocket/apf_top.v Line: 73
    Warning (13033): The pin "cart_tran_bank0[7]" is fed by VCC File: C:/FPGA/openfpga-NGPC/platform/pocket/apf_top.v Line: 73
    Warning (13033): The pin "cart_tran_pin30" is fed by GND File: C:/FPGA/openfpga-NGPC/platform/pocket/apf_top.v Line: 77
Warning (13009): TRI or OPNDRN buffers permanently enabled
    Warning (13010): Node "mf_ddio_bidir_12:isco|altddio_bidir:ALTDDIO_BIDIR_component|ddio_bidir_euo:auto_generated|tri_buf1a[0]" File: C:/FPGA/openfpga-NGPC/projects/db/ddio_bidir_euo.tdf Line: 58
    Warning (13010): Node "mf_ddio_bidir_12:isco|altddio_bidir:ALTDDIO_BIDIR_component|ddio_bidir_euo:auto_generated|tri_buf1a[1]" File: C:/FPGA/openfpga-NGPC/projects/db/ddio_bidir_euo.tdf Line: 58
    Warning (13010): Node "mf_ddio_bidir_12:isco|altddio_bidir:ALTDDIO_BIDIR_component|ddio_bidir_euo:auto_generated|tri_buf1a[2]" File: C:/FPGA/openfpga-NGPC/projects/db/ddio_bidir_euo.tdf Line: 58
    Warning (13010): Node "mf_ddio_bidir_12:isco|altddio_bidir:ALTDDIO_BIDIR_component|ddio_bidir_euo:auto_generated|tri_buf1a[3]" File: C:/FPGA/openfpga-NGPC/projects/db/ddio_bidir_euo.tdf Line: 58
    Warning (13010): Node "mf_ddio_bidir_12:isco|altddio_bidir:ALTDDIO_BIDIR_component|ddio_bidir_euo:auto_generated|tri_buf1a[4]" File: C:/FPGA/openfpga-NGPC/projects/db/ddio_bidir_euo.tdf Line: 58
    Warning (13010): Node "mf_ddio_bidir_12:isco|altddio_bidir:ALTDDIO_BIDIR_component|ddio_bidir_euo:auto_generated|tri_buf1a[5]" File: C:/FPGA/openfpga-NGPC/projects/db/ddio_bidir_euo.tdf Line: 58
    Warning (13010): Node "mf_ddio_bidir_12:isco|altddio_bidir:ALTDDIO_BIDIR_component|ddio_bidir_euo:auto_generated|tri_buf1a[6]" File: C:/FPGA/openfpga-NGPC/projects/db/ddio_bidir_euo.tdf Line: 58
    Warning (13010): Node "mf_ddio_bidir_12:isco|altddio_bidir:ALTDDIO_BIDIR_component|ddio_bidir_euo:auto_generated|tri_buf1a[7]" File: C:/FPGA/openfpga-NGPC/projects/db/ddio_bidir_euo.tdf Line: 58
    Warning (13010): Node "mf_ddio_bidir_12:isco|altddio_bidir:ALTDDIO_BIDIR_component|ddio_bidir_euo:auto_generated|tri_buf1a[8]" File: C:/FPGA/openfpga-NGPC/projects/db/ddio_bidir_euo.tdf Line: 58
    Warning (13010): Node "mf_ddio_bidir_12:isco|altddio_bidir:ALTDDIO_BIDIR_component|ddio_bidir_euo:auto_generated|tri_buf1a[9]" File: C:/FPGA/openfpga-NGPC/projects/db/ddio_bidir_euo.tdf Line: 58
    Warning (13010): Node "mf_ddio_bidir_12:isco|altddio_bidir:ALTDDIO_BIDIR_component|ddio_bidir_euo:auto_generated|tri_buf1a[10]" File: C:/FPGA/openfpga-NGPC/projects/db/ddio_bidir_euo.tdf Line: 58
    Warning (13010): Node "mf_ddio_bidir_12:isco|altddio_bidir:ALTDDIO_BIDIR_component|ddio_bidir_euo:auto_generated|tri_buf1a[11]" File: C:/FPGA/openfpga-NGPC/projects/db/ddio_bidir_euo.tdf Line: 58
    Warning (13010): Node "mf_ddio_bidir_12:iscc|altddio_bidir:ALTDDIO_BIDIR_component|ddio_bidir_euo:auto_generated|tri_buf1a[1]" File: C:/FPGA/openfpga-NGPC/projects/db/ddio_bidir_euo.tdf Line: 58
    Warning (13010): Node "mf_ddio_bidir_12:iscc|altddio_bidir:ALTDDIO_BIDIR_component|ddio_bidir_euo:auto_generated|tri_buf1a[0]" File: C:/FPGA/openfpga-NGPC/projects/db/ddio_bidir_euo.tdf Line: 58
    Warning (13010): Node "mf_ddio_bidir_12:isclk|altddio_bidir:ALTDDIO_BIDIR_component|ddio_bidir_euo:auto_generated|tri_buf1a[0]" File: C:/FPGA/openfpga-NGPC/projects/db/ddio_bidir_euo.tdf Line: 58
    Warning (13010): Node "mf_ddio_bidir_12:iscc|altddio_bidir:ALTDDIO_BIDIR_component|ddio_bidir_euo:auto_generated|tri_buf1a[3]" File: C:/FPGA/openfpga-NGPC/projects/db/ddio_bidir_euo.tdf Line: 58
    Warning (13010): Node "mf_ddio_bidir_12:iscc|altddio_bidir:ALTDDIO_BIDIR_component|ddio_bidir_euo:auto_generated|tri_buf1a[2]" File: C:/FPGA/openfpga-NGPC/projects/db/ddio_bidir_euo.tdf Line: 58
    Warning (13010): Node "cart_tran_bank0[4]~synth" File: C:/FPGA/openfpga-NGPC/platform/pocket/apf_top.v Line: 73
    Warning (13010): Node "cart_tran_bank0[5]~synth" File: C:/FPGA/openfpga-NGPC/platform/pocket/apf_top.v Line: 73
    Warning (13010): Node "cart_tran_bank0[6]~synth" File: C:/FPGA/openfpga-NGPC/platform/pocket/apf_top.v Line: 73
    Warning (13010): Node "cart_tran_bank0[7]~synth" File: C:/FPGA/openfpga-NGPC/platform/pocket/apf_top.v Line: 73
Warning (13024): Output pins are stuck at VCC or GND
    Warning (13410): Pin "dram_ba[1]" is stuck at GND File: C:/FPGA/openfpga-NGPC/platform/pocket/apf_top.v Line: 163
    Warning (13410): Pin "cram0_ce1_n" is stuck at VCC File: C:/FPGA/openfpga-NGPC/platform/pocket/apf_top.v Line: 140
    Warning (13410): Pin "cart_tran_bank2_dir" is stuck at GND File: C:/FPGA/openfpga-NGPC/platform/pocket/apf_top.v Line: 58
    Warning (13410): Pin "cart_tran_bank3_dir" is stuck at GND File: C:/FPGA/openfpga-NGPC/platform/pocket/apf_top.v Line: 62
    Warning (13410): Pin "cart_tran_bank1_dir" is stuck at GND File: C:/FPGA/openfpga-NGPC/platform/pocket/apf_top.v Line: 66
    Warning (13410): Pin "cart_tran_bank0_dir" is stuck at VCC File: C:/FPGA/openfpga-NGPC/platform/pocket/apf_top.v Line: 74
    Warning (13410): Pin "cart_pin30_pwroff_reset" is stuck at GND File: C:/FPGA/openfpga-NGPC/platform/pocket/apf_top.v Line: 83
    Warning (13410): Pin "cart_tran_pin31_dir" is stuck at GND File: C:/FPGA/openfpga-NGPC/platform/pocket/apf_top.v Line: 87
    Warning (13410): Pin "port_ir_tx" is stuck at GND File: C:/FPGA/openfpga-NGPC/platform/pocket/apf_top.v Line: 92
    Warning (13410): Pin "port_ir_rx_disable" is stuck at VCC File: C:/FPGA/openfpga-NGPC/platform/pocket/apf_top.v Line: 93
    Warning (13410): Pin "port_tran_si_dir" is stuck at GND File: C:/FPGA/openfpga-NGPC/platform/pocket/apf_top.v Line: 97
    Warning (13410): Pin "port_tran_so_dir" is stuck at GND File: C:/FPGA/openfpga-NGPC/platform/pocket/apf_top.v Line: 99
    Warning (13410): Pin "port_tran_sck_dir" is stuck at GND File: C:/FPGA/openfpga-NGPC/platform/pocket/apf_top.v Line: 101
    Warning (13410): Pin "port_tran_sd_dir" is stuck at GND File: C:/FPGA/openfpga-NGPC/platform/pocket/apf_top.v Line: 103
    Warning (13410): Pin "cram0_clk" is stuck at GND File: C:/FPGA/openfpga-NGPC/platform/pocket/apf_top.v Line: 136
    Warning (13410): Pin "cram0_cre" is stuck at GND File: C:/FPGA/openfpga-NGPC/platform/pocket/apf_top.v Line: 138
    Warning (13410): Pin "cram1_a[16]" is stuck at GND File: C:/FPGA/openfpga-NGPC/platform/pocket/apf_top.v Line: 146
    Warning (13410): Pin "cram1_a[17]" is stuck at GND File: C:/FPGA/openfpga-NGPC/platform/pocket/apf_top.v Line: 146
    Warning (13410): Pin "cram1_a[18]" is stuck at GND File: C:/FPGA/openfpga-NGPC/platform/pocket/apf_top.v Line: 146
    Warning (13410): Pin "cram1_a[19]" is stuck at GND File: C:/FPGA/openfpga-NGPC/platform/pocket/apf_top.v Line: 146
    Warning (13410): Pin "cram1_a[20]" is stuck at GND File: C:/FPGA/openfpga-NGPC/platform/pocket/apf_top.v Line: 146
    Warning (13410): Pin "cram1_a[21]" is stuck at GND File: C:/FPGA/openfpga-NGPC/platform/pocket/apf_top.v Line: 146
    Warning (13410): Pin "cram1_clk" is stuck at GND File: C:/FPGA/openfpga-NGPC/platform/pocket/apf_top.v Line: 149
    Warning (13410): Pin "cram1_adv_n" is stuck at VCC File: C:/FPGA/openfpga-NGPC/platform/pocket/apf_top.v Line: 150
    Warning (13410): Pin "cram1_cre" is stuck at GND File: C:/FPGA/openfpga-NGPC/platform/pocket/apf_top.v Line: 151
    Warning (13410): Pin "cram1_ce0_n" is stuck at VCC File: C:/FPGA/openfpga-NGPC/platform/pocket/apf_top.v Line: 152
    Warning (13410): Pin "cram1_ce1_n" is stuck at VCC File: C:/FPGA/openfpga-NGPC/platform/pocket/apf_top.v Line: 153
    Warning (13410): Pin "cram1_oe_n" is stuck at VCC File: C:/FPGA/openfpga-NGPC/platform/pocket/apf_top.v Line: 154
    Warning (13410): Pin "cram1_we_n" is stuck at VCC File: C:/FPGA/openfpga-NGPC/platform/pocket/apf_top.v Line: 155
    Warning (13410): Pin "cram1_ub_n" is stuck at VCC File: C:/FPGA/openfpga-NGPC/platform/pocket/apf_top.v Line: 156
    Warning (13410): Pin "cram1_lb_n" is stuck at VCC File: C:/FPGA/openfpga-NGPC/platform/pocket/apf_top.v Line: 157
    Warning (13410): Pin "sram_a[0]" is stuck at GND File: C:/FPGA/openfpga-NGPC/platform/pocket/apf_top.v Line: 175
    Warning (13410): Pin "sram_a[1]" is stuck at GND File: C:/FPGA/openfpga-NGPC/platform/pocket/apf_top.v Line: 175
    Warning (13410): Pin "sram_a[2]" is stuck at GND File: C:/FPGA/openfpga-NGPC/platform/pocket/apf_top.v Line: 175
    Warning (13410): Pin "sram_a[3]" is stuck at GND File: C:/FPGA/openfpga-NGPC/platform/pocket/apf_top.v Line: 175
    Warning (13410): Pin "sram_a[4]" is stuck at GND File: C:/FPGA/openfpga-NGPC/platform/pocket/apf_top.v Line: 175
    Warning (13410): Pin "sram_a[5]" is stuck at GND File: C:/FPGA/openfpga-NGPC/platform/pocket/apf_top.v Line: 175
    Warning (13410): Pin "sram_a[6]" is stuck at GND File: C:/FPGA/openfpga-NGPC/platform/pocket/apf_top.v Line: 175
    Warning (13410): Pin "sram_a[7]" is stuck at GND File: C:/FPGA/openfpga-NGPC/platform/pocket/apf_top.v Line: 175
    Warning (13410): Pin "sram_a[8]" is stuck at GND File: C:/FPGA/openfpga-NGPC/platform/pocket/apf_top.v Line: 175
    Warning (13410): Pin "sram_a[9]" is stuck at GND File: C:/FPGA/openfpga-NGPC/platform/pocket/apf_top.v Line: 175
    Warning (13410): Pin "sram_a[10]" is stuck at GND File: C:/FPGA/openfpga-NGPC/platform/pocket/apf_top.v Line: 175
    Warning (13410): Pin "sram_a[11]" is stuck at GND File: C:/FPGA/openfpga-NGPC/platform/pocket/apf_top.v Line: 175
    Warning (13410): Pin "sram_a[12]" is stuck at GND File: C:/FPGA/openfpga-NGPC/platform/pocket/apf_top.v Line: 175
    Warning (13410): Pin "sram_a[13]" is stuck at GND File: C:/FPGA/openfpga-NGPC/platform/pocket/apf_top.v Line: 175
    Warning (13410): Pin "sram_a[14]" is stuck at GND File: C:/FPGA/openfpga-NGPC/platform/pocket/apf_top.v Line: 175
    Warning (13410): Pin "sram_a[15]" is stuck at GND File: C:/FPGA/openfpga-NGPC/platform/pocket/apf_top.v Line: 175
    Warning (13410): Pin "sram_a[16]" is stuck at GND File: C:/FPGA/openfpga-NGPC/platform/pocket/apf_top.v Line: 175
    Warning (13410): Pin "sram_oe_n" is stuck at VCC File: C:/FPGA/openfpga-NGPC/platform/pocket/apf_top.v Line: 177
    Warning (13410): Pin "sram_we_n" is stuck at VCC File: C:/FPGA/openfpga-NGPC/platform/pocket/apf_top.v Line: 178
    Warning (13410): Pin "sram_ub_n" is stuck at VCC File: C:/FPGA/openfpga-NGPC/platform/pocket/apf_top.v Line: 179
    Warning (13410): Pin "sram_lb_n" is stuck at VCC File: C:/FPGA/openfpga-NGPC/platform/pocket/apf_top.v Line: 180
Info (17049): 114 registers lost all their fanouts during netlist optimizations.
Info (17016): Found the following redundant logic cells in design
    Info (17048): Logic cell "core_top:ic|sound_i2s:sound|audgen_sclk" File: C:/FPGA/openfpga-NGPC/target/pocket/sound_i2s.sv Line: 61
Info (144001): Generated suppressed messages file C:/FPGA/openfpga-NGPC/projects/output_files/ngpc_pocket.map.smsg
Info (16010): Generating hard_block partition "hard_block:auto_generated_inst"
    Info (16011): Adding 108 node(s), including 34 DDIO, 3 PLL, 0 transceiver and 0 LCELL
Warning: RST port on the PLL is not properly connected on instance core_top:ic|ngpc_pll:mp1|ngpc_pll_0002:ngpc_pll_inst|altera_pll:altera_pll_i|general[1].gpll. The reset port on the PLL should be connected. If the PLL loses lock for any reason, you might need to manually reset the PLL in order to re-establish lock to the reference clock. File: f:/quartus/quartus/libraries/megafunctions/altera_pll.v Line: 748
    Info: Must be connected
Warning: RST port on the PLL is not properly connected on instance core_top:ic|ngpc_pll:mp1|ngpc_pll_0002:ngpc_pll_inst|altera_pll:altera_pll_i|general[0].gpll. The reset port on the PLL should be connected. If the PLL loses lock for any reason, you might need to manually reset the PLL in order to re-establish lock to the reference clock. File: f:/quartus/quartus/libraries/megafunctions/altera_pll.v Line: 748
    Info: Must be connected
Warning: RST port on the PLL is not properly connected on instance core_top:ic|ngpc_pll:mp1|ngpc_pll_0002:ngpc_pll_inst|altera_pll:altera_pll_i|general[2].gpll. The reset port on the PLL should be connected. If the PLL loses lock for any reason, you might need to manually reset the PLL in order to re-establish lock to the reference clock. File: f:/quartus/quartus/libraries/megafunctions/altera_pll.v Line: 748
    Info: Must be connected
Warning (21074): Design contains 8 input pin(s) that do not drive logic
    Warning (15610): No output dependent on input pin "clk_74b" File: C:/FPGA/openfpga-NGPC/platform/pocket/apf_top.v Line: 49
    Warning (15610): No output dependent on input pin "port_ir_rx" File: C:/FPGA/openfpga-NGPC/platform/pocket/apf_top.v Line: 91
    Warning (15610): No output dependent on input pin "scal_audadc" File: C:/FPGA/openfpga-NGPC/platform/pocket/apf_top.v Line: 116
    Warning (15610): No output dependent on input pin "cram0_wait" File: C:/FPGA/openfpga-NGPC/platform/pocket/apf_top.v Line: 135
    Warning (15610): No output dependent on input pin "cram1_wait" File: C:/FPGA/openfpga-NGPC/platform/pocket/apf_top.v Line: 148
    Warning (15610): No output dependent on input pin "vblank" File: C:/FPGA/openfpga-NGPC/platform/pocket/apf_top.v Line: 185
    Warning (15610): No output dependent on input pin "dbg_rx" File: C:/FPGA/openfpga-NGPC/platform/pocket/apf_top.v Line: 191
    Warning (15610): No output dependent on input pin "user2" File: C:/FPGA/openfpga-NGPC/platform/pocket/apf_top.v Line: 197
Info (21057): Implemented 33330 device resources after synthesis - the final resource count might be different
    Info (21058): Implemented 10 input pins
    Info (21059): Implemented 93 output pins
    Info (21060): Implemented 121 bidirectional pins
    Info (21061): Implemented 32584 logic cells
    Info (21064): Implemented 485 RAM segments
    Info (21065): Implemented 3 PLLs
Info: Quartus Prime Analysis & Synthesis was successful. 0 errors, 248 warnings
    Info: Peak virtual memory: 5403 megabytes
    Info: Processing ended: Wed Aug 26 15:25:19 2026
    Info: Elapsed time: 00:04:30
    Info: Total CPU time (on all processors): 00:05:03
Info: *******************************************************************
Info: Running Quartus Prime Fitter
    Info: Version 17.1.0 Build 590 10/25/2017 SJ Lite Edition
    Info: Processing started: Wed Aug 26 15:25:20 2026
Info: Command: quartus_fit --read_settings_files=off --write_settings_files=off ngpc_pocket -c ngpc_pocket
Info: qfit2_default_script.tcl version: #3
Info: Project  = ngpc_pocket
Info: Revision = ngpc_pocket
Info (16303): High Performance Effort optimization mode selected -- timing performance will be prioritized at the potential cost of increased compilation time
    Info (16304): Mode behavior is affected by advanced setting Perform Register Retiming for Performance (default for this mode is On)
    Info (16304): Mode behavior is affected by advanced setting Physical Synthesis Effort Level (default for this mode is Normal)
Info (20032): Parallel compilation is enabled and will use up to 6 processors
Info (119006): Selected device 5CEBA4F23C8 for design "ngpc_pocket"
Info (21077): Low junction temperature is 0 degrees C
Info (21077): High junction temperature is 85 degrees C
Warning: RST port on the PLL is not properly connected on instance core_top:ic|ngpc_pll:mp1|ngpc_pll_0002:ngpc_pll_inst|altera_pll:altera_pll_i|general[1].gpll. The reset port on the PLL should be connected. If the PLL loses lock for any reason, you might need to manually reset the PLL in order to re-establish lock to the reference clock. File: f:/quartus/quartus/libraries/megafunctions/altera_pll.v Line: 748
    Info: Must be connected
Info (171004): Fitter is performing a Standard Fit compilation using maximum Fitter effort to optimize design performance
Warning (292013): Feature LogicLock is only available with a valid subscription license. You can purchase a software subscription to gain full access to this feature.
Warning (15714): Some pins have incomplete I/O assignments. Refer to the I/O Assignment Warnings report for details
Info (176045): Design uses memory blocks. Violating setup or hold times of memory block address registers for either read or write operations could cause memory contents to be corrupted. Make sure that all memory block address registers meet the setup and hold time requirements.
Info (184020): Starting Fitter periphery placement operations
Warning (177007): PLL(s) placed in location FRACTIONALPLL_X54_Y1_N0 do not have a PLL clock to compensate specified - the Fitter will attempt to compensate all PLL clocks
    Info (177008): PLL core_top:ic|ngpc_pll:mp1|ngpc_pll_0002:ngpc_pll_inst|altera_pll:altera_pll_i|general[0].gpll~FRACTIONAL_PLL
Info (11178): Promoted 3 clocks (3 global)
    Info (11162): core_top:ic|ngpc_pll:mp1|ngpc_pll_0002:ngpc_pll_inst|altera_pll:altera_pll_i|outclk_wire[0]~CLKENA0 with 9819 fanout uses global clock CLKCTRL_G5
    Info (11162): core_top:ic|ngpc_pll:mp1|ngpc_pll_0002:ngpc_pll_inst|altera_pll:altera_pll_i|outclk_wire[1]~CLKENA0 with 712 fanout uses global clock CLKCTRL_G8
    Info (11162): core_top:ic|ngpc_pll:mp1|ngpc_pll_0002:ngpc_pll_inst|altera_pll:altera_pll_i|outclk_wire[2]~CLKENA0 with 3 fanout uses global clock CLKCTRL_G10
Info (11191): Automatically promoted 2 clocks (2 global)
    Info (11162): clk_74a~inputCLKENA0 with 2442 fanout uses global clock CLKCTRL_G6
    Info (11162): bridge_spiclk~inputCLKENA0 with 19 fanout uses global clock CLKCTRL_G9
        Info (12525): This signal is driven by core routing -- it may be moved during placement to reduce routing delays
Warning (16406): 1 global input pin(s) will use non-dedicated clock routing
    Warning (16407): Source REFCLK I/O is not placed onto a dedicated REFCLK input pin for global clock driver bridge_spiclk~inputCLKENA0, placed at CLKCTRL_G9
        Info (179012): Refclk input I/O pad bridge_spiclk is placed onto PIN_T17
Info (184021): Fitter periphery placement operations ending: elapsed time is 00:00:01
Info (332164): Evaluating HDL-embedded SDC commands
    Info (332165): Entity dcfifo_06o1
        Info (332166): set_false_path -from *delayed_wrptr_g* -to *rs_dgwp|dffpipe_su8:dffpipe7|dffe8a* 
    Info (332165): Entity dcfifo_31o1
        Info (332166): set_false_path -from *rdptr_g* -to *ws_dgrp|dffpipe_id9:dffpipe17|dffe18a* 
        Info (332166): set_false_path -from *delayed_wrptr_g* -to *rs_dgwp|dffpipe_hd9:dffpipe12|dffe13a* 
    Info (332165): Entity dcfifo_46o1
        Info (332166): set_false_path -from *delayed_wrptr_g* -to *rs_dgwp|dffpipe_tu8:dffpipe3|dffe4a* 
    Info (332165): Entity dcfifo_ohl1
        Info (332166): set_false_path -from *rdptr_g* -to *ws_dgrp|dffpipe_3v8:dffpipe15|dffe16a* 
        Info (332166): set_false_path -from *delayed_wrptr_g* -to *rs_dgwp|dffpipe_2v8:dffpipe12|dffe13a* 
    Info (332165): Entity dcfifo_u5o1
        Info (332166): set_false_path -from *delayed_wrptr_g* -to *rs_dgwp|dffpipe_uu8:dffpipe3|dffe4a* 
    Info (332165): Entity dcfifo_vqk1
        Info (332166): set_false_path -from *rdptr_g* -to *ws_dgrp|dffpipe_0v8:dffpipe9|dffe10a* 
        Info (332166): set_false_path -from *delayed_wrptr_g* -to *rs_dgwp|dffpipe_vu8:dffpipe6|dffe7a* 
Info (332104): Reading SDC File: '../platform/pocket/apf_constraints.sdc'
Info (332110): Deriving PLL clocks
    Info (332110): create_generated_clock -source {ic|mp1|ngpc_pll_inst|altera_pll_i|general[0].gpll~FRACTIONAL_PLL|refclkin} -divide_by 512 -multiply_by 4745 -duty_cycle 50.00 -name {ic|mp1|ngpc_pll_inst|altera_pll_i|general[0].gpll~FRACTIONAL_PLL|vcoph[0]} {ic|mp1|ngpc_pll_inst|altera_pll_i|general[0].gpll~FRACTIONAL_PLL|vcoph[0]}
    Info (332110): create_generated_clock -source {ic|mp1|ngpc_pll_inst|altera_pll_i|general[0].gpll~PLL_OUTPUT_COUNTER|vco0ph[0]} -divide_by 14 -duty_cycle 50.00 -name {ic|mp1|ngpc_pll_inst|altera_pll_i|general[0].gpll~PLL_OUTPUT_COUNTER|divclk} {ic|mp1|ngpc_pll_inst|altera_pll_i|general[0].gpll~PLL_OUTPUT_COUNTER|divclk}
    Info (332110): create_generated_clock -source {ic|mp1|ngpc_pll_inst|altera_pll_i|general[1].gpll~PLL_OUTPUT_COUNTER|vco0ph[0]} -divide_by 7 -duty_cycle 50.00 -name {ic|mp1|ngpc_pll_inst|altera_pll_i|general[1].gpll~PLL_OUTPUT_COUNTER|divclk} {ic|mp1|ngpc_pll_inst|altera_pll_i|general[1].gpll~PLL_OUTPUT_COUNTER|divclk}
    Info (332110): create_generated_clock -source {ic|mp1|ngpc_pll_inst|altera_pll_i|general[2].gpll~PLL_OUTPUT_COUNTER|vco0ph[0]} -divide_by 14 -phase 90.00 -duty_cycle 50.00 -name {ic|mp1|ngpc_pll_inst|altera_pll_i|general[2].gpll~PLL_OUTPUT_COUNTER|divclk} {ic|mp1|ngpc_pll_inst|altera_pll_i|general[2].gpll~PLL_OUTPUT_COUNTER|divclk}
Info (332104): Reading SDC File: '../target/pocket/core_constraints.sdc'
Warning (332174): Ignored filter at core_constraints.sdc(19): ic|mp1|ngpc_pll_inst|altera_pll_i|*[3].*|divclk could not be matched with a clock File: C:/FPGA/openfpga-NGPC/target/pocket/core_constraints.sdc Line: 19
Info (332151): Clock uncertainty is not calculated until you update the timing netlist.
Info (332104): Reading SDC File: '../upstream/NGPC.sdc'
Info (332151): Clock uncertainty is not calculated until you update the timing netlist.
Info (332104): Reading SDC File: '../target/pocket/ngpc_pocket_timing.sdc'
Info (332104): Reading SDC File: '../target/pocket/ngpc_pocket_sdram.sdc'
Info (332097): The following timing edges are non-unate.  TimeQuest will assume pos-unate behavior for these edges in the clock network.
    Info (332098): Cell: ic|mp1|ngpc_pll_inst|altera_pll_i|general[0].gpll~FRACTIONAL_PLL  from: refclkin  to: fbclk
    Info (332098): Cell: ic|mp1|ngpc_pll_inst|altera_pll_i|general[0].gpll~PLL_OUTPUT_COUNTER  from: vco0ph[0]  to: divclk
    Info (332098): Cell: ic|mp1|ngpc_pll_inst|altera_pll_i|general[0].gpll~PLL_REFCLK_SELECT  from: clkin[0]  to: clkout
    Info (332098): Cell: ic|mp1|ngpc_pll_inst|altera_pll_i|general[1].gpll~PLL_OUTPUT_COUNTER  from: vco0ph[0]  to: divclk
    Info (332098): Cell: ic|mp1|ngpc_pll_inst|altera_pll_i|general[2].gpll~PLL_OUTPUT_COUNTER  from: vco0ph[0]  to: divclk
Info (332123): Deriving Clock Uncertainty. Please refer to report_sdc in TimeQuest to see clock uncertainties.
Info (332129): Detected timing requirements -- optimizing circuit to achieve only the specified requirements
Info (332111): Found 8 clocks
    Info (332111):   Period   Clock Name
    Info (332111): ======== ============
    Info (332111):   13.468 bridge_spiclk
    Info (332111):   13.468      clk_74a
    Info (332111):   13.468      clk_74b
    Info (332111):    1.453 ic|mp1|ngpc_pll_inst|altera_pll_i|general[0].gpll~FRACTIONAL_PLL|vcoph[0]
    Info (332111):   20.345 ic|mp1|ngpc_pll_inst|altera_pll_i|general[0].gpll~PLL_OUTPUT_COUNTER|divclk
    Info (332111):   10.172 ic|mp1|ngpc_pll_inst|altera_pll_i|general[1].gpll~PLL_OUTPUT_COUNTER|divclk
    Info (332111):   20.345 ic|mp1|ngpc_pll_inst|altera_pll_i|general[2].gpll~PLL_OUTPUT_COUNTER|divclk
    Info (332111):   10.172 sdram_clk_pin
Info (176233): Starting register packing
Warning (176250): Ignoring invalid fast I/O register assignments. See the Ignored Assignments panel in the Fitter Compilation Report for more information.
Info (176235): Finished register packing
    Extra Info (176218): Packed 51 registers into blocks of type I/O output buffer
    Extra Info (176220): Created 47 register duplicates
Info (128000): Starting physical synthesis optimizations for speed
Info (128002): Starting physical synthesis algorithm combinational resynthesis using boolean division
Info (128003): Physical synthesis algorithm combinational resynthesis using boolean division complete: estimated slack improvement of 200 ps
Info (128001): Physical synthesis optimizations for speed complete: elapsed time is 00:00:38
Info (176233): Starting register packing
Info (176235): Finished register packing
    Extra Info (176219): No registers were packed into other blocks
Info (11798): Fitter preparation operations ending: elapsed time is 00:01:05
Warning (170136): Design uses Placement Effort Multiplier = 4.0.  Using a Placement Effort Multiplier > 1.0 can increase processing time, especially when used during a second or third fitting attempt.
Info (170189): Fitter placement preparation operations beginning
Info (14951): The Fitter is using Advanced Physical Optimization.
Info (170190): Fitter placement preparation operations ending: elapsed time is 00:01:43
Info (170191): Fitter placement operations beginning
Info (170137): Fitter placement was successful
Info (170192): Fitter placement operations ending: elapsed time is 00:01:57
Info (170193): Fitter routing operations beginning
Info (170195): Router estimated average interconnect usage is 36% of the available device resources
    Info (170196): Router estimated peak interconnect usage is 52% of the available device resources in the region that extends from location X33_Y23 to location X43_Y33
Info (170194): Fitter routing operations ending: elapsed time is 00:05:21
Info (11888): Total time spent on timing analysis during the Fitter is 105.88 seconds.
Info (334003): Started post-fitting delay annotation
Info (334004): Delay annotation completed successfully
Info (334003): Started post-fitting delay annotation
Info (334004): Delay annotation completed successfully
Info (11801): Fitter post-fit operations ending: elapsed time is 00:01:13
Warning (171167): Found invalid Fitter assignments. See the Ignored Assignments panel in the Fitter Compilation Report for more information.
Warning (169064): Following 85 pins have no output enable or a GND or VCC output enable - later changes to this connectivity may change fitting results
    Info (169065): Pin scal_vid[0] has a permanently enabled output enable File: C:/FPGA/openfpga-NGPC/platform/pocket/apf_top.v Line: 108
    Info (169065): Pin scal_vid[1] has a permanently enabled output enable File: C:/FPGA/openfpga-NGPC/platform/pocket/apf_top.v Line: 108
    Info (169065): Pin scal_vid[2] has a permanently enabled output enable File: C:/FPGA/openfpga-NGPC/platform/pocket/apf_top.v Line: 108
    Info (169065): Pin scal_vid[3] has a permanently enabled output enable File: C:/FPGA/openfpga-NGPC/platform/pocket/apf_top.v Line: 108
    Info (169065): Pin scal_vid[4] has a permanently enabled output enable File: C:/FPGA/openfpga-NGPC/platform/pocket/apf_top.v Line: 108
    Info (169065): Pin scal_vid[5] has a permanently enabled output enable File: C:/FPGA/openfpga-NGPC/platform/pocket/apf_top.v Line: 108
    Info (169065): Pin scal_vid[6] has a permanently enabled output enable File: C:/FPGA/openfpga-NGPC/platform/pocket/apf_top.v Line: 108
    Info (169065): Pin scal_vid[7] has a permanently enabled output enable File: C:/FPGA/openfpga-NGPC/platform/pocket/apf_top.v Line: 108
    Info (169065): Pin scal_vid[8] has a permanently enabled output enable File: C:/FPGA/openfpga-NGPC/platform/pocket/apf_top.v Line: 108
    Info (169065): Pin scal_vid[9] has a permanently enabled output enable File: C:/FPGA/openfpga-NGPC/platform/pocket/apf_top.v Line: 108
    Info (169065): Pin scal_vid[10] has a permanently enabled output enable File: C:/FPGA/openfpga-NGPC/platform/pocket/apf_top.v Line: 108
    Info (169065): Pin scal_vid[11] has a permanently enabled output enable File: C:/FPGA/openfpga-NGPC/platform/pocket/apf_top.v Line: 108
    Info (169065): Pin scal_de has a permanently enabled output enable File: C:/FPGA/openfpga-NGPC/platform/pocket/apf_top.v Line: 110
    Info (169065): Pin scal_skip has a permanently enabled output enable File: C:/FPGA/openfpga-NGPC/platform/pocket/apf_top.v Line: 111
    Info (169065): Pin scal_clk has a permanently enabled output enable File: C:/FPGA/openfpga-NGPC/platform/pocket/apf_top.v Line: 109
    Info (169065): Pin scal_vs has a permanently enabled output enable File: C:/FPGA/openfpga-NGPC/platform/pocket/apf_top.v Line: 112
    Info (169065): Pin scal_hs has a permanently enabled output enable File: C:/FPGA/openfpga-NGPC/platform/pocket/apf_top.v Line: 113
    Info (169065): Pin cart_tran_bank2[0] has a permanently disabled output enable File: C:/FPGA/openfpga-NGPC/platform/pocket/apf_top.v Line: 57
    Info (169065): Pin cart_tran_bank2[1] has a permanently disabled output enable File: C:/FPGA/openfpga-NGPC/platform/pocket/apf_top.v Line: 57
    Info (169065): Pin cart_tran_bank2[2] has a permanently disabled output enable File: C:/FPGA/openfpga-NGPC/platform/pocket/apf_top.v Line: 57
    Info (169065): Pin cart_tran_bank2[3] has a permanently disabled output enable File: C:/FPGA/openfpga-NGPC/platform/pocket/apf_top.v Line: 57
    Info (169065): Pin cart_tran_bank2[4] has a permanently disabled output enable File: C:/FPGA/openfpga-NGPC/platform/pocket/apf_top.v Line: 57
    Info (169065): Pin cart_tran_bank2[5] has a permanently disabled output enable File: C:/FPGA/openfpga-NGPC/platform/pocket/apf_top.v Line: 57
    Info (169065): Pin cart_tran_bank2[6] has a permanently disabled output enable File: C:/FPGA/openfpga-NGPC/platform/pocket/apf_top.v Line: 57
    Info (169065): Pin cart_tran_bank2[7] has a permanently disabled output enable File: C:/FPGA/openfpga-NGPC/platform/pocket/apf_top.v Line: 57
    Info (169065): Pin cart_tran_bank3[0] has a permanently disabled output enable File: C:/FPGA/openfpga-NGPC/platform/pocket/apf_top.v Line: 61
    Info (169065): Pin cart_tran_bank3[1] has a permanently disabled output enable File: C:/FPGA/openfpga-NGPC/platform/pocket/apf_top.v Line: 61
    Info (169065): Pin cart_tran_bank3[2] has a permanently disabled output enable File: C:/FPGA/openfpga-NGPC/platform/pocket/apf_top.v Line: 61
    Info (169065): Pin cart_tran_bank3[3] has a permanently disabled output enable File: C:/FPGA/openfpga-NGPC/platform/pocket/apf_top.v Line: 61
    Info (169065): Pin cart_tran_bank3[4] has a permanently disabled output enable File: C:/FPGA/openfpga-NGPC/platform/pocket/apf_top.v Line: 61
    Info (169065): Pin cart_tran_bank3[5] has a permanently disabled output enable File: C:/FPGA/openfpga-NGPC/platform/pocket/apf_top.v Line: 61
    Info (169065): Pin cart_tran_bank3[6] has a permanently disabled output enable File: C:/FPGA/openfpga-NGPC/platform/pocket/apf_top.v Line: 61
    Info (169065): Pin cart_tran_bank3[7] has a permanently disabled output enable File: C:/FPGA/openfpga-NGPC/platform/pocket/apf_top.v Line: 61
    Info (169065): Pin cart_tran_bank1[0] has a permanently disabled output enable File: C:/FPGA/openfpga-NGPC/platform/pocket/apf_top.v Line: 65
    Info (169065): Pin cart_tran_bank1[1] has a permanently disabled output enable File: C:/FPGA/openfpga-NGPC/platform/pocket/apf_top.v Line: 65
    Info (169065): Pin cart_tran_bank1[2] has a permanently disabled output enable File: C:/FPGA/openfpga-NGPC/platform/pocket/apf_top.v Line: 65
    Info (169065): Pin cart_tran_bank1[3] has a permanently disabled output enable File: C:/FPGA/openfpga-NGPC/platform/pocket/apf_top.v Line: 65
    Info (169065): Pin cart_tran_bank1[4] has a permanently disabled output enable File: C:/FPGA/openfpga-NGPC/platform/pocket/apf_top.v Line: 65
    Info (169065): Pin cart_tran_bank1[5] has a permanently disabled output enable File: C:/FPGA/openfpga-NGPC/platform/pocket/apf_top.v Line: 65
    Info (169065): Pin cart_tran_bank1[6] has a permanently disabled output enable File: C:/FPGA/openfpga-NGPC/platform/pocket/apf_top.v Line: 65
    Info (169065): Pin cart_tran_bank1[7] has a permanently disabled output enable File: C:/FPGA/openfpga-NGPC/platform/pocket/apf_top.v Line: 65
    Info (169065): Pin cart_tran_bank0[4] has a permanently enabled output enable File: C:/FPGA/openfpga-NGPC/platform/pocket/apf_top.v Line: 73
    Info (169065): Pin cart_tran_bank0[5] has a permanently enabled output enable File: C:/FPGA/openfpga-NGPC/platform/pocket/apf_top.v Line: 73
    Info (169065): Pin cart_tran_bank0[6] has a permanently enabled output enable File: C:/FPGA/openfpga-NGPC/platform/pocket/apf_top.v Line: 73
    Info (169065): Pin cart_tran_bank0[7] has a permanently enabled output enable File: C:/FPGA/openfpga-NGPC/platform/pocket/apf_top.v Line: 73
    Info (169065): Pin cart_tran_pin30 has a permanently enabled output enable File: C:/FPGA/openfpga-NGPC/platform/pocket/apf_top.v Line: 77
    Info (169065): Pin cart_tran_pin31 has a permanently disabled output enable File: C:/FPGA/openfpga-NGPC/platform/pocket/apf_top.v Line: 86
    Info (169065): Pin port_tran_si has a permanently disabled output enable File: C:/FPGA/openfpga-NGPC/platform/pocket/apf_top.v Line: 96
    Info (169065): Pin port_tran_so has a permanently disabled output enable File: C:/FPGA/openfpga-NGPC/platform/pocket/apf_top.v Line: 98
    Info (169065): Pin port_tran_sck has a permanently disabled output enable File: C:/FPGA/openfpga-NGPC/platform/pocket/apf_top.v Line: 100
    Info (169065): Pin port_tran_sd has a permanently disabled output enable File: C:/FPGA/openfpga-NGPC/platform/pocket/apf_top.v Line: 102
    Info (169065): Pin cram1_dq[0] has a permanently disabled output enable File: C:/FPGA/openfpga-NGPC/platform/pocket/apf_top.v Line: 147
    Info (169065): Pin cram1_dq[1] has a permanently disabled output enable File: C:/FPGA/openfpga-NGPC/platform/pocket/apf_top.v Line: 147
    Info (169065): Pin cram1_dq[2] has a permanently disabled output enable File: C:/FPGA/openfpga-NGPC/platform/pocket/apf_top.v Line: 147
    Info (169065): Pin cram1_dq[3] has a permanently disabled output enable File: C:/FPGA/openfpga-NGPC/platform/pocket/apf_top.v Line: 147
    Info (169065): Pin cram1_dq[4] has a permanently disabled output enable File: C:/FPGA/openfpga-NGPC/platform/pocket/apf_top.v Line: 147
    Info (169065): Pin cram1_dq[5] has a permanently disabled output enable File: C:/FPGA/openfpga-NGPC/platform/pocket/apf_top.v Line: 147
    Info (169065): Pin cram1_dq[6] has a permanently disabled output enable File: C:/FPGA/openfpga-NGPC/platform/pocket/apf_top.v Line: 147
    Info (169065): Pin cram1_dq[7] has a permanently disabled output enable File: C:/FPGA/openfpga-NGPC/platform/pocket/apf_top.v Line: 147
    Info (169065): Pin cram1_dq[8] has a permanently disabled output enable File: C:/FPGA/openfpga-NGPC/platform/pocket/apf_top.v Line: 147
    Info (169065): Pin cram1_dq[9] has a permanently disabled output enable File: C:/FPGA/openfpga-NGPC/platform/pocket/apf_top.v Line: 147
    Info (169065): Pin cram1_dq[10] has a permanently disabled output enable File: C:/FPGA/openfpga-NGPC/platform/pocket/apf_top.v Line: 147
    Info (169065): Pin cram1_dq[11] has a permanently disabled output enable File: C:/FPGA/openfpga-NGPC/platform/pocket/apf_top.v Line: 147
    Info (169065): Pin cram1_dq[12] has a permanently disabled output enable File: C:/FPGA/openfpga-NGPC/platform/pocket/apf_top.v Line: 147
    Info (169065): Pin cram1_dq[13] has a permanently disabled output enable File: C:/FPGA/openfpga-NGPC/platform/pocket/apf_top.v Line: 147
    Info (169065): Pin cram1_dq[14] has a permanently disabled output enable File: C:/FPGA/openfpga-NGPC/platform/pocket/apf_top.v Line: 147
    Info (169065): Pin cram1_dq[15] has a permanently disabled output enable File: C:/FPGA/openfpga-NGPC/platform/pocket/apf_top.v Line: 147
    Info (169065): Pin sram_dq[0] has a permanently disabled output enable File: C:/FPGA/openfpga-NGPC/platform/pocket/apf_top.v Line: 176
    Info (169065): Pin sram_dq[1] has a permanently disabled output enable File: C:/FPGA/openfpga-NGPC/platform/pocket/apf_top.v Line: 176
    Info (169065): Pin sram_dq[2] has a permanently disabled output enable File: C:/FPGA/openfpga-NGPC/platform/pocket/apf_top.v Line: 176
    Info (169065): Pin sram_dq[3] has a permanently disabled output enable File: C:/FPGA/openfpga-NGPC/platform/pocket/apf_top.v Line: 176
    Info (169065): Pin sram_dq[4] has a permanently disabled output enable File: C:/FPGA/openfpga-NGPC/platform/pocket/apf_top.v Line: 176
    Info (169065): Pin sram_dq[5] has a permanently disabled output enable File: C:/FPGA/openfpga-NGPC/platform/pocket/apf_top.v Line: 176
    Info (169065): Pin sram_dq[6] has a permanently disabled output enable File: C:/FPGA/openfpga-NGPC/platform/pocket/apf_top.v Line: 176
    Info (169065): Pin sram_dq[7] has a permanently disabled output enable File: C:/FPGA/openfpga-NGPC/platform/pocket/apf_top.v Line: 176
    Info (169065): Pin sram_dq[8] has a permanently disabled output enable File: C:/FPGA/openfpga-NGPC/platform/pocket/apf_top.v Line: 176
    Info (169065): Pin sram_dq[9] has a permanently disabled output enable File: C:/FPGA/openfpga-NGPC/platform/pocket/apf_top.v Line: 176
    Info (169065): Pin sram_dq[10] has a permanently disabled output enable File: C:/FPGA/openfpga-NGPC/platform/pocket/apf_top.v Line: 176
    Info (169065): Pin sram_dq[11] has a permanently disabled output enable File: C:/FPGA/openfpga-NGPC/platform/pocket/apf_top.v Line: 176
    Info (169065): Pin sram_dq[12] has a permanently disabled output enable File: C:/FPGA/openfpga-NGPC/platform/pocket/apf_top.v Line: 176
    Info (169065): Pin sram_dq[13] has a permanently disabled output enable File: C:/FPGA/openfpga-NGPC/platform/pocket/apf_top.v Line: 176
    Info (169065): Pin sram_dq[14] has a permanently disabled output enable File: C:/FPGA/openfpga-NGPC/platform/pocket/apf_top.v Line: 176
    Info (169065): Pin sram_dq[15] has a permanently disabled output enable File: C:/FPGA/openfpga-NGPC/platform/pocket/apf_top.v Line: 176
    Info (169065): Pin bist has a permanently disabled output enable File: C:/FPGA/openfpga-NGPC/platform/pocket/apf_top.v Line: 202
    Info (169065): Pin aux_sda has a permanently disabled output enable File: C:/FPGA/openfpga-NGPC/platform/pocket/apf_top.v Line: 208
Info (144001): Generated suppressed messages file C:/FPGA/openfpga-NGPC/projects/output_files/ngpc_pocket.fit.smsg
Info: Quartus Prime Fitter was successful. 0 errors, 11 warnings
    Info: Peak virtual memory: 7774 megabytes
    Info: Processing ended: Wed Aug 26 15:39:07 2026
    Info: Elapsed time: 00:13:47
    Info: Total CPU time (on all processors): 00:28:05
Info: *******************************************************************
Info: Running Quartus Prime Assembler
    Info: Version 17.1.0 Build 590 10/25/2017 SJ Lite Edition
    Info: Processing started: Wed Aug 26 15:39:09 2026
Info: Command: quartus_asm --read_settings_files=off --write_settings_files=off ngpc_pocket -c ngpc_pocket
Info (115030): Assembler is generating device programming files
Info: Quartus Prime Assembler was successful. 0 errors, 0 warnings
    Info: Peak virtual memory: 5061 megabytes
    Info: Processing ended: Wed Aug 26 15:39:26 2026
    Info: Elapsed time: 00:00:17
    Info: Total CPU time (on all processors): 00:00:17
Info (293026): Skipped module Power Analyzer due to the assignment FLOW_ENABLE_POWER_ANALYZER
Info: *******************************************************************
Info: Running Quartus Prime TimeQuest Timing Analyzer
    Info: Version 17.1.0 Build 590 10/25/2017 SJ Lite Edition
    Info: Processing started: Wed Aug 26 15:39:27 2026
Info: Command: quartus_sta ngpc_pocket -c ngpc_pocket
Info: qsta_default_script.tcl version: #3
Info (20032): Parallel compilation is enabled and will use up to 6 processors
Info (21077): Low junction temperature is 0 degrees C
Info (21077): High junction temperature is 85 degrees C
Info (332164): Evaluating HDL-embedded SDC commands
    Info (332165): Entity dcfifo_06o1
        Info (332166): set_false_path -from *delayed_wrptr_g* -to *rs_dgwp|dffpipe_su8:dffpipe7|dffe8a* 
    Info (332165): Entity dcfifo_31o1
        Info (332166): set_false_path -from *rdptr_g* -to *ws_dgrp|dffpipe_id9:dffpipe17|dffe18a* 
        Info (332166): set_false_path -from *delayed_wrptr_g* -to *rs_dgwp|dffpipe_hd9:dffpipe12|dffe13a* 
    Info (332165): Entity dcfifo_46o1
        Info (332166): set_false_path -from *delayed_wrptr_g* -to *rs_dgwp|dffpipe_tu8:dffpipe3|dffe4a* 
    Info (332165): Entity dcfifo_ohl1
        Info (332166): set_false_path -from *rdptr_g* -to *ws_dgrp|dffpipe_3v8:dffpipe15|dffe16a* 
        Info (332166): set_false_path -from *delayed_wrptr_g* -to *rs_dgwp|dffpipe_2v8:dffpipe12|dffe13a* 
    Info (332165): Entity dcfifo_u5o1
        Info (332166): set_false_path -from *delayed_wrptr_g* -to *rs_dgwp|dffpipe_uu8:dffpipe3|dffe4a* 
    Info (332165): Entity dcfifo_vqk1
        Info (332166): set_false_path -from *rdptr_g* -to *ws_dgrp|dffpipe_0v8:dffpipe9|dffe10a* 
        Info (332166): set_false_path -from *delayed_wrptr_g* -to *rs_dgwp|dffpipe_vu8:dffpipe6|dffe7a* 
Info (332104): Reading SDC File: '../platform/pocket/apf_constraints.sdc'
Info (332110): Deriving PLL clocks
    Info (332110): create_generated_clock -source {ic|mp1|ngpc_pll_inst|altera_pll_i|general[0].gpll~FRACTIONAL_PLL|refclkin} -divide_by 512 -multiply_by 4745 -duty_cycle 50.00 -name {ic|mp1|ngpc_pll_inst|altera_pll_i|general[0].gpll~FRACTIONAL_PLL|vcoph[0]} {ic|mp1|ngpc_pll_inst|altera_pll_i|general[0].gpll~FRACTIONAL_PLL|vcoph[0]}
    Info (332110): create_generated_clock -source {ic|mp1|ngpc_pll_inst|altera_pll_i|general[0].gpll~PLL_OUTPUT_COUNTER|vco0ph[0]} -divide_by 14 -duty_cycle 50.00 -name {ic|mp1|ngpc_pll_inst|altera_pll_i|general[0].gpll~PLL_OUTPUT_COUNTER|divclk} {ic|mp1|ngpc_pll_inst|altera_pll_i|general[0].gpll~PLL_OUTPUT_COUNTER|divclk}
    Info (332110): create_generated_clock -source {ic|mp1|ngpc_pll_inst|altera_pll_i|general[1].gpll~PLL_OUTPUT_COUNTER|vco0ph[0]} -divide_by 7 -duty_cycle 50.00 -name {ic|mp1|ngpc_pll_inst|altera_pll_i|general[1].gpll~PLL_OUTPUT_COUNTER|divclk} {ic|mp1|ngpc_pll_inst|altera_pll_i|general[1].gpll~PLL_OUTPUT_COUNTER|divclk}
    Info (332110): create_generated_clock -source {ic|mp1|ngpc_pll_inst|altera_pll_i|general[2].gpll~PLL_OUTPUT_COUNTER|vco0ph[0]} -divide_by 14 -phase 90.00 -duty_cycle 50.00 -name {ic|mp1|ngpc_pll_inst|altera_pll_i|general[2].gpll~PLL_OUTPUT_COUNTER|divclk} {ic|mp1|ngpc_pll_inst|altera_pll_i|general[2].gpll~PLL_OUTPUT_COUNTER|divclk}
Info (332104): Reading SDC File: '../target/pocket/core_constraints.sdc'
Warning (332174): Ignored filter at core_constraints.sdc(19): ic|mp1|ngpc_pll_inst|altera_pll_i|*[3].*|divclk could not be matched with a clock File: C:/FPGA/openfpga-NGPC/target/pocket/core_constraints.sdc Line: 19
Info (332151): Clock uncertainty is not calculated until you update the timing netlist.
Info (332104): Reading SDC File: '../upstream/NGPC.sdc'
Info (332151): Clock uncertainty is not calculated until you update the timing netlist.
Info (332104): Reading SDC File: '../target/pocket/ngpc_pocket_timing.sdc'
Info (332104): Reading SDC File: '../target/pocket/ngpc_pocket_sdram.sdc'
Info (332097): The following timing edges are non-unate.  TimeQuest will assume pos-unate behavior for these edges in the clock network.
    Info (332098): Cell: ic|mp1|ngpc_pll_inst|altera_pll_i|general[0].gpll~FRACTIONAL_PLL  from: refclkin  to: fbclk
    Info (332098): Cell: ic|mp1|ngpc_pll_inst|altera_pll_i|general[0].gpll~PLL_OUTPUT_COUNTER  from: vco0ph[0]  to: divclk
    Info (332098): Cell: ic|mp1|ngpc_pll_inst|altera_pll_i|general[0].gpll~PLL_REFCLK_SELECT  from: clkin[0]  to: clkout
    Info (332098): Cell: ic|mp1|ngpc_pll_inst|altera_pll_i|general[1].gpll~PLL_OUTPUT_COUNTER  from: vco0ph[0]  to: divclk
    Info (332098): Cell: ic|mp1|ngpc_pll_inst|altera_pll_i|general[2].gpll~PLL_OUTPUT_COUNTER  from: vco0ph[0]  to: divclk
Info (332123): Deriving Clock Uncertainty. Please refer to report_sdc in TimeQuest to see clock uncertainties.
Info: Found TIMEQUEST_REPORT_SCRIPT_INCLUDE_DEFAULT_ANALYSIS = ON
Info: Analyzing Slow 1100mV 85C Model
Critical Warning (332148): Timing requirements not met
    Info (11105): For recommendations on closing timing, run Report Timing Closure Recommendations in the TimeQuest Timing Analyzer.
Info (332146): Worst-case setup slack is -3.107
    Info (332119):     Slack       End Point TNS Clock 
    Info (332119): ========= =================== =====================
    Info (332119):    -3.107           -1822.228 ic|mp1|ngpc_pll_inst|altera_pll_i|general[0].gpll~PLL_OUTPUT_COUNTER|divclk 
    Info (332119):     0.062               0.000 sdram_clk_pin 
    Info (332119):     0.330               0.000 ic|mp1|ngpc_pll_inst|altera_pll_i|general[1].gpll~PLL_OUTPUT_COUNTER|divclk 
    Info (332119):     1.367               0.000 clk_74a 
    Info (332119):     8.456               0.000 bridge_spiclk 
Info (332146): Worst-case hold slack is 0.395
    Info (332119):     Slack       End Point TNS Clock 
    Info (332119): ========= =================== =====================
    Info (332119):     0.395               0.000 clk_74a 
    Info (332119):     0.402               0.000 ic|mp1|ngpc_pll_inst|altera_pll_i|general[0].gpll~PLL_OUTPUT_COUNTER|divclk 
    Info (332119):     0.403               0.000 ic|mp1|ngpc_pll_inst|altera_pll_i|general[1].gpll~PLL_OUTPUT_COUNTER|divclk 
    Info (332119):     0.508               0.000 bridge_spiclk 
    Info (332119):     4.001               0.000 sdram_clk_pin 
Info (332146): Worst-case recovery slack is 5.598
    Info (332119):     Slack       End Point TNS Clock 
    Info (332119): ========= =================== =====================
    Info (332119):     5.598               0.000 ic|mp1|ngpc_pll_inst|altera_pll_i|general[1].gpll~PLL_OUTPUT_COUNTER|divclk 
    Info (332119):     8.897               0.000 ic|mp1|ngpc_pll_inst|altera_pll_i|general[0].gpll~PLL_OUTPUT_COUNTER|divclk 
    Info (332119):    11.624               0.000 clk_74a 
Info (332146): Worst-case removal slack is 0.825
    Info (332119):     Slack       End Point TNS Clock 
    Info (332119): ========= =================== =====================
    Info (332119):     0.825               0.000 ic|mp1|ngpc_pll_inst|altera_pll_i|general[0].gpll~PLL_OUTPUT_COUNTER|divclk 
    Info (332119):     0.945               0.000 ic|mp1|ngpc_pll_inst|altera_pll_i|general[1].gpll~PLL_OUTPUT_COUNTER|divclk 
    Info (332119):     1.087               0.000 clk_74a 
Info (332146): Worst-case minimum pulse width slack is 0.726
    Info (332119):     Slack       End Point TNS Clock 
    Info (332119): ========= =================== =====================
    Info (332119):     0.726               0.000 ic|mp1|ngpc_pll_inst|altera_pll_i|general[0].gpll~FRACTIONAL_PLL|vcoph[0] 
    Info (332119):     4.064               0.000 ic|mp1|ngpc_pll_inst|altera_pll_i|general[1].gpll~PLL_OUTPUT_COUNTER|divclk 
    Info (332119):     5.339               0.000 clk_74a 
    Info (332119):     5.830               0.000 bridge_spiclk 
    Info (332119):     8.542               0.000 ic|mp1|ngpc_pll_inst|altera_pll_i|general[0].gpll~PLL_OUTPUT_COUNTER|divclk 
    Info (332119):     9.111               0.000 ic|mp1|ngpc_pll_inst|altera_pll_i|general[2].gpll~PLL_OUTPUT_COUNTER|divclk 
Info (332114): Report Metastability: Found 89 synchronizer chains.
    Info (332114): Worst-Case MTBF of Design is 1e+09 years or 3.15e+16 seconds.
    Info (332114): Typical MTBF of Design is 1e+09 years or 3.15e+16 seconds.

    Info (332114): Number of Synchronizer Chains Found: 89
    Info (332114): Shortest Synchronizer Chain: 1 Registers
    Info (332114): Fraction of Chains for which MTBFs Could Not be Calculated: 0.213
    Info (332114): Worst Case Available Settling Time: 6.661 ns
    Info (332114): Worst-Case MTBF values are calculated based on the worst-case silicon characteristics, with worst-case operating conditions.
    Info (332114):   - Under worst-case conditions, an increase of 100ps in available settling time will increase MTBF values by a factor of 3.8
    Info (332114): Typical MTBF values are calculated based on the nominal silicon characteristics, at nominal operating conditions.
    Info (332114):   - Under typical conditions, an increase of 100ps in available settling time will increase MTBF values by a factor of 17.8
Info: Analyzing Slow 1100mV 0C Model
Info (334003): Started post-fitting delay annotation
Info (334004): Delay annotation completed successfully
Info (332097): The following timing edges are non-unate.  TimeQuest will assume pos-unate behavior for these edges in the clock network.
    Info (332098): Cell: ic|mp1|ngpc_pll_inst|altera_pll_i|general[0].gpll~FRACTIONAL_PLL  from: refclkin  to: fbclk
    Info (332098): Cell: ic|mp1|ngpc_pll_inst|altera_pll_i|general[0].gpll~PLL_OUTPUT_COUNTER  from: vco0ph[0]  to: divclk
    Info (332098): Cell: ic|mp1|ngpc_pll_inst|altera_pll_i|general[0].gpll~PLL_REFCLK_SELECT  from: clkin[0]  to: clkout
    Info (332098): Cell: ic|mp1|ngpc_pll_inst|altera_pll_i|general[1].gpll~PLL_OUTPUT_COUNTER  from: vco0ph[0]  to: divclk
    Info (332098): Cell: ic|mp1|ngpc_pll_inst|altera_pll_i|general[2].gpll~PLL_OUTPUT_COUNTER  from: vco0ph[0]  to: divclk
Info (332123): Deriving Clock Uncertainty. Please refer to report_sdc in TimeQuest to see clock uncertainties.
Critical Warning (332148): Timing requirements not met
    Info (11105): For recommendations on closing timing, run Report Timing Closure Recommendations in the TimeQuest Timing Analyzer.
Info (332146): Worst-case setup slack is -3.509
    Info (332119):     Slack       End Point TNS Clock 
    Info (332119): ========= =================== =====================
    Info (332119):    -3.509           -2072.050 ic|mp1|ngpc_pll_inst|altera_pll_i|general[0].gpll~PLL_OUTPUT_COUNTER|divclk 
    Info (332119):     0.149               0.000 sdram_clk_pin 
    Info (332119):     0.494               0.000 ic|mp1|ngpc_pll_inst|altera_pll_i|general[1].gpll~PLL_OUTPUT_COUNTER|divclk 
    Info (332119):     1.611               0.000 clk_74a 
    Info (332119):     8.612               0.000 bridge_spiclk 
Info (332146): Worst-case hold slack is 0.382
    Info (332119):     Slack       End Point TNS Clock 
    Info (332119): ========= =================== =====================
    Info (332119):     0.382               0.000 clk_74a 
    Info (332119):     0.386               0.000 ic|mp1|ngpc_pll_inst|altera_pll_i|general[1].gpll~PLL_OUTPUT_COUNTER|divclk 
    Info (332119):     0.400               0.000 ic|mp1|ngpc_pll_inst|altera_pll_i|general[0].gpll~PLL_OUTPUT_COUNTER|divclk 
    Info (332119):     0.526               0.000 bridge_spiclk 
    Info (332119):     4.072               0.000 sdram_clk_pin 
Info (332146): Worst-case recovery slack is 5.752
    Info (332119):     Slack       End Point TNS Clock 
    Info (332119): ========= =================== =====================
    Info (332119):     5.752               0.000 ic|mp1|ngpc_pll_inst|altera_pll_i|general[1].gpll~PLL_OUTPUT_COUNTER|divclk 
    Info (332119):     9.194               0.000 ic|mp1|ngpc_pll_inst|altera_pll_i|general[0].gpll~PLL_OUTPUT_COUNTER|divclk 
    Info (332119):    11.706               0.000 clk_74a 
Info (332146): Worst-case removal slack is 0.732
    Info (332119):     Slack       End Point TNS Clock 
    Info (332119): ========= =================== =====================
    Info (332119):     0.732               0.000 ic|mp1|ngpc_pll_inst|altera_pll_i|general[0].gpll~PLL_OUTPUT_COUNTER|divclk 
    Info (332119):     0.828               0.000 ic|mp1|ngpc_pll_inst|altera_pll_i|general[1].gpll~PLL_OUTPUT_COUNTER|divclk 
    Info (332119):     1.021               0.000 clk_74a 
Info (332146): Worst-case minimum pulse width slack is 0.726
    Info (332119):     Slack       End Point TNS Clock 
    Info (332119): ========= =================== =====================
    Info (332119):     0.726               0.000 ic|mp1|ngpc_pll_inst|altera_pll_i|general[0].gpll~FRACTIONAL_PLL|vcoph[0] 
    Info (332119):     3.972               0.000 ic|mp1|ngpc_pll_inst|altera_pll_i|general[1].gpll~PLL_OUTPUT_COUNTER|divclk 
    Info (332119):     5.283               0.000 clk_74a 
    Info (332119):     5.789               0.000 bridge_spiclk 
    Info (332119):     8.489               0.000 ic|mp1|ngpc_pll_inst|altera_pll_i|general[0].gpll~PLL_OUTPUT_COUNTER|divclk 
    Info (332119):     9.065               0.000 ic|mp1|ngpc_pll_inst|altera_pll_i|general[2].gpll~PLL_OUTPUT_COUNTER|divclk 
Info (332114): Report Metastability: Found 89 synchronizer chains.
    Info (332114): Worst-Case MTBF of Design is 4.82e+07 years or 1.52e+15 seconds.
    Info (332114): Typical MTBF of Design is 1e+09 years or 3.15e+16 seconds.

    Info (332114): Number of Synchronizer Chains Found: 89
    Info (332114): Shortest Synchronizer Chain: 1 Registers
    Info (332114): Fraction of Chains for which MTBFs Could Not be Calculated: 0.213
    Info (332114): Worst Case Available Settling Time: 6.720 ns
    Info (332114): Worst-Case MTBF values are calculated based on the worst-case silicon characteristics, with worst-case operating conditions.
    Info (332114):   - Under worst-case conditions, an increase of 100ps in available settling time will increase MTBF values by a factor of 1.8
    Info (332114): Typical MTBF values are calculated based on the nominal silicon characteristics, at nominal operating conditions.
    Info (332114):   - Under typical conditions, an increase of 100ps in available settling time will increase MTBF values by a factor of 17.8
Info: Analyzing Fast 1100mV 85C Model
Info (334003): Started post-fitting delay annotation
Info (334004): Delay annotation completed successfully
Info (332097): The following timing edges are non-unate.  TimeQuest will assume pos-unate behavior for these edges in the clock network.
    Info (332098): Cell: ic|mp1|ngpc_pll_inst|altera_pll_i|general[0].gpll~FRACTIONAL_PLL  from: refclkin  to: fbclk
    Info (332098): Cell: ic|mp1|ngpc_pll_inst|altera_pll_i|general[0].gpll~PLL_OUTPUT_COUNTER  from: vco0ph[0]  to: divclk
    Info (332098): Cell: ic|mp1|ngpc_pll_inst|altera_pll_i|general[0].gpll~PLL_REFCLK_SELECT  from: clkin[0]  to: clkout
    Info (332098): Cell: ic|mp1|ngpc_pll_inst|altera_pll_i|general[1].gpll~PLL_OUTPUT_COUNTER  from: vco0ph[0]  to: divclk
    Info (332098): Cell: ic|mp1|ngpc_pll_inst|altera_pll_i|general[2].gpll~PLL_OUTPUT_COUNTER  from: vco0ph[0]  to: divclk
Info (332123): Deriving Clock Uncertainty. Please refer to report_sdc in TimeQuest to see clock uncertainties.
Info (332146): Worst-case setup slack is 1.854
    Info (332119):     Slack       End Point TNS Clock 
    Info (332119): ========= =================== =====================
    Info (332119):     1.854               0.000 sdram_clk_pin 
    Info (332119):     4.589               0.000 clk_74a 
    Info (332119):     5.909               0.000 ic|mp1|ngpc_pll_inst|altera_pll_i|general[1].gpll~PLL_OUTPUT_COUNTER|divclk 
    Info (332119):     7.606               0.000 ic|mp1|ngpc_pll_inst|altera_pll_i|general[0].gpll~PLL_OUTPUT_COUNTER|divclk 
    Info (332119):    10.924               0.000 bridge_spiclk 
Info (332146): Worst-case hold slack is 0.137
    Info (332119):     Slack       End Point TNS Clock 
    Info (332119): ========= =================== =====================
    Info (332119):     0.137               0.000 clk_74a 
    Info (332119):     0.142               0.000 ic|mp1|ngpc_pll_inst|altera_pll_i|general[0].gpll~PLL_OUTPUT_COUNTER|divclk 
    Info (332119):     0.180               0.000 ic|mp1|ngpc_pll_inst|altera_pll_i|general[1].gpll~PLL_OUTPUT_COUNTER|divclk 
    Info (332119):     0.197               0.000 bridge_spiclk 
    Info (332119):     4.272               0.000 sdram_clk_pin 
Info (332146): Worst-case recovery slack is 8.127
    Info (332119):     Slack       End Point TNS Clock 
    Info (332119): ========= =================== =====================
    Info (332119):     8.127               0.000 ic|mp1|ngpc_pll_inst|altera_pll_i|general[1].gpll~PLL_OUTPUT_COUNTER|divclk 
    Info (332119):    12.718               0.000 clk_74a 
    Info (332119):    14.329               0.000 ic|mp1|ngpc_pll_inst|altera_pll_i|general[0].gpll~PLL_OUTPUT_COUNTER|divclk 
Info (332146): Worst-case removal slack is 0.160
    Info (332119):     Slack       End Point TNS Clock 
    Info (332119): ========= =================== =====================
    Info (332119):     0.160               0.000 ic|mp1|ngpc_pll_inst|altera_pll_i|general[0].gpll~PLL_OUTPUT_COUNTER|divclk 
    Info (332119):     0.435               0.000 clk_74a 
    Info (332119):     0.446               0.000 ic|mp1|ngpc_pll_inst|altera_pll_i|general[1].gpll~PLL_OUTPUT_COUNTER|divclk 
Info (332146): Worst-case minimum pulse width slack is 0.726
    Info (332119):     Slack       End Point TNS Clock 
    Info (332119): ========= =================== =====================
    Info (332119):     0.726               0.000 ic|mp1|ngpc_pll_inst|altera_pll_i|general[0].gpll~FRACTIONAL_PLL|vcoph[0] 
    Info (332119):     4.623               0.000 ic|mp1|ngpc_pll_inst|altera_pll_i|general[1].gpll~PLL_OUTPUT_COUNTER|divclk 
    Info (332119):     5.204               0.000 clk_74a 
    Info (332119):     6.335               0.000 bridge_spiclk 
    Info (332119):     9.049               0.000 ic|mp1|ngpc_pll_inst|altera_pll_i|general[0].gpll~PLL_OUTPUT_COUNTER|divclk 
    Info (332119):     9.685               0.000 ic|mp1|ngpc_pll_inst|altera_pll_i|general[2].gpll~PLL_OUTPUT_COUNTER|divclk 
Info (332114): Report Metastability: Found 89 synchronizer chains.
    Info (332114): Worst-Case MTBF of Design is 1e+09 years or 3.15e+16 seconds.
    Info (332114): Typical MTBF of Design is 1e+09 years or 3.15e+16 seconds.

    Info (332114): Number of Synchronizer Chains Found: 89
    Info (332114): Shortest Synchronizer Chain: 1 Registers
    Info (332114): Fraction of Chains for which MTBFs Could Not be Calculated: 0.213
    Info (332114): Worst Case Available Settling Time: 8.704 ns
    Info (332114): Worst-Case MTBF values are calculated based on the worst-case silicon characteristics, with worst-case operating conditions.
    Info (332114):   - Under worst-case conditions, an increase of 100ps in available settling time will increase MTBF values by a factor of 3.8
    Info (332114): Typical MTBF values are calculated based on the nominal silicon characteristics, at nominal operating conditions.
    Info (332114):   - Under typical conditions, an increase of 100ps in available settling time will increase MTBF values by a factor of 17.8
Info: Analyzing Fast 1100mV 0C Model
Info (332097): The following timing edges are non-unate.  TimeQuest will assume pos-unate behavior for these edges in the clock network.
    Info (332098): Cell: ic|mp1|ngpc_pll_inst|altera_pll_i|general[0].gpll~FRACTIONAL_PLL  from: refclkin  to: fbclk
    Info (332098): Cell: ic|mp1|ngpc_pll_inst|altera_pll_i|general[0].gpll~PLL_OUTPUT_COUNTER  from: vco0ph[0]  to: divclk
    Info (332098): Cell: ic|mp1|ngpc_pll_inst|altera_pll_i|general[0].gpll~PLL_REFCLK_SELECT  from: clkin[0]  to: clkout
    Info (332098): Cell: ic|mp1|ngpc_pll_inst|altera_pll_i|general[1].gpll~PLL_OUTPUT_COUNTER  from: vco0ph[0]  to: divclk
    Info (332098): Cell: ic|mp1|ngpc_pll_inst|altera_pll_i|general[2].gpll~PLL_OUTPUT_COUNTER  from: vco0ph[0]  to: divclk
Info (332123): Deriving Clock Uncertainty. Please refer to report_sdc in TimeQuest to see clock uncertainties.
Info (332146): Worst-case setup slack is 1.946
    Info (332119):     Slack       End Point TNS Clock 
    Info (332119): ========= =================== =====================
    Info (332119):     1.946               0.000 sdram_clk_pin 
    Info (332119):     4.982               0.000 clk_74a 
    Info (332119):     6.254               0.000 ic|mp1|ngpc_pll_inst|altera_pll_i|general[1].gpll~PLL_OUTPUT_COUNTER|divclk 
    Info (332119):     7.871               0.000 ic|mp1|ngpc_pll_inst|altera_pll_i|general[0].gpll~PLL_OUTPUT_COUNTER|divclk 
    Info (332119):    11.232               0.000 bridge_spiclk 
Info (332146): Worst-case hold slack is 0.073
    Info (332119):     Slack       End Point TNS Clock 
    Info (332119): ========= =================== =====================
    Info (332119):     0.073               0.000 clk_74a 
    Info (332119):     0.119               0.000 ic|mp1|ngpc_pll_inst|altera_pll_i|general[0].gpll~PLL_OUTPUT_COUNTER|divclk 
    Info (332119):     0.170               0.000 ic|mp1|ngpc_pll_inst|altera_pll_i|general[1].gpll~PLL_OUTPUT_COUNTER|divclk 
    Info (332119):     0.188               0.000 bridge_spiclk 
    Info (332119):     4.280               0.000 sdram_clk_pin 
Info (332146): Worst-case recovery slack is 8.280
    Info (332119):     Slack       End Point TNS Clock 
    Info (332119): ========= =================== =====================
    Info (332119):     8.280               0.000 ic|mp1|ngpc_pll_inst|altera_pll_i|general[1].gpll~PLL_OUTPUT_COUNTER|divclk 
    Info (332119):    12.785               0.000 clk_74a 
    Info (332119):    14.993               0.000 ic|mp1|ngpc_pll_inst|altera_pll_i|general[0].gpll~PLL_OUTPUT_COUNTER|divclk 
Info (332146): Worst-case removal slack is 0.086
    Info (332119):     Slack       End Point TNS Clock 
    Info (332119): ========= =================== =====================
    Info (332119):     0.086               0.000 ic|mp1|ngpc_pll_inst|altera_pll_i|general[0].gpll~PLL_OUTPUT_COUNTER|divclk 
    Info (332119):     0.360               0.000 ic|mp1|ngpc_pll_inst|altera_pll_i|general[1].gpll~PLL_OUTPUT_COUNTER|divclk 
    Info (332119):     0.392               0.000 clk_74a 
Info (332146): Worst-case minimum pulse width slack is 0.726
    Info (332119):     Slack       End Point TNS Clock 
    Info (332119): ========= =================== =====================
    Info (332119):     0.726               0.000 ic|mp1|ngpc_pll_inst|altera_pll_i|general[0].gpll~FRACTIONAL_PLL|vcoph[0] 
    Info (332119):     4.618               0.000 ic|mp1|ngpc_pll_inst|altera_pll_i|general[1].gpll~PLL_OUTPUT_COUNTER|divclk 
    Info (332119):     5.159               0.000 clk_74a 
    Info (332119):     6.337               0.000 bridge_spiclk 
    Info (332119):     9.052               0.000 ic|mp1|ngpc_pll_inst|altera_pll_i|general[0].gpll~PLL_OUTPUT_COUNTER|divclk 
    Info (332119):     9.689               0.000 ic|mp1|ngpc_pll_inst|altera_pll_i|general[2].gpll~PLL_OUTPUT_COUNTER|divclk 
Info (332114): Report Metastability: Found 89 synchronizer chains.
    Info (332114): Worst-Case MTBF of Design is 1e+09 years or 3.15e+16 seconds.
    Info (332114): Typical MTBF of Design is 1e+09 years or 3.15e+16 seconds.

    Info (332114): Number of Synchronizer Chains Found: 89
    Info (332114): Shortest Synchronizer Chain: 1 Registers
    Info (332114): Fraction of Chains for which MTBFs Could Not be Calculated: 0.213
    Info (332114): Worst Case Available Settling Time: 8.844 ns
    Info (332114): Worst-Case MTBF values are calculated based on the worst-case silicon characteristics, with worst-case operating conditions.
    Info (332114):   - Under worst-case conditions, an increase of 100ps in available settling time will increase MTBF values by a factor of 1.8
    Info (332114): Typical MTBF values are calculated based on the nominal silicon characteristics, at nominal operating conditions.
    Info (332114):   - Under typical conditions, an increase of 100ps in available settling time will increase MTBF values by a factor of 17.8
Info (332102): Design is not fully constrained for setup requirements
Info (332102): Design is not fully constrained for hold requirements
Info: Quartus Prime TimeQuest Timing Analyzer was successful. 0 errors, 3 warnings
    Info: Peak virtual memory: 6243 megabytes
    Info: Processing ended: Wed Aug 26 15:40:30 2026
    Info: Elapsed time: 00:01:03
    Info: Total CPU time (on all processors): 00:02:40
Info: *******************************************************************
Info: Running Quartus Prime Shell
    Info: Version 17.1.0 Build 590 10/25/2017 SJ Lite Edition
    Info: Processing started: Wed Aug 26 15:40:31 2026
Info: Command: quartus_sh -t ../platform/pocket/build_cdf.tcl compile ngpc_pocket ngpc_pocket
Info: Quartus(args): compile ngpc_pocket ngpc_pocket
Info (23030): Evaluation of Tcl script ../platform/pocket/build_cdf.tcl was successful
Info: Quartus Prime Shell was successful. 0 errors, 0 warnings
    Info: Peak virtual memory: 4734 megabytes
    Info: Processing ended: Wed Aug 26 15:40:32 2026
    Info: Elapsed time: 00:00:01
    Info: Total CPU time (on all processors): 00:00:01
Info (293000): Quartus Prime Full Compilation was successful. 0 errors, 262 warnings
Info (23030): Evaluation of Tcl script f:/quartus/quartus/common/tcl/internal/qsh_flow.tcl was successful
Info: Quartus Prime Shell was successful. 0 errors, 262 warnings
    Info: Peak virtual memory: 4608 megabytes
    Info: Processing ended: Wed Aug 26 15:40:33 2026
    Info: Elapsed time: 00:19:47
    Info: Total CPU time (on all processors): 00:43:12
