50434e47
56345341
94b63a97
00000020
00000000
00000007
00000000
00000000
00007f00
85190000
0503e498
00010001
41434000
46204452
54484749
00674520
155555c1
174d557c
14d0455d
5346d511
d555655d
57d9551d
874dd5dd
454d40e7
c8c6551c
4c455174
0742a675
2e174372
3dd7575c
4d455575
4d551574
95c7581d
4d45f059
344ed57d
94dde855
cd5715f5
4d9d1f71
994f3094
014d854c
45df9455
55d15955
47952054
57911574
9957f954
5c495454
49dd5c7c
c30fd71d
55c5719b
541ff1fd
045410fc
0f6555f5
0f551424
055d3154
514714be
99d59779
f4451dd4
35575550
9d550d14
4f5955dd
55445544
2159715c
d551f4dd
0e5d5555
1d551495
17c76857
5d05c4f4
4f751955
55457534
dd475df5
4cc45d7d
570de5d5
d5751555
15c6fc14
757d7498
dc547752
9d15d045
14554465
54555555
75014444
458535c1
7545e45c
1d557155
5759c051
44c35615
d55f147c
4547fd51
47515554
1b061515
454114d5
c3950751
c345535c
d851f115
0d5d1595
53d55755
455451d8
45451175
1d054972
1d4dd1d5
7555b558
51015c7d
519334d5
51d5145b
dddf5547
51551735
d7415151
07e95445
19941814
c565d15d
1105d47d
050475f5
564557cc
55571d5c
45ce4477
0c47fc6c
d6547554
5541354d
5d51195d
fd151544
d755d495
71049154
45d71456
45d15f5e
0f5d5441
65526ed0
0cd559c1
150ff59d
15057451
412f5454
0010ffff
00000000
01000000
00000000
00000001
00000000
00000000
00000000
00000000
00000000
00000000
00820000
00000000
00008100
81000081
00000000
00818181
00000000
00810000
00000000
82008300
00000000
00000000
00818100
00000000
83828282
81000000
00000000
82000000
81000000
00000000
00008200
00000000
00000000
00000000
82820000
81008282
83810000
81008100
00000000
00000000
00000000
00000000
00000000
00000000
00000000
00000000
00000000
00000000
00000000
00000000
00000000
00000000
00000000
00000000
00000000
00000000
00000000
00000000
00000000
00000000
00000000
00000000
00000000
00000000
00000000
00000000
00000000
00000000
00810000
00000000
00818100
00000000
00000000
00000000
81000000
00810000
00000000
00000000
00000000
00000000
00000000
00000000
00000000
00000000
00000000
ffff0000
00ff0005
004b4e53
00000000
00000000
302d0021
20412040
30432042
206b206a
206d206c
101d2059
1072204f
106f202f
30731047
1077200a
10261053
10111075
10171039
101e103a
10f2101c
10fa10f9
110e110b
00000000
00000000
00000000
00000000
00000000
00000000
00000000
00000000
00000000
00000000
00000000
00000000
00000000
00000000
00000000
00000000
00000000
00000000
00000000
00000000
00000000
00000000
00000000
00000000
00000000
00000000
00000000
00000000
00000000
00000000
00000000
00000000
00000000
00000000
00000000
00000000
00000000
00000000
00000000
00000000
00000000
00000000
00000000
00000000
00000000
00000000
00000000
00000000
00000000
00000000
00000000
00000000
00000000
00000000
00000000
00000000
00000000
00000000
00000000
00000000
00000000
00000000
00000000
00000000
00000000
00000000
00000000
00000000
00000000
00000000
00000000
00000000
00000000
00000000
00000000
00000000
00000000
00000000
00000000
00000000
00000000
00000000
00000000
00000000
00000000
00000000
00000000
00000000
00000000
00000000
00000000
00000000
00000000
00000000
00000000
00000000
00000000
00000000
00000000
00000000
00000000
00000000
00000000
00000000
00000000
00000000
00000000
00000000
00000000
00000000
00000000
00000000
00000000
00000000
00000000
00000000
00000000
00000000
00000000
00000000
00000000
00000000
00000000
00000000
00000000
00000000
00000000
00000000
00000000
00000000
00000000
00000000
00000000
00000000
00000000
00000000
00000000
00000000
00000000
53ef0000
40000020
00104a40
1bbd0003
00000012
4d004cc0
00000000
00000000
02000000
00c8050c
00020060
53080002
08080020
000020ff
00100060
00100060
00000101
00090fff
00000000
00000000
00b70000
004a0004
01030021
0055005c
004d00f4
000000f8
003c0000
00000079
01010000
02010001
13130926
00202800
008b0000
01000000
00000001
00000000
00000000
00000000
00000000
00000000
00000000
00000000
00000000
00000000
00000000
00000000
00000000
00000000
48530000
52524e49
41430000
00000050
02000200
00000013
00000008
00000001
00000000
0a0a0000
00000000
00000000
09260000
28001313
e8eeb1ca
02e602e2
00000000
5d360000
00000025
000000c8
00090040
05040004
00100706
00014e80
00000001
00000000
030c0000
030c040c
0000030c
00000000
00000000
00000000
00000000
5d380000
00000025
000000d8
000f0040
05040004
00100706
00024ec0
00000101
00000000
030d0000
030d040d
0000030d
00000000
00000000
00000000
12ff0000
5d3b0001
00000025
00000048
031b0070
05040300
00100706
00034f00
00000201
00000000
06040000
06040604
00000604
00000000
00000000
00000000
12ff0000
5d440001
00000025
00000018
01110070
05040100
00100706
00044b40
00000301
00000000
06010000
06010601
00000601
00000000
00000000
00000000
02ff0000
5d520001
00000025
00000098
010a00e0
05040100
20100706
00054b80
00000401
00000000
0d090000
0d090d09
10000d09
0801000f
00000000
00000000
00000000
5d730000
00000025
00000018
011700d0
05040100
00100706
00064bc0
00000501
00000000
0c010000
0c010c01
00000c01
00000000
00000000
00000000
00000000
5da80000
00000025
00000068
02120030
05040200
00100706
00074c00
00000601
00000000
02060000
02060206
00000206
00000000
00000000
00000000
00000000
5db00000
00000025
00000048
042500d0
05040400
00100706
00084c40
00000701
00000000
0c040000
0c040c04
00000c04
00000000
00000000
00000000
00000000
00000000
00000000
00000000
00000000
00000000
00000000
00000000
00000000
00000000
00000000
00000000
00000000
00000000
00000000
00000000
00000000
00000000
00020000
00000000
00000000
00000000
00000000
00000000
00000000
00000000
00000000
00000000
00000000
00000000
00000000
00000000
00000000
00000000
00000000
00000000
00000000
00000000
00000000
00000000
00000000
00000000
00000000
00000000
00000000
00000000
00000000
00000000
00000000
00000000
00000000
00000000
00000000
00000000
00000000
00000000
00000000
00000000
00000000
00000000
00000000
00000000
ffff0000
00000014
00000000
00000100
00010000
00000000
00000000
00000000
00000000
00000000
00000000
00000000
00000082
81000000
00810000
00008100
81810000
00000081
00000000
00000081
83000000
00008200
00000000
81000000
00000081
82820000
00008382
00008100
00000000
00008200
00008100
82000000
00000000
00000000
00000000
00000000
82828282
00008100
81008381
00008100
00000000
00000000
00000000
00000000
00000000
00000000
00000000
00000000
00000000
00000000
00000000
00000000
00000000
00000000
00000000
00000000
00000000
00000000
00000000
00000000
00000000
00000000
00000000
00000000
00000000
00000000
00000000
00000000
00000000
00000000
00000081
81000000
00000081
00000000
00000000
00000000
00008100
00000081
00000000
00000000
00000000
00000000
00000000
00000000
00000000
00000000
00000000
0005ffff
4e5300ff
0000004b
00000000
00210000
2040302d
20422041
206a3043
206c206b
2059206d
204f101d
202f1072
1047106f
200a3073
10531077
10751026
10391011
103a1017
101c101e
10f910f2
110b10fa
0000110e
00000000
00000000
00000000
00000000
00000000
00000000
00000000
00000000
00000000
00000000
00000000
00000000
00000000
00000000
00000000
00000000
00000000
00000000
00000000
00000000
00000000
00000000
00000000
00000000
00000000
00000000
00000000
00000000
00000000
00000000
00000000
00000000
00000000
00000000
00000000
00000000
00000000
00000000
00000000
00000000
00000000
00000000
00000000
00000000
00000000
00000000
00000000
00000000
00000000
00000000
00000000
00000000
00000000
00000000
00000000
00000000
00000000
00000000
00000000
00000000
00000000
00000000
00000000
00000000
00000000
00000000
00000000
00000000
00000000
00000000
00000000
00000000
00000000
00000000
00000000
00000000
00000000
00000000
00000000
00000000
00000000
00000000
00000000
00000000
00000000
00000000
00000000
00000000
00000000
00000000
00000000
00000000
00000000
00000000
00000000
00000000
00000000
00000000
00000000
00000000
00000000
00000000
00000000
00000000
00000000
00000000
00000000
00000000
00000000
00000000
00000000
00000000
00000000
00000000
00000000
00000000
00000000
00000000
00000000
00000000
00000000
00000000
00000000
00000000
00000000
00000000
00000000
00000000
00000000
00000000
00000000
00000000
00000000
00000000
00000000
00000000
00000000
00000000
00000000
002053ef
43c04000
00030010
00171bbd
4c800000
00004cc0
00000000
00000000
05040000
00600048
00020002
00205308
20ff0808
00000000
00000010
01010010
0fff0000
00000009
00000000
00000000
000400b7
0021004a
005c0103
00f40055
00f8004d
00000000
0079003c
00000000
00020202
09260001
10171030
00000023
0000006d
00010100
00020001
00000000
00000000
00000000
00000000
00000000
00000000
00000000
00000000
00000000
00000000
00000000
00000000
00000000
4e494853
00005252
414b4154
05000000
00080400
002a0000
00020000
00000000
00000000
00001414
00000000
00000000
13130926
b1ca2800
02e2e8ee
000002e6
00000000
00255d36
00c80000
00400000
00040009
07060504
4e800010
00010001
00000000
00000000
040c030c
030c030c
00000000
00000000
00000000
00000000
00000000
00255d38
00d80000
00400000
0004000f
07060504
4ec00010
01010002
00000000
00000000
040d030d
030d030d
00000000
00000000
00000000
00000000
000112ff
00255d3b
00480000
00700000
0300031b
07060504
4f000010
02010003
00000000
00000000
06040604
06040604
02000000
00000000
00000000
00000000
000112ff
00255d44
00180000
00700000
01000111
07060504
4b400010
03010004
00000000
00000000
06010601
06010601
00000000
00000000
00000000
00000000
000102ff
00255d52
00980000
00e00000
0100010a
07060504
4b802010
04010005
00000000
00000000
0d090d09
0d090d09
000f1000
00000d01
00000000
00000000
00000000
00255d73
00180000
00d00000
01000117
07060504
4bc00010
05010006
00000000
00000000
0c010c01
0c010c01
00000000
00000000
00000000
00000000
00000000
00255da8
00680000
00300000
02000212
07060504
4c000010
06010007
00000000
00000000
02060206
02060206
00000000
00000000
00000000
00000000
00000000
00255db0
00480000
00d00000
04000425
07060504
4c400010
07010008
00000000
00000000
0c040c04
0c040c04
00000000
00000000
00000000
00000000
00000000
00000000
00000000
00000000
00000000
00000000
00000000
00000000
00000000
00000000
00000000
00000000
00000000
00000000
00000000
00000000
00000000
00000000
00000000
00000000
00000000
00000000
00000000
00000000
00000000
00000000
00000000
00000000
00000000
00000000
00000000
00000000
00000000
00000000
00000000
00000000
00000000
00000000
00000000
00000000
00000000
00000000
00000000
00000000
00000000
00000000
00000000
00000000
00000000
00000000
00000000
00000000
00000000
00000000
00000000
00000000
00000000
00000000
00000000
00000000
00000000
00000000
0014ffff
00000000
01000000
00000000
00000001
00000000
00000000
00000000
00000000
00000000
00000000
00820000
00000000
00008100
81000081
00000000
00818181
00000000
00810000
00000000
82008300
00000000
00000000
00818100
00000000
83828282
81000000
00000000
82000000
81000000
00000000
00008200
00000000
00000000
00000000
82820000
81008282
83810000
81008100
00000000
00000000
00000000
00000000
00000000
00000000
00000000
00000000
00000000
00000000
00000000
00000000
00000000
00000000
00000000
00000000
00000000
00000000
00000000
00000000
00000000
00000000
00000000
00000000
00000000
00000000
00000000
00000000
00000000
00000000
00810000
00000000
00818100
00000000
00000000
00000000
81000000
00810000
00000000
00000000
00000000
00000000
00000000
00000000
00000000
00000000
00000000
ffff0000
00ff0005
004b4e53
00000000
00000000
302d0021
20412040
30432042
206b206a
206d206c
101d2059
1072204f
106f202f
30731047
1077200a
10261053
10111075
10171039
101e103a
10f2101c
10fa10f9
110e110b
00000000
00000000
00000000
00000000
00000000
00000000
00000000
00000000
00000000
00000000
00000000
00000000
00000000
00000000
00000000
00000000
00000000
00000000
00000000
00000000
00000000
00000000
00000000
00000000
00000000
00000000
00000000
00000000
00000000
00000000
00000000
00000000
00000000
00000000
00000000
00000000
00000000
00000000
00000000
00000000
00000000
00000000
00000000
00000000
00000000
00000000
00000000
00000000
00000000
00000000
00000000
00000000
00000000
00000000
00000000
00000000
00000000
00000000
00000000
00000000
00000000
00000000
00000000
00000000
00000000
00000000
00000000
00000000
00000000
00000000
00000000
00000000
00000000
00000000
00000000
00000000
00000000
00000000
00000000
00000000
00000000
00000000
00000000
00000000
00000000
00000000
00000000
00000000
00000000
00000000
00000000
00000000
00000000
00000000
00000000
00000000
00000000
00000000
00000000
00000000
00000000
00000000
00000000
00000000
00000000
00000000
00000000
00000000
00000000
00000000
00000000
00000000
00000000
00000000
00000000
00000000
00000000
00000000
00000000
00000000
00000000
00000000
00000000
00000000
00000000
00000000
00000000
00000000
00000000
00000000
00000000
00000000
00000000
00000000
00000000
00000000
00000000
00000000
00000000
53ef0000
40000020
00104740
1bbd0003
0000000f
4dc04d80
00000000
00000000
00000000
00980309
00020040
53080002
08080020
000021ff
00000038
00000038
00000101
00000fff
00000000
00000000
00b70000
004a0004
01030021
0055005c
004d00f4
000000f8
003c0000
00000079
02020000
00010002
10300926
00232036
00280000
01000000
00020001
00000000
00000000
00000000
00000000
00000000
00000000
00000000
00000000
00000000
00000000
00000000
00000000
00000000
48530000
52524e49
41540000
0000414b
04000500
00000030
0000002a
00000002
00000000
14140000
00000000
00000000
09260000
28001313
e8eeb1ca
02e602e2
00000000
5d360000
00000025
000000c8
00090040
05040004
00100706
00014b80
00000001
00000000
030c0000
030c040c
0000030c
00000000
00000000
00000000
00000000
5d380000
00000025
000000d8
000f0040
05040004
00100706
00024bc0
00000101
00000000
030d0000
030d040d
0000030d
00000000
00000000
00000000
12ff0000
5d3b0001
00000025
00000048
031b0070
05040300
00100706
00034c00
00000201
00000000
06040000
06040604
00000604
00000200
00000000
00000000
12ff0000
5d440001
00000025
00000018
01110070
05040100
00100706
00044c40
00000301
00000000
06010000
06010601
00000601
00000000
00000000
00000000
02ff0000
5d520001
00000025
00000098
010a00e0
05040100
20100706
00054c80
00000401
00000000
0d090000
0d090d09
10000d09
0902000f
00000000
00000000
00000000
5d730000
00000025
00000018
011700d0
05040100
00100706
00064cc0
00000501
00000000
0c010000
0c010c01
00000c01
00000000
00000000
00000000
00000000
5da80000
00000025
00000068
02120030
05040200
00100706
00074d00
00000601
00000000
02060000
02060206
00000206
00000000
00000000
00000000
00000000
5db00000
00000025
00000048
042500d0
05040400
00100706
00084d40
00000701
00000000
0c040000
0c040c04
00000c04
00000000
00000000
00000000
00000000
00000000
00000000
00000000
00000000
00000000
00000000
00000000
00000000
00000000
00000000
00000000
00000000
00000000
00000000
00000000
00000000
00000000
00000000
00000000
00000000
00000000
00000000
00000000
00000000
00000000
00000000
00000000
00000000
00000000
00000000
00000000
00000000
00000000
00000000
00000000
00000000
00000000
00000000
00000000
00000000
00000000
00000000
00000000
00000000
00000000
00000000
00000000
00000000
00000000
00000000
00000000
00000000
00000000
00000000
00000000
00000000
00000000
00000000
00000000
00000000
00000000
ffff0000
ffff0404
00000040
ffffff00
72d80002
b0d5a3df
0009ffff
13130926
b1ca2800
02e2e8ee
000002e6
0fa8ffff
2000ffff
650475f5
564557cc
55571d5d
45ce4477
0c47fc6c
d6547554
5141354d
5d511055
fd111546
d755949d
75049154
45d71456
45d55f5e
075d5441
65526ed0
0cd559c1
150ff599
15057451
412f5454
5d1d95d9
554d7641
e14f8654
5f175455
5f6f5599
5d4b5514
450f1444
cd57d55d
57855cd5
595f5d25
0555551d
146558d3
115d5d74
5655d150
0db5c055
9b755676
171d4474
5515d954
c2db3561
417556cc
55657d51
bf47f69c
575715d4
d5d41474
47479d55
05553310
54527150
c54d7174
1c05414d
571db5d7
cd1d55d1
141d5655
1d07d15b
46557cd5
542d7654
0755771c
1dc5748e
ce45565d
9d235555
51555557
b195bd55
4557105f
50cf6445
49775055
455544bd
4d45fcf0
07554575
45554544
0f5c57d5
7d5b7184
0fdf555a
c45755d5
551950d0
55ef16d4
458455c4
75567a11
556254d4
4d735415
cd559850
7b115444
d46dd5fa
514f57d5
15d6d558
494d6c54
4d555cc5
460cd7d8
f5547455
54101d75
5d45507a
5d574445
17df3ddc
46711dec
de5510bc
55d70470
41575d75
1905c43c
555540d5
4d55cdfd
7d41d195
6d076e15
0fe5f4d4
4555f5c4
5567545c
5553503d
51d54595
57455547
444ffd3d
53dd3415
4111d155
455f4574
86515145
d7472452
9105c054
4d551551
1855945d
14554c65
47455554
574d5854
550710f5
53759155
ff555d44
41514114
176f585c
c5435510
4513f015
496f5411
d5117875
256be401
11156d50
575dd1f4
154f57f5
fd455547
5d5550d5
115d2cdd
50514470
05df545c
077d941d
4244d444
51c1e175
4f487410
57445554
014453dd
47055d14
45c55410
dd05b455
5105dcfe
4d4d54f5
4d42d015
590d6175
465544c5
dd41355d
754f5894
5543547d
51dd5545
ff457d75
c555bd15
5f4657f0
5f515415
15d55550
5755d5cd
5253dcd5
0d5f55d9
591554d5
41975d54
155555c1
174f557c
14d2455d
53465511
d545655d
57d9551d
874dd5dd
454d40e7
cac6751c
4e455174
0742a675
2e174372
3dd75754
4d455575
4d451474
95c7581d
4d45f059
554ed57d
14cde855
cd5714f5
4d9d1f71
994f30b4
014d854c
45df9455
55d15955
47952054
57931574
9957f954
5c495054
49dd5c7c
c30f571d
55c5719b
541ff1fd
045410fc
0f6555f5
1f551424
051d3154
d14714be
99d59779
d4451dd4
35575550
9d550914
4f1955dd
55465544
2159715c
d551f4dd
0e5d5455
1d551495
17d76857
1d05c4fc
4f751955
55457535
dd471df5
4cc45d7d
570de5d5
d5751555
17c6fc94
757d74d8
dc547752
dd15d055
14554465
54555555
75014444
458531c1
7545e44c
1d557155
5759c051
44c35615
d55f147c
4547fd11
47515550
1b061515
454114d5
c3950751
c345525c
d851f115
0d5d1594
52d75755
455451d8
05451175
1d054572
1d4dd1d4
7555b558
5101547d
51937455
53d5145b
dddf5547
51551735
d7415151
07e15445
19961814
c565d55d
1105d47d
450575f5
564557cc
55571d5c
45cc4475
0c47fc6c
d6547554
5141354d
1d51195d
ed111544
d745d49d
55049154
45d71456
45d55f5e
0f5d5441
65526ed0
0cd559c1
150ff598
15057451
412f5454
5d1d95d9
550d7641
e14f8654
5f174455
4f6d5599
5d4b5514
450f1444
cd57d55d
57c55c95
5d4f5d25
0555441d
546558d3
515d5d74
5655d150
0db5c455
db75567e
171d4474
5515d954
c2cb3561
416556cc
55657c51
bf47f6bc
575715d4
d5dc0474
47479d55
07553710
54527150
cd4d7174
0c05594d
571db5d7
cd1d55d9
041d5655
0d07d15b
46557cd5
542d7654
0755771c
5dc5749e
ce45565d
9d235555
51555557
b185bd55
4557105f
50cf6444
49775055
455544bd
4d45fcd0
07554575
45554544
0f5c57c5
7d5b3104
0f5f551a
c4575555
551950d0
55ef16d4
45845dc4
75567e11
556354d4
4d535414
cd459850
6b155444
946dd5f8
514f55d5
15d6d558
494dec54
4d555cc5
461cd5d8
f5547455
54101d75
dd45507a
4d570445
17df3ddc
46511dec
cc5511bc
55d70450
41575d75
1905c43c
555540d5
4d55ccfc
7d41d195
6d076e15
0fc5f4d4
4555f4c4
5547745c
5553503d
51d545b5
57455545
444ffd3d
53dd3415
4111d155
455f4564
86515145
d5452452
9105c054
4d551551
1855945d
14554c65
474551d4
574d5854
550710f5
53759155
ff555d44
41504514
174f5c5c
c5435590
4583f015
494f5411
d5117875
256be401
11156d50
555dd5f4
154755f5
fd455547
5d5550d5
115d2cdd
40514470
05df545c
076dd41d
4244d444
51c1e175
4f487411
57455554
014553dd
47055d14
45c55410
dd05b455
5105dcfe
4d4d54f5
4dc2d015
590d6175
465544c5
dd41355d
754f5890
5743547d
515d5545
ff457575
d555bd15
5d4457f0
5f515415
15d55550
5755d5cd
5253dcd5
0d5755d1
591554d5
41975d54
155555c1
174f557c
14d04d5d
5346d510
d555655d
57d9551d
874dd5cd
554d40e7
c8c6651c
4e455174
0742a675
2e174372
3dd7575c
4d455575
5d451574
95c7580d
4d45f051
754ed57d
95dde855
cd5715f5
4d9d1771
994f3094
014d854c
c5df9455
55d15955
47952054
57931574
9957f954
5c495054
59dd5c7c
c30fd71d
55c5719b
541ff1fd
045510fc
0f6555f5
0f551424
055d3154
514714be
9dd59759
f4451dd4
35575550
9d550914
4f5955dd
55445544
215d7154
d551f4dd
0e5d5555
1d551495
17c76857
1d05c4f4
4f751955
55457535
dd471df5
4cc45d7d
570de5d5
d5751555
15c6fc94
757d7498
dc547752
dd15d055
14554465
54555555
75014444
458535c1
7545e45c
1d557155
5759c051
44cb5615
d55f147c
4547fd51
47515550
1f061515
454114d5
c3950751
c345535c
d851f115
1d5d1595
52d55755
455451d8
05451175
1d054572
1d4dd1d5
7555b5d8
51015c7d
519334d5
51d51453
dddf5557
51551735
d7415151
07e15445
19941914
c565d15d
1105d47d
050575f5
564557cc
15571d5d
45ce5477
0c47fc6c
d6547554
5541354d
1d511955
fd111544
d755949d
75049154
45d71456
45d55f5e
0f555441
65536ed0
0cd559c1
150ff599
95057451
412f5454
5d1d95d9
554d7641
e14f8654
5f174455
5f6f5599
5d4b5514
450f1444
cd57d55d
57855cd5
5d4f5d24
0555451d
146558d3
515d5d74
5655d150
0db5c455
1b75567e
175d4474
5515d954
c2db3560
4165568c
55657d51
bf47f6bc
575715d4
d5d41474
47479d55
07553710
54527150
cd4d7174
1c05414d
571db5d7
cd1d55d9
141d5655
0d07d15b
46557cd5
542d7654
0755771c
9dc5749e
ce45565d
9d235555
51555557
b185bd55
4557105f
50cf6445
497750d5
455554bd
4d4dfcd0
07554575
45554544
0f5457d5
7d5b7104
0fdf551a
44575555
551950d0
55ef16d4
458455c4
75567e11
556354d4
4d535414
cd5598d0
7b115444
946dd5f8
514f57d5
15d6d558
494dec54
4d555cc5
461cd7d8
f5545455
54101d75
5d45507a
4d570444
15df3ddc
46511dec
dc5510bc
55d70470
41575d75
1905c43c
555540d5
4d55ccfc
7d41d195
6d076e15
0fe5f4d4
4555f4c4
5547745c
5553503d
d1d54595
57455545
444ffd3d
53dd3411
4111d155
455f4564
86515145
d7472452
9105c054
4d551551
1855945d
14554c65
47455154
574d5854
550710f5
53759555
ff555d44
41504514
176f585c
c5435510
4583f015
494f5411
d5117875
256fe401
15156d58
555dd5f5
154757f5
fd455547
5d5550d5
115d2cdd
50514470
05df545c
07fd941d
4244d444
51c1e175
4f487411
57445554
014553dd
47055d14
45c55410
d505b455
4105dcff
4d4d54f5
4d42d015
590d6175
465544c5
dd41355d
755f5090
5743547d
515d5545
ff457575
d555bd15
5f4657f0
5f515415
15d55550
5745d5cd
52535cd5
0d5f55d1
590554d5
41975d54
155555c1
574f557c
14d0455d
5346d511
d555655d
57d9551d
874dd5dd
454d40e7
c8e6551c
4e455174
0742a675
2e174372
3dd7575c
4d455575
5d551574
95c7583d
4d45f051
754fd57d
94dde855
cd5715f5
4d9d1771
994f3095
014d854c
45df9455
55d15955
47952054
57931574
9957f954
5c495054
59dd547e
c30f5719
51c5719b
541ff3fd
045511fe
0f6555f5
1f551424
055d3154
514714bf
9dd59779
f4459dd4
35575550
9d554915
4f5955dd
55445544
23597154
d551f4dd
0f7d5555
1d551695
17c76857
1d05e4fc
4f751955
55457535
dd475dd5
4cc45d7d
570de5d5
d5751555
17c6fc94
757d7498
dc547752
dd15d0d5
14554465
54555554
75016544
458535c1
7545e45c
1d557155
5759c051
44cb5615
d55f147c
4547fd51
47515550
1b061505
454114d5
c3951751
c3455358
d850f115
1d7d1595
53d55755
555451d8
05451175
1d054172
1d4dd1d5
7555b558
51015c7d
519b74d5
53d51453
dddf5547
51551735
d7415171
07e15445
19961914
c565d15d
1105d47d
250575f5
564557cc
55571d5d
45ce4c77
0c47fc6c
d6547554
5141354d
5d51195d
fd111546
d7459495
71049154
45d71456
45d55f5e
075d5441
65526ed0
0cd551c1
150ff519
15057451
41af5454
5d1d97d9
554d7641
e14f8654
5f175455
5f6f5599
5d4b5514
450f1444
cd57d57d
57855cd5
595f5d25
0555453d
146558d3
515d5d74
5655d150
0db5c155
1b75567e
171d4474
5515d954
c2db3561
417556cc
55757d51
bf47f69c
575715d4
d5dc1474
47479d55
07553710
54537150
c54d7174
1c05414d
571db5d7
cd1d55d9
141d5655
1d07d15b
46557cd5
542d7654
1755771c
1dc5709e
ce45565d
9d235555
51555557
b195bd55
4557105f
50cf6445
497750d5
455554bd
4d45fcd0
07d54575
45554544
0f5c57c5
7d5b7104
0f5f555a
445755d5
551950d0
55ef16d4
458455c4
75577a11
556354d4
4d535415
cd459850
7b115c44
d66d55f8
514f57d5
15d6d558
494d6c54
5d555cc5
460cd7d8
f5547455
54101d75
5d45507a
5d574445
17df3ddc
46511dec
dc5510bc
55d70450
41575d75
1905c43c
555540d5
4d55cdfd
7d49d195
6d076e95
0fe5f4d4
4555f5cc
5567745c
5553503d
51d545b5
57475547
444ffd3d
53dd3455
4111d155
455f4574
86515145
d7472453
9105c054
4d551551
1855945d
14554c65
47455554
574d5854
d50710f5
53759155
ff555d44
41594514
176f585c
c5435590
4513f015
497f5411
d5117875
256fe401
11156d50
555dd1f4
154757f5
fd455547
5d5550d5
115d6cdd
50514470
05df545c
077db41d
4244d444
51c1e175
4f487410
57c45554
014553dd
47055d14
45c55410
dd05b455
5105dcfe
4d4d54f5
4dc2d015
590d6175
465544c5
dd40355d
754f5894
5743747d
515d5545
ff457575
d555bd15
5f4657f0
5f515415
15d55550
5755d5cd
52535cd5
0d5755d9
595554d5
41975954
155555c1
574f557c
14d2455d
5346d511
d545655d
57d9551d
874dd5dd
454d40e7
c8c6551c
4e455174
0742a675
2e174372
3ddf575c
4d475575
5d551574
95c7582d
4d45f051
754ed57d
94dde855
cd5715f5
4d9d1771
994f3094
014d854c
45df9455
55d15955
47952054
57971574
9917f954
5c495054
49dd5c7e
c30f571d
55c5719b
541ff3fd
045510fc
0f6555f5
0f551424
851d3144
515714bf
9dd59779
f445ddd4
35575550
9d550914
4f5955dd
554e5544
2159715c
d551f4dd
0e5d5555
1d551495
17c76857
1d05c4f4
4f751955
55457534
dd471df5
0cc45d7d
570de5d5
d5751555
15c6fc94
757d7498
dc547752
dd15d015
14554465
54554555
75014444
458535c1
7545e44c
1d557155
5759c051
44c35615
555f147c
4547fd51
47515550
1b061515
454114d1
c3950751
c345535c
d851f115
0d5d1595
52d55755
455451f8
05451175
1d054d72
1d4dd1d5
7555b550
51055c7d
51933455
53d5145b
dddf5547
51551735
d7415151
07e15445
19961814
c565d555
1105d47d
050575f5
564557c8
15571d5d
45ce5477
0c47fc6c
d6547554
51413545
1d51185d
fd111544
d7451495
71059154
45d71456
45d55f5e
035d5441
65526ed0
0cd551c1
150ff599
15057451
41af5454
5d1d95d9
554d7641
e14f8654
5f174455
5f6f5599
5d4b5514
450f1444
cd57dd5d
57855cd5
594f5d25
0555451d
146558d3
515d5d74
5655d150
0db5c455
9b75d676
17194474
5515d954
c2d33561
416556cc
55757f51
bf47f6bc
575715d5
d5dc1474
47479d55
07553710
54527154
cd4d7174
1c05514d
571db5d7
cd1d55d9
141d5655
1d07515b
46557cd5
542d7654
0755771c
ddc5749e
ee45565d
9d275555
51555557
b185bd55
4557105f
50cf6445
49775055
455554bd
4d45fcf0
07d54575
45554544
0f5c57d5
7d5b3104
0f5f551a
c4575555
551950d0
55ef16d4
458455c4
75577e11
556354d4
4d535415
cd459850
7b115c44
966dd5f8
514f57d5
15d6d558
495d6cd4
5d555cc5
460cd5d8
f5547455
54101d75
dd45507a
5d574445
17df3ddc
46511dec
dc5510bc
55d70470
41575d75
1905c43c
555540d5
4d55ccfd
7d41d195
6d076e15
0fe5f4d4
4555f5cc
5547745c
5553503d
51d545bd
57455547
444ffd3d
53dd3415
4111d155
455f4574
86515145
d7472453
9115c054
4d551551
1855945d
14554c75
47455154
574d5854
550710f5
53759155
ff555d44
41584514
176f585c
c5435590
4593f015
497f5411
d5117875
256fe401
15156d58
d55dd5f4
154757f5
fd455547
5d5550d5
115d0cdd
50514470
05df545c
077db41d
4244d444
51c1e175
4f487410
d7445554
014553dd
47055d14
45c55410
dd05b415
4105dcfe
4d4d54f5
4dc2d015
590d6175
465544d5
dd43355d
754f5890
5543547d
51dd5545
ff457575
d555bd15
5f4657f0
5f515415
15d55550
5755d5cd
52535cd5
0d5f55d9
591554d5
41975d54
155555c1
574f557c
14d0455d
5346d515
d555655d
57d9551d
874dd5dd
454d40e7
48c6451c
4e455174
0742a475
2c174372
3dd7575c
4d455575
4d451474
9587581d
4d45f051
754ed57c
94cde855
cd5715f5
4d9d1f71
994f3094
014d854c
c5df9455
55d15955
47952054
57931574
9957f954
5c495454
59dd5c7c
c30fd71d
51c5719b
541ff3fd
045410fc
0f6555f5
0f551424
855d3154
d14714be
99d59779
f4451dd4
35575550
9d550d14
4f1955dd
55441544
2159715c
d551f4dd
0e5d5555
1d551495
17c76857
5d05e4fc
4f755955
55457535
dd471df5
4cc45d7d
570de5d5
d5751555
17c6fc94
757d7498
dc547752
dd15d0d5
14554465
54554555
75014444
458535c1
7545e44c
1d557155
575dc051
44c35615
d55f147c
4547fd11
47515550
1f061505
454114d5
c3950751
c345525c
d851f115
0d5d1594
52d75755
455451d8
4d451175
1d054172
1d4dd1d4
7555b558
51015c7d
519b7455
53d5145b
dddf5557
51550735
d7415151
07e15445
19961814
c565d55d
1105d47d
050575f5
564557cc
55571d5c
45ce5477
0c47fc6c
d6547554
5541354d
1d51195d
fd111546
d755949d
75049154
45571456
45d15f5c
075d5441
65526ed0
0cd559c1
150ff599
15057451
412f5454
5d1d95d9
550d7641
e14f8654
5f175455
4f6f5599
5d4b5514
450f1464
cd57d55d
57855c95
5d4f5d25
0555441d
156558d3
515d5d74
5655d150
0db5c455
1b75567e
175d4474
5515d954
c2db3561
417556cc
55657d51
b747f6bc
575715d4
d5dc1474
47479d55
05553710
54527150
cd4d7174
0c05414d
571db5d7
cd1d55d9
141d5655
1d07d15b
46557cd5
540d7654
0755771c
9dc5749e
ce45565d
9d235555
515555d7
b185bd55
4557105f
50cf6444
49755055
455554bd
4d4dfcd0
07554575
45554544
0f5c57c5
7d5b3104
4f5f551a
c4575555
551958d0
55ef16d4
458455c4
75567a11
556254d4
4d535415
cd4598d0
7b115444
966d55f8
514f57d5
15d6d558
494decd4
4d555cc1
460cd7d8
f5547455
54101d75
5d45507a
4d574444
17df3ddc
46511dec
dc5510bc
55d70450
41575d75
1905c43c
555540d5
4d55ccfc
7d41d195
6d076e15
0fe5f4d4
4555f5c4
5547745c
5553503d
d1d5459d
57455545
444ffd3d
53dd3415
4111d155
455f4574
86515145
d5472452
9105c054
4d551551
1855945d
14554c65
47455154
574d5854
550710f5
53759155
ff555d44
41504514
176f585c
c5435590
4583f015
496f5451
d5117875
256fe401
11156d50
555dd5f4
154757f5
fd455547
5d5550d5
115d2cdd
50514470
05df545c
076df41d
4244d444
51c1e175
4f487410
57c45554
014553dd
47055d14
45c55410
dd05b455
4105dcfe
4d4d54f5
4d42d015
590d6175
465544c5
dd41355d
754f5890
5543547d
515d5545
ff457d75
d555bd15
5d4457f0
5f515415
15d55550
5755d5cd
52535cd5
0d5755d9
591554d5
41975d54
155555c1
174f557c
14d0455d
5346d511
d555655d
57d9551d
874dd5dd
454d40e7
48c6551c
4e455174
0742a675
2c174372
3dd7575c
4d455575
4d551574
9587583d
4d45f051
554ed57d
14cde855
cd5715f5
4d9d1f71
994f30b4
014d854c
c5df9455
55d15955
47952054
57931574
9957f954
5c495054
49dd5c7c
c30f5715
55c5719b
541ff1fd
045490fc
0f6555f5
0f551424
051d3154
d14714bf
99d59759
f4451dd4
35575550
9d554914
4f5955dd
55465544
215d7154
d551f4dd
0e5d5455
1d551495
17c76857
1d05c4fc
4f751955
55c47535
dd475df5
0cc45d7d
570de5d5
d5751555
15c6fc94
757d74d8
dc547752
dd15d0d5
14554465
54555555
7501c444
458535c1
7545e45c
1d557155
5759c051
44cb5615
d55f147c
4547fd51
47515550
1b061515
454114d5
c3951751
c345535c
d851f115
1d5d1595
53d55755
455451d8
0d451175
1d054172
1d4dd1d4
7555b5d8
51015c7d
519374d5
51d5145b
dddf5547
51551735
d7415151
07e95445
19941914
c565d15d
1105d47d
050475f5
564557c8
55579d5d
45cc5477
0c47fc6c
d6547554
5141354d
5d51195d
fd191546
d755d49d
75049154
45d71456
45d55f5c
0f5d5441
65526ed0
0cd551c1
150ff599
15057455
412f5454
5d1d9dd9
554d7641
e14f8654
5f175455
5f6f5599
5d4b5514
450f1444
cd57dd5d
d7855c95
5d4f5d25
0555451d
146558d3
115d5d74
5655d150
0db5c055
9b75567e
171d4474
5515d954
c2db3561
417556cc
55657d51
bf47f6bc
575715d5
d5dc1474
47479d55
07553710
54527154
cd4d7174
1c05594d
571db557
cd1d55d9
141d7655
0d07d15b
46557cd5
542d7654
0755771c
5dc5749e
ce45565d
9d235555
51555557
b195bd55
4557105f
50cf6445
49775055
455544bd
4d4dfcf0
07554575
455d4544
0f5c57d5
7d5b7104
0fdf555a
c4575555
551950d0
55ef16d5
458455c4
75577a11
556354d4
4d535415
cd459850
7b115444
d66dd5f8
514e57d5
15d6d558
494dec54
4d555cc5
460cd7d8
f5545455
54101d75
5d45507a
4d574444
17df3ddc
46511dec
de5510bc
55d70470
41575d75
1905c43c
555540d5
4d55ccfd
7d41d195
6d076e15
0fe5f4d4
4555f4c4
5547745c
5553503d
d1d5459d
57455545
444ffd3d
53dd3451
4111d155
455d4574
86515145
d7472452
9105c054
4d551551
1855945d
14554c65
474555d4
574d5854
550710f5
53759155
ff5d5d44
41504514
176f585c
c5435590
4583f015
496f5451
d5117875
256fe401
11156d50
575dd5f4
154f57f5
fd45d547
5d5550d5
115d4cdd
40514470
45df545c
077dd41d
4244d444
51c1e175
4f487411
57445554
014553dd
47055d14
45c55410
dd05b415
4105dcff
4d4d54f5
4d42d015
590d6175
465544d5
dd40355d
755f5890
5743547d
515d5545
ff457d75
d555bd15
5f4657f0
5f515415
15d55550
5755d5cd
52535cd5
0d5f55d9
591554d5
41975d54
155555c1
174f557c
14d2455d
5346d511
d555655d
57d9551d
874dd5dd
454d40e7
c8e6551c
4e455174
0742a675
2e174372
3dd7575c
4d455575
5d551574
95c7582d
4d45f051
754ed57d
94dde855
cd5715f5
4d9d1f71
994f3094
014d854c
45df9455
55d15955
47952054
57931574
9957f954
58495054
59dd547c
c30f571d
51c5719b
541ff3fd
045511fe
0f6555f5
1f551424
051d3155
515714be
9dd59779
f4455dd4
35575550
9d550914
4f5b55dd
554e5544
23597155
d551f4dd
0e7d5555
1d551695
17c76857
1d05e4f4
4f751955
55457535
dd471df5
4cc45d7d
570de5d5
d5751555
17c6fc94
757d74d8
dc547752
dd15d015
14554465
54555555
75014544
458535c1
7545e45c
1d557155
575dc051
44cb5615
d55f147c
4547fd51
57515550
1b061515
454114dd
c3950751
c3455358
d851f115
1d7d1595
53d55755
455451d8
05451175
1d054972
1d4dd1d5
7555b558
55155c7d
511b74d5
53d5145b
dddf5547
51551735
d7415171
07e15445
19941814
c565d15d
1105d47d
250575f5
564557cc
55571d5d
45ce4475
0c47fc6c
d6147554
5141354d
1d511b5d
fd111546
d755d49d
75049154
45571456
45d55f5e
2f5d5441
65526ed0
0cd559c1
150ff599
15057471
412f5454
5d1d95d9
554d7641
e14f8654
5f975455
5f6f5599
5d4b5514
450f1444
cd57dd5d
d7855cd5
594f5d25
0555453d
156558d3
115d5d74
5655d150
0db5c455
9b755676
171d4454
5515d954
c2db3561
416556cc
55757f51
bf47f69c
575715d4
d5dc1474
47479d55
07553710
54537150
c54d7174
1c05514d
571db557
cd5d55d9
141d5655
1d07d15b
46557cd5
542d7654
1755775c
1dc5749e
ee45565d
9d235555
515555d7
b195bd55
5557105f
50cf6445
49775055
455544bd
4d45fcf0
07d54575
45554544
0f5c57c5
7d5b7184
0f5f555a
c4575555
55195050
55ef16d4
45845dc4
75577e11
556354d4
4d535415
cd559850
7b115c44
946dd5f8
914f57d5
15d6d558
494d6c54
4d555cc1
460cd7d8
f5547455
55121d75
5d45507a
5d574445
17df3ddc
46711dec
dc5511bc
55d78470
41575d75
1905c43c
555540d5
4d55ccfd
7d49d195
6d076e15
0fe5f4d4
4555f5c4
5547545c
5553503d
51d545b5
57455547
444ffd3d
53dd3411
4111d155
455f4564
86515145
d7472453
9105c054
4d551551
1855945d
14554c65
474551d4
574d5854
550710f5
53759155
ff555d44
01594514
174f585c
c5435590
4593f015
497f5411
d5117875
257fe401
15156d58
555dd1f4
154f57f5
fd455547
5d555055
115d6cdd
50514470
05df545c
07fdb41d
4244d444
51c1e175
4f487411
d7c45554
014553dd
47055d14
45c55410
dd05b455
4105dcfe
4d4d54f5
4dc2d015
590d6175
467544d5
dd43355d
754f5090
5743547d
515d5545
ff457575
d555bd15
5f4657f0
5f515415
15d55550
5755d5cd
52535cd5
0d5f55d9
591554d5
41975954
155555c1
574f557c
14d0455d
5346d511
d555655d
57d9551d
874dd55d
554d40e7
c8c6551c
4e475174
0742a675
2c174372
3ddf575c
4d455575
5d541574
95c7582f
4d45f0d1
754ed57d
14dde855
cd5715f5
4d9d1771
994f3094
014d854c
45df9455
55d15955
47952054
57931574
9957f954
5c495054
59dd5c7e
c30f5715
51c5719b
541ff3fd
045410fc
0f6555f5
1f551424
051d3174
514714bf
9dd59779
f4451dd4
37575550
99554914
4f5955dd
554c5544
21597154
d551f4dd
0e5d5555
1d551695
17c76857
1d05e4fc
4f755955
55447534
dd471df5
0cc45d7d
570de5d5
d5751555
17c6fc94
757d7498
dc547752
dd15d055
14554465
54555555
75014444
458535c1
7545e44c
1d557155
5759c051
44cb5615
d55f147c
4547fd51
47515550
1b061515
454114d5
c3951751
c3455358
d851f115
1d7d1595
52d55755
445451f8
45451175
1d054572
1d4dd1d5
7555b5d8
51155c7d
519b34d5
53d5145b
dddf5557
51551735
57415151
07e95445
19961814
c565d55d
1105d47d
050575f5
564557c8
55571d5d
45cc4477
0c47fc6c
d6547554
5141354d
1d511955
fd111546
d755949d
71049154
45571456
45d55f5e
075d5441
65526ed0
0cd551c1
150ff599
15057451
412f5454
5d1dd7d9
550d7641
e14f8654
5f174455
5f6f5599
5d4b5514
450f1444
cd57d55d
57855c95
5d4f5d25
0555453d
146558d3
115d5d74
5655d150
0db5c455
9b75567e
171d4474
5515d954
c2db3561
416556cc
55757d51
b747f69c
571715d4
d5dc1474
47479d55
07553710
54527150
cd4d7174
1c05414d
571db5d7
cd1d55d9
141d5655
1d07d15b
46557cd5
542d7654
1755771c
1dc5749e
ce45565d
9d235555
51555557
b195bd55
4557105f
50cf6445
497750d5
455554bd
4d4dfcd0
07d54575
45554544
0f5c57d5
7d5b3104
0fdf555a
c45755d5
151958d0
55ef16d4
45845dc4
75567e11
556354d4
4d535415
cd459850
7b115444
946dd5f8
514f57d5
55d6d558
494d6c54
5d555dc5
460cd7d8
f5547455
55101df5
5d45507a
5d574444
17df3ddc
46511dec
de5510bc
55d70450
41575d75
1905c43c
55d540d5
4d55cdfd
7d49d195
7d076e15
0fe5f4d4
4555f4c4
5547545c
5553703d
51d545bd
57455545
444ffd3d
53dd3415
4111d155
455f4574
86515145
d7472453
9115c054
4d551551
1855945d
14554c65
47455154
574d5854
550710f5
53759155
ff555d45
41584514
176f585c
c5435590
4583f015
496f5411
d5117875
256fe401
11156d50
555dd5f4
154f57f5
fd455547
5d5550d5
115d2cdd
40514470
05df545c
077db41d
4244d544
51c1e175
4f487411
57445554
014553dd
47055d14
45c55410
dd05b415
4105dcff
4d4d54f5
4dc2d015
590d6175
465544c5
dd43355d
754f5890
5743547d
51dd5545
ff453d75
d555bd15
5f4757f0
5f515415
15d55550
5745d5cd
52535cd5
0d5755d9
581554d5
41975d54
155555c1
574f557c
14d2455d
5346d511
d555655d
57d9551d
874dd5dd
454d40e7
c8c6551c
4e455174
0742a675
2e174372
3dd7575c
4d455575
5d551474
95c7581d
4d45f051
754ed57d
15dde855
cd5715f5
4d9d1f71
994f3094
014d854c
45df9455
55d15955
47942054
57931574
9957f954
5c495054
49dd5c7c
cb0f571d
51c5719b
541ff1fd
045410fc
0f6555f5
1f551424
051d3144
d14714be
99d59779
f4451dd4
35575550
99550d14
4f5955dd
55465544
2159715c
d551f4dd
0e5d5555
1d551495
17c76857
1d05c4f4
4f751955
55457535
dd471df5
4cc45d7d
570de5d5
d5751554
17c6fc94
757d7498
dc547752
dd15d055
14554465
14455554
75014444
458531c1
7545e45c
1d557155
5759c051
44cb5615
d55f147c
4547fd51
47515550
1b061515
454114d5
c3950751
c345535c
d851f115
0d5d1595
53d75755
455451f8
05451175
1d054172
1d4dd1d4
7555b558
51055c7d
519b74d5
51d5145b
dddf5547
51551735
d7415151
07e15445
19941814
c565d15d
1105d47d
050575f5
564557cc
55571d5d
45ce4c77
0c47fc6c
d6547554
5541354d
1d51195d
fd111546
d755949d
75049154
45d71456
45d55f5c
0f5d5441
65526ed0
0cd551c1
150ff599
15057451
412f5454
5d1d95d9
554d7641
e14f8654
5f174455
4f6f5599
5d4b5514
450f1444
cd57dd7d
57c55c95
5d4f5d25
0555441d
146558d3
515d5d74
5655d150
0db5c455
1b75567e
171d4574
5515d954
c2db3561
416556cc
55657d51
bf47f69c
575715d5
d5dc0474
47479d55
05553710
54527150
cd4d7174
0c05514d
571db5d7
cd5d55d9
151d5655
0d07d15b
46557cd5
542d7454
0755771c
1dc5749e
ce45565d
9d235555
51555557
b185bd55
4557105f
50cf6444
49775055
455544bd
4d4dfcd0
07554475
455d4544
0f5457c5
7d5b3184
4f5f551a
c45755d5
551950d0
55ef16d4
45845dc4
75d67a11
556354d4
4d535415
cd4598d0
7b115444
d46dd5f8
514f57d5
15d6d558
494decd4
4d555cc1
460cd5d8
f5547455
54101d75
dd45507a
5d574444
17df3cdc
46511dec
dc5510bc
55d70450
41575d75
1905c43c
555540d5
4d55ccfc
7d41d195
7d076e15
0fe5f4d4
4555f4c4
5547745c
5553503d
d1d5459d
57455545
444ffd3d
53dd3415
4111d155
455f4564
86515145
d7472452
9105c054
4d551551
1855945d
14554c65
474555d4
574d5854
550710f5
53759155
ff555d44
41504514
176f5c5c
c5435510
4583f015
494f5411
d5117875
256fe401
11156d50
555dd5f5
154755f5
fd455547
5d5550d5
115d0cdd
40514470
05df545c
076d941d
4244d444
51c1e175
4f487410
57445554
014553dd
47055d14
45c55410
dd05b455
4105dcfe
4d4d54f5
4dc2d015
590d6175
465544d5
dd413d5d
754f5190
5743747d
51df5545
ff457d75
d555bd15
5f4657f0
5f515435
15d55550
d755d5cd
52535cd5
0d5755d9
591554d5
41975954
155555c1
574f557c
14d2455d
7346d511
d555655d
57d9551d
874dd5dd
474d40e7
cae2551c
4e45d174
0742a675
2e174372
3ddf575c
4d475575
5d541574
95c7583f
4d45f051
354ed57d
14dde855
cd5715f5
4f9d1f71
994f3094
014d854c
45df9455
55d15955
47952054
57931574
9957f954
5c495054
59dd546e
cb0f571d
51c5719b
541ffbfd
045511fe
0f6555f5
1f551424
051d3154
515f14bf
9dd59779
f445ddf4
3f575550
9d554914
4f1955dd
554c5544
23597154
d551f4dd
0f7d5555
1d551695
37876857
1d05e4f8
4f751955
55447535
dd475df5
0cc45d7d
570de5d5
d5751555
15c6fc94
757d74d8
dc547752
dd15d085
14554465
54554555
75036544
458535c1
7545e44c
1d557155
575dc051
64cb5615
d55f147c
4747fd51
47515550
1b061515
454114d5
c3950751
c3455358
d851f115
1d7d1595
53d55755
555451f8
05451175
1d054572
1d4dd1d5
7555b558
51015c7d
51137455
13d5145b
dfdf5547
51551735
d7415171
07e15445
19961814
c565d155
1105d47d
250575f5
566557cc
15571d5d
45ce4477
0c47fc6c
d6147554
5141354d
1d511b55
fd191546
d755d49d
75049154
45d71456
45d55f5e
235d5041
65526ed0
0cd759c1
150ff519
15057451
41af5454
5d1d97d9
554d7641
e14f8654
5f175455
5f6f5599
5d4b5514
450f1444
cd57dd7d
d7857cd5
595f5d25
0555453d
16655893
115d5d74
5455d150
0db5c555
9b75d676
17194454
5515d954
c2db3561
417556cc
55757e51
bf47f69c
571715f5
d5dc1474
47479d55
07553310
54537150
cd4d7174
1e05515d
571db5d7
cd1f55d9
141d7655
1d07d15b
46557cd1
542d7654
0755771c
1dc7709e
ce45565d
9d275555
51555557
b195bd55
5557105f
50cf6445
497750d5
455554bd
4d4dfcf0
07f54575
45554544
0f5c57c5
7d5b7184
0f5f555a
c45755d5
551958d0
55ef16d4
45845dc4
75777e11
556354d4
4d735415
cd459850
7b115c44
966dd5fa
d14f57d5
15d6d558
494d6c54
5d5558c5
460cd7d8
f5547455
54101d75
dd45507a
5d574445
17df3dd4
c6711dec
fe5712bc
55d70470
49575d75
1905c43c
55d540d5
4d55ccfd
fd41d1b5
7d076e95
0fe5f4d4
4555fdcc
5567545c
5553703d
d1d745b5
57475547
444ffd3d
53dd3453
4111d155
455f4574
86515145
d7472452
9115c054
4d551551
1855905d
14554c75
47455154
574d5854
550710f5
53759155
ff5d5d45
41584514
176f585c
c5635590
4593f015
497f5411
d5117875
256fe441
15156d58
d75dd1f4
154f57f5
fd45d547
5d5550d5
115d2cdd
50516470
05df505c
077db41d
4244d444
51c1e175
4f487c11
57c45554
014553dd
47055d14
45c55410
dd05b455
5105dcff
4d4d54f5
4dc2d015
590d6175
465544c5
dd41355d
754f5890
5743547d
515d5545
ff457d75
d555bd15
5f4657f0
5f515435
15d55550
5755d5cd
5a535cd5
0d5f55d9
591554d5
41975954
155555c1
574f557c
14d2455d
5346d511
d555655d
57d9551d
874dd5dd
554d40e7
cae6751c
4e455174
0742a675
2e174372
3dd7575c
4d475575
5d441574
95c7583d
4d45f051
354ed57d
94ddec55
cd5715f5
4d9d1f71
994f3094
014d854c
45df9455
55d15955
47952054
57931574
9957f954
5c495054
59dd5c7e
cb0fd71d
51c5719b
541ff3fd
045411fe
0f6555f5
0f551424
051d3144
d15f14be
9dd59779
f4451dd4
37575550
9d554914
4f5955dd
554e5544
21597154
d551f4dd
0f7d5555
1d551695
17c76857
1d05e4fc
4f755955
55457535
dd471df5
4cc45d7d
570de5d5
d5751555
17c6fc94
757d74d8
dc547752
dd15d015
14554465
54555555
75014544
458531c1
7545e44c
1d557155
575dc051
44c35615
d55f147c
4547fd51
47515550
1b061515
454114d5
c3951751
c345535c
d851f115
1d7d1595
53d55755
455451f8
05451175
1d054172
1d4dd1d5
7555b5d8
55115c7d
519b74d5
53d5145b
dddf5547
51551735
d7415171
07695445
19961914
c565d15d
1105d47d
250575f5
564557c8
55579d5d
45ce4477
0c47fc6c
d6147554
5141354d
5d51185d
fd111546
d745d49d
75059154
45d71456
45d55f5e
075d5441
65526ed0
0cd559c1
150ff519
15057451
41af5454
5d1d97d9
554d7641
e14f8654
5f174455
5f6f5599
5d4b5510
450f1444
cd57dd7d
57857cd5
595f5d25
0555451d
146558d3
515d5d74
5655d1d0
0db5c455
9b75567e
171d4474
5515d954
c2db3561
416556cc
55757f51
bf47f69c
575715d5
d5dc1474
47479d55
07553710
54527150
cd4d7174
1c05514d
571db5d7
cd5d55d9
141d7655
1d07d15b
46557cd5
542d7654
0755771c
9dc5749e
ce45565d
dd235555
515555d7
b185bd55
4557105f
50cf6445
497750d5
455554bd
4d45fcf0
07d54575
45554544
0f5c57c5
7d5b3184
0f5f551a
c45755d5
551958d0
55ef16d4
45845dc4
75577e11
556354d4
4d535415
cd4598d0
7b115444
966dd5f8
d14f55d5
15d6d558
494dec54
4d5558c5
460cd7d8
f5547455
54101d75
5d45507a
5d574445
17df3ddc
46711dec
de5510bc
55d70470
41575d75
1905c43c
555540d5
4d55cdfd
7d41d195
7d076e15
0fe5f4d4
4555f4cc
5547745c
5553703d
51d545bd
57475547
444ffd3d
53df3417
4111d155
455f4574
86515145
d7472453
9105c054
4d551551
1855945d
14554c65
07455154
574d5854
550710f5
53759155
ff555d45
41584514
176f585c
c5435590
4593f015
497f5411
d5117875
257fe401
15156d58
d55dd5f4
154757f5
fd455547
5d5550d5
115d2cdd
50514470
05df545c
077db41d
4244d444
51c1e175
4f487430
57445554
014553dd
47055d14
45c55410
dd05b455
4105dcff
4d4d54f5
4d46d015
590d6175
465544c5
dd433d5d
754f5890
5743547d
515d5545
ff457d75
d555bd15
5f4657f0
5f515415
15d55550
5755d5cd
52535cd5
0d5f55d9
591554d5
41975d54
155555c1
574f557c
14d2455d
5346d515
d555655d
57d9551d
874dd5dd
454d40e7
48c6551c
4e455174
0742a675
2e174372
3dd7575c
4d475575
5d551574
95c7580d
4d45f059
354ed57d
94dde855
cd5715f5
4d9d1f71
994f3095
014d854c
45df9455
55d15955
47952054
57931574
9957f954
5c495054
49dd5c7c
cb0fd71d
51c5719b
541ff3fd
045410fe
0f6555f5
1f551424
055d3155
515714be
9dd59779
f4459dd4
37575550
9d550914
4f1955dd
55445544
2159715c
d551f4dd
0e7d5555
1d551695
17c76857
1d05e4fc
4f751955
55447535
dd471df5
4cc45d7d
570de5d5
d5751555
15c6fc94
757d74d8
dc547752
dd15d0d5
14554465
54555554
7501c444
458535c1
7545e45c
1d557155
575dc051
44cb5615
d55f147c
4547fd51
47515550
1b061515
454114d1
c3951751
c3455358
d851f115
0d5d1595
53d55355
455451d8
05451175
1d054172
1d4dd1d5
7555b558
51155c7d
511b7455
53d5145b
dddf5547
51551735
d7415171
07e95445
19961914
c565d15d
1105d47d
050575f5
564557cc
15571d5d
45ce5c77
0c47fc6c
d6147554
5141354d
5d51195d
fd191544
d755949d
75049154
45d71456
45d55f5e
0f5d5441
65526ed0
0cd559c1
150ff599
15057451
412f5454
5d1d95d9
554d7641
e14f8654
5f174455
5f6f5599
5d4b5514
450f1444
cd57dd5d
d7855c95
5d4f5d25
0555453d
146558d3
115d5d74
5655d150
0db5c055
1b75567e
171d4474
5515d954
d2db3561
416556cc
55657f51
bf47f6bc
575715d4
d5dc1474
47479d55
07553310
54537150
cd4d7174
0c05514d
571db5d7
cd1d55d9
041d7655
1d07d15b
46557cd5
142d7654
0755775c
1dc5749e
ce45565d
9d235555
515555d7
b195bd55
4557105f
50cf6445
49775055
455544bd
4d4dfcf0
07554575
45554544
0f5c57d5
7d5b3184
0f5f555a
c45755d5
551958d0
55ef16d5
458455c4
75567e11
556354d4
4d535415
cd4598d0
7b115444
946dd5f8
d14e57d5
15d6d558
494dec54
4d5558c5
460cd7d8
f5545455
54101d75
dd45507a
5d574444
17df3ddc
46711dec
de5510bc
55d70470
41575d75
1905c03c
555540d5
4d55ccfd
7d49d195
7d076e15
0fe5f4d4
4555fcc4
5547545c
5553703d
51d545b5
57455547
444ffd3d
53dd3451
4111d155
455f4564
86515145
d7472452
9105c054
4d551551
1855905d
14554c65
474555d4
574d5854
550710f5
53759155
ff555d45
41584514
176f5c5c
c5435590
4513f015
495f5411
d5117875
256be401
15156d50
555dd5f4
154f57f5
fd455547
5d5550d5
115d2cdd
50514470
05df545c
07fd941d
4244d444
51c1e175
4f487410
57445554
014553dd
47055d14
45c55410
dd05b455
4105dcfe
4d4d54f5
4d42d015
590d6175
465544c5
dd43355d
754f5890
5743547d
515d5545
ff457d75
d555bd15
5f4657f0
5f515415
15d55550
5755d5cd
5a535cd5
0d5755d1
590554d5
41975d54
155555c1
174f557c
14d04d5d
53465511
d555655d
57d9553d
874dd5dd
454d40e7
c8e2551c
4e455174
0742a675
2e174372
3dd7575c
4d475575
5d541574
95c7582d
4d45f051
554ed57d
94dde855
cd1715f5
4d9d1f71
994f3094
014d854c
45df9455
55d15955
47952054
57931574
9917f954
5c495054
49dd5c7e
c30f571d
51c5719b
541ff3fd
045410fc
0f6555f5
0f551424
051d3154
d14714be
99d59779
f4455dd4
37575550
9d554915
4f5955dd
55445544
21597155
d551f4dd
0e5d5555
1d551695
17c76857
1d05c4f4
4f751955
55457535
dd471df5
0cc45d7d
570de5d5
d5751555
15c6fc14
757d7498
dc547752
dd15d0d5
14554475
54555555
75014444
458535c1
7545e45c
1d557155
575dc051
44cb5615
d55f147c
4747fd51
47515550
13061515
454114d5
c3950751
c3455358
d851f115
0d5d1594
52d75755
455451d8
05451175
1d054172
1d4dd1d4
7555b558
51055c7d
51937455
51d5145b
dddf5547
51551735
d7415171
07e15445
19941914
c565d15d
1105d47d
050575f5
564557cc
55571d5d
45ce4477
0c47fc6c
d6147554
5541354d
5d51195d
ed111546
d755949d
75049154
45d71456
45d15f5e
075d5441
65526ed0
0cd559c1
150ff599
15057451
412f5454
5d1d9fd9
554d7641
e14f8654
5f175455
4f6f5599
5d4b5514
450f1444
cd57d55d
57855c95
594f5d25
0555451d
146558d3
515d5d74
5655d150
0db5c455
9b755676
17194474
5515d954
c2db3561
417556cc
55757d51
bf47f69c
575715d5
d5dc1474
47479d55
07553710
54527150
c54d7174
1c05514d
575db5d7
cd1d55d9
041d5655
1d07d15b
46557cd5
542d7654
0755771c
5dc5749e
ce45565d
9d275555
51555557
b185bd55
4557105f
50cf6445
49775055
455554bd
4d45fcd0
07554575
45554544
0f5c57d5
7d5b3184
0f5f555a
c4575555
551958d0
55ef16d4
45845dc4
75567e11
556254d4
4d735415
cd459850
7b115444
d66dd5f8
514f57d5
15d7d558
494decd4
5d555cc5
460cd7d8
f5545455
54101d75
5d45507a
4d574444
17df3ddc
46511dec
dc5510bc
55d70470
41575d75
1905c43c
55d540d5
4d55ccfd
7d41d195
7d076e15
0fe5f4d4
4555f4c4
5547745c
5553703d
51d545bd
57475547
444ffd3d
53dd3415
4111d155
455f4574
86515045
d7472452
9105c054
4d551551
1855945d
14554c65
474555d4
574d5854
550710f5
53759155
ff5d5d44
01584514
176f5c5c
c5435590
4593f015
496f5411
d5117875
256fe401
11156d50
555dd5f4
154757f5
fd45d547
5d5550d5
115d6cdd
50514470
05df545c
07edf41d
4244d544
51c1e175
4f487411
57445554
014553dd
47055d14
45c55410
dd05b455
4105dcff
4d4d54f5
4dc2d015
590d6175
465544c5
dd433d5d
754f5890
5743547d
51dd5545
ff457575
d555bd15
5f4757f0
5f515415
15d55550
5755d5cd
52535cd5
0d5755d1
591554d5
41975954
155555c1
574f557c
14d0455d
5346d511
d555655d
57d9551d
874dd5dd
454d40e7
cae6551c
4e455174
0742a675
2e174372
3ddf575c
4d455575
5d541574
95c758bd
4d45f059
754ed57d
94cde855
cd5715f5
4f9d1771
994f30b4
014d854c
c5df9455
55d15955
47952054
57931574
9957f954
5c495054
59dd5c7e
cb0fd71d
51c5719b
541ff3fd
045511fc
0f6555f5
1f551424
051d3154
514714be
9dd59779
f4451dd4
37575550
99550d14
4f5955dd
554e5544
2159715c
d551f4dd
0e5d5555
1d551495
37c76857
5d05c4fc
4f751955
55c57535
dd471df5
4cc45d7d
570de5d5
d5751555
15c6fc14
757d74d8
dc547752
dd15d095
14554465
54555555
7501c544
458535c1
7545e44c
1d557155
5759c051
44cb5615
d55f147c
4547fd51
47515550
1b061515
454114dd
c3951751
c345535c
d851f115
0d5d1594
52d75755
455451f8
45451175
1d054572
1d4dd1d4
7555b558
51055c7d
511334d5
53d5145b
dddf5547
51551735
d7415151
07e15445
19961814
c565d55d
1105d47d
250575f5
564557cc
55571d5d
45cc4477
0c47fc6c
d6547554
5141354d
5d51195d
fd191546
d755d49d
75049154
45d71456
45d55f5e
0f5d5441
65536ed0
0cd559c1
150ff519
15057451
412f5454
5d1d95d9
554d7641
e14f8654
5f175455
4f6f5599
5d4b5514
450f1444
cd57dd7d
57c55cd5
5d5f5d25
0555451d
546558d3
515d5d74
5655d150
0db5c455
9b75567e
179d4574
5515d954
c2db3561
416556cc
55757d51
bf47f69c
575715d4
d5dc1474
47479d55
07553710
54527154
cd4d7174
1c05514d
575db5d7
cd5d55d9
141d7655
1d07d15b
46557cd5
542d7654
1755771c
5dc5749e
ee45565d
9d235555
515555d7
b195bd55
4557105f
50cf6445
49775055
455554bd
4d45fcd0
07d54575
45554544
0f5c57d5
7d5b3184
0fdf551a
c45755d5
551958d0
55ef16d4
45845dc4
75577e11
556354d4
4d535415
cd4598d0
7b115c44
d46d55f8
514f57d5
15d6d558
494decd4
5d555cc5
460cd7d8
f5547455
54101d75
fd45507a
5d574444
17df3ddc
46711dec
dc5510bc
55d70470
49575d75
1905c43c
55d540d5
4d55ccfd
7d41d195
7d076e15
0fe5f4d4
4555fccc
5547745c
5553703d
51d545bd
57455547
444ffd3d
53dd3415
4111d155
455f4574
86515145
d3472452
9105c054
4d551551
1855945d
14554c65
07455154
574d5954
550710f5
53759155
ff555d44
41594514
176f585c
c5435590
4593f015
496f5411
d5117875
256be401
15156d58
555dd5f4
154757f5
fd455547
5d5550d5
115d2cdd
50514470
05df545c
07fd941d
4244d444
51c1e175
4f487410
57445554
014553dd
47055d14
45c55410
dd05b455
4105dcff
4d4d54f5
4dc2d015
590d6175
465544d5
dd41355d
754f5890
5743547d
51dd5545
ff457d75
d555bd55
5f4657f0
5f515415
15d55550
5755d5cd
52535cd5
0d5755d9
590554d5
41975d54
155555c1
574f557c
14d2455d
5346d511
d555655d
57d9551d
874dd5dd
474d40e7
c8e6551c
4e455174
0742a675
2e174372
3dd7575c
4d475575
5d451474
95c7583d
4d45f059
354fd57d
94dde855
cd5715f5
499d1771
994f30b4
014d854c
c5df9455
55d15955
47942054
57931574
9957f954
5c495054
49dd5c7c
c30fd71d
55c5719b
541ff3fd
445511fc
0f6555f5
1f551424
055d3154
d14714bf
99d59779
f4459dd4
35575550
9d550914
4f5955dd
55445544
2159715c
d551f4dd
0e5d5555
1d551495
17c76857
1d05e4fc
4f755955
55447534
dd471df5
4cc45d7d
570de5d5
d5751555
17c6fc94
757d7498
dc547752
dd15d0d5
14554465
54555555
7501c444
458535c1
7545e45c
1d557155
5759c051
44cb5615
d55f147c
4547fd51
4f515550
1b061515
454114d5
c3950751
c345535c
d851f115
0ddd1595
53d55755
455451f8
05451175
1d054d72
1d4dd1d5
7555b558
51015c7d
51933455
53d5145b
dddf5547
51551735
d7415171
07e15445
19941914
c565d55d
1105d47d
050575f5
564557cc
55571d5d
45ce4477
0c47fc6c
d6147554
5141354d
1d51195d
fd111546
d755d49d
75049154
45d71456
45d15f5e
0f5d5441
65526ed0
0cd551c1
150ff599
15057451
412f5454
5d1d95d9
554d7641
e14f8655
5f974455
5f6f5599
5d4b5514
450f1444
cd57d57d
d7c55c95
594f5d25
8555441d
146558d3
515d5d74
5655d150
0db5c455
db75567e
175d4474
5515d954
c2db3561
416556cc
55657d51
bf47f6bc
575715d4
d5dc1474
47479d55
07553710
54527154
cd4d7174
0c05514d
575db5d7
cd1d55d9
14157655
1d07d15b
46557cd5
542d7654
1755775c
5dc5749e
ce45565d
9d235555
51155557
b185bd55
4557105f
50cf6445
497750d5
455554bd
4d4dfcd0
07554575
455d4544
0f5c57d5
7d5b7184
0fdf555a
c4575555
551958d0
55ef16d4
45845dc4
75d77a11
556254d4
4d735415
cd4598d0
7b115c44
d66dd5f8
534f57d5
15d6d558
494decd4
4d555cc5
460cd7d8
f5547455
54101d75
5d45507a
5d574445
17df3cdc
46511dec
de5510bc
55d70470
41575d75
1d05c43c
55d540d5
4d55ccfd
7d41d195
6d076e15
0fe5f4d4
4555f4c4
5547745c
5553703d
d1d545bd
57455545
444ffd3d
53dd3415
4111d155
455f4574
86515145
d7472453
9105c054
4d551551
1855945d
14554c65
474555d4
574d5854
550710f5
53759155
ff555d44
41584514
176f585c
c5435590
4583f015
496f5411
d5117875
256fe401
11156d58
c75dd5f4
154f57f5
fd455547
5d5550d5
115d6cdd
40514470
05df545c
07ed941d
4244d444
51c1e175
4f487410
57c45554
014553dd
47055d14
41c55410
dd05b455
4105dcff
4d4d54f5
4dc2d015
590d6175
465544c5
dd42355d
754f5890
5543547d
515d5545
ff457d75
c555bd55
5f4657f0
5f515415
15d55550
5745d5cd
52535cd5
0d5755d9
595554d5
41975d54
155555c1
174f557c
14d04d5d
5346d515
d555655d
57d9551d
874dd5dd
454d40e7
c8e6551c
4e455174
0742a675
2c174372
3dd7575c
4d475575
5d441474
95c758bd
4d45f051
754fd57d
94cde855
cd5715f5
4d9d1f71
994f30b4
014d854c
c5df9455
55d15955
47952054
57931574
9957f954
5c495054
49dd5c7c
c30f5715
55c5719b
541ff1fd
045410fc
0f6555f5
0f5d1424
855d3154
d14714be
99d59779
f4451dd4
35575550
9d554914
4f5955dd
554c5544
2159715c
d551f4dd
0e5d5555
1d551495
17c76857
5d05c4fc
4f755955
55657535
dd475dd5
0cc45d7d
570de5d5
d5751555
17c6fc94
757d7498
dc547752
dd15d0d5
14554465
54555555
7501c444
458535c1
7545e45c
1d557155
5759c051
44cb5615
d55f147c
4547fd51
47515550
1b061505
454114d5
cb950751
c345535c
d851f115
0d5d1594
53d75755
455451d8
45451175
1d054172
1d4dd1d4
7555b5d8
51155c7d
519b7455
53d5145b
dddf5547
51551735
d7415171
07e95445
19961914
c565d15d
1105d47d
050575f5
564557cc
15571d5d
45ce4475
0c47fc6c
d6547554
5141354d
1d51185d
fd191546
d7559495
75049154
45d71456
45d15f5e
0f5d5441
65526ed0
0cd551c1
150ff598
15057451
412f5454
5d1d95d9
550d7641
e14f8654
5f974455
5f6f5599
5d4b5514
450f1444
cd57dd7d
d7855cd5
594f5d24
0555451d
146558d3
515d5d74
5655d150
0db5c455
9b75567e
175d4474
5515d954
c2cb7561
416556cc
55657c51
bf67f6bc
575715d4
d5dc1474
47479d55
07553710
54537154
cd4d7174
0c05594d
571db5d7
cd5d55d9
141d5655
1d07d15b
46557cd5
142d7654
0755771c
ddc5749e
ce45565d
9d235555
515555d7
b185bd55
4557105f
50cf6445
497750d5
455444bd
4d4dfcd0
07554575
455d4544
0f5c57d5
7d5b3184
4fdf551a
c45755d5
551978d0
55ef16d4
45845dc4
75d77a11
556254d4
4d735415
cd4598d0
7b115444
d46dd5f8
114e57d5
15d6d558
494d6c54
4d555cc5
460cd5d8
f5547455
54101df5
5d45507a
4d574444
17df3ddc
46511dec
de5510bc
55d70470
41575d75
1905c43c
515540d5
4d55ccfd
7d41d195
6d076e15
0fe5f4d4
4555f4c4
5547745c
5553503d
51d545bd
57455547
444ffd3d
53dd3415
4111d155
455f4564
86515145
d7472452
9115c054
4d551551
1855945d
14554c65
474551d4
574d5854
550710f5
53759155
ff555d44
41504514
176f585c
c5435590
4583f015
496f5451
d5117875
257fe401
15156d50
555dd5f4
154755f5
fd45d547
5d5550d5
115d2cdd
50514470
45df545c
077d941d
4244d444
51c1e175
4f487c10
57c45554
014553dd
47055d14
41c55410
dd05b455
4105dcfe
4d4d54f5
4dc2d015
590d6155
465544c5
dd41355d
754f5890
5743547d
515d5545
ff457575
d555bd55
5f4657f0
5f515415
15d55550
5755d5cd
52535cd5
0d5755d9
591554d5
41975d54
155555c1
174f557c
14d2455d
5346d511
d555655d
57d9551d
874dd55d
454d40e7
c8e6551c
4e455174
0742a675
2e174372
3ddf575c
4d455575
5d551574
95c7583d
4d45f051
354ed57d
94dde855
cd5715f5
4d9d1f71
994f3094
014d854c
45df9455
55d15955
47952054
57931574
9957f954
5c495054
49dd5c7e
c30f571d
51c5719b
541ff3fd
045511fc
0f6555f5
0f551424
851d3164
515714bf
9dd59779
f4451dd4
37575550
9d554914
4f5955dd
554c5544
2159715c
d551f4dd
0f7d5555
1d551695
37d76857
1d05c4fc
4f751955
55457535
dd475df5
4dc45d7d
570de5d5
d5751555
17c6fc94
757d74d8
dc547752
dd15d095
14554465
54555555
75036444
458535c1
7545e44c
1d557155
5759c051
64cb5615
d55f147c
4547fd51
47515550
1b061505
454114d5
c3951751
c345535c
d851f115
0d7d1595
52d55755
455451f8
05451175
1d054172
1d4dd1d5
7555b558
55155c7d
51937455
53d51453
dddf5547
51550735
d7415171
07e95445
19961914
c565d15d
1105d47d
050575f5
564557cc
55571d5d
45ce4c77
0c47fc6c
d6147554
51413545
5d51195d
fd111546
d755d495
71049154
45d71456
45d55f5e
0b5d5041
65526ed0
0cd551c1
150ff599
15057451
412f5454
5d1d97d9
554d7641
e14f8654
5f174455
5f6f5599
5d4b5514
450f1444
cd57dd5d
57855cd5
594f5d25
0555453d
14655893
115d5d74
5655d150
0db5c455
9b75567e
171d4474
5515d954
c2db3561
416556cc
55757f51
bf47f69c
575715d5
d5dc1474
47479d55
07553310
54537154
cd4d7174
1c05414d
571db557
cd5d55d9
141d7655
1d07515b
46557cd5
542d7654
0755771c
5dc5709e
ce45565d
9d235555
515555d7
b185bd55
4557105f
50cf6445
49774055
455554bd
4d4dfcf0
07f54575
45554544
0f5c57c5
7d5b7184
0f5f555a
c45755d5
551950d0
55ef16d4
45845dc4
75577e11
556354d4
4d535415
cd459850
7b115444
d66dd5f8
114f57d5
15d6d558
494dec54
5d555cc5
460cd7d8
f5547455
54101d75
5d45507a
5d574445
17df3ddc
46711dec
dc5712bc
55d70470
41575d75
1905c43c
555540d5
4d55cdfd
7d49d195
6d076e15
0fe5f4d4
4555f4cc
5547545c
5553503d
51d54595
57455547
444ffd3d
53dd3415
4111d155
455f4574
86515145
d7472453
9115c054
4d551551
1855905d
14554c65
47455554
574d5854
550710f5
53759155
ff555d44
41584514
176f585c
c5435590
4593f015
497f5411
d5117875
257fe401
15156d50
d55dd5f4
154f57f5
fd455547
5d5550d5
115d2cdd
50514470
45df545c
077db41d
4244d444
51c1e175
4f487410
57445554
014553dd
47055d14
55c55410
dd05b455
4105dcfe
4d4d54f5
4dc2d015
590d6175
467544d5
dd43355d
754f5894
5743747d
515d5545
ff457575
d555bd15
5f4657f0
5f515415
15d55550
5755d5cd
52535cd5
0d5f55d9
591554d5
41975d54
155555c1
574f557c
14d2455d
5346d510
d555655d
57d9551d
874dd5dd
474d40e7
c8c6751c
4c455174
0742a675
2e174372
3ddf575c
4d475575
5d551574
95c758bf
4d45f059
754ed57d
94ddec55
cd5715f5
4f9d1f71
994f3094
014d854c
45df9455
55d15955
47952054
57931574
9957f954
5c495054
59dd5c7e
c30f5715
51c5719b
541ff3fd
045515fc
0f6555f5
1f551424
051d3154
d15714bf
99d59779
f4451dd4
37575550
9d554915
4f5955dd
554e5544
2359715c
d551f4dd
0e7d5555
1d551495
37df6857
5d05e4fc
4f751955
55457535
dd471df5
4cc45d7d
570de5d5
d5751555
15c6fc94
757d7498
dc547752
dd15d015
14554465
54555555
75014544
458535c1
7545e45c
1d557155
575dc051
44cb5615
d55f147c
4547fd51
47515550
1b061515
454114d5
c7950751
c345535c
d851f115
1d7d1595
53d75755
455451f8
05451175
1d054572
1d4dd1d4
7555b558
55155c7d
51937455
53d5145b
dddf5547
51551735
d7415171
07e15445
19961914
c565d15d
1105d47d
650575f5
564557cc
55571d5d
45ce4475
0c47fc6c
d6147554
5141354d
1d51195d
fd191544
d745d49d
71059154
45d71456
45d15f5e
0f5d5441
65526ed0
0cd559c1
150ff599
15057551
412f5454
5d1d95d9
554d7641
e14f8654
5f174455
5f6f5599
5d4b5514
450f1444
cd57d55d
d7855cd5
5d4f5d25
0555553d
146558d3
115d5d74
5655d150
0db5c455
9b75567e
175d4474
5515d954
c2db3561
417556cc
55757f51
bf47f6bc
575715d4
d5dc1474
47479d55
07553710
54527150
cd4d7174
1c05514d
575db5d7
cd1d55d9
141d5655
1d07d15b
46557cd5
542d7654
0755771c
5dc5749e
ce45565d
dd235555
515555d7
b195bd55
4557105f
50cf6445
497750d5
455554bd
4d4dfcf0
07d54575
45554544
0f5c57d5
7d5b3104
0f5f555a
c45755d5
551970d0
55ef16d4
458455c4
75567e11
556354d4
4d735415
cd459850
7b155c44
d66dd5f8
514f57d5
55d7d558
494decd4
55555cc5
460cd7d8
f5547455
54101d75
5d45507a
5d574444
17df3ddc
46711dec
dc5510bc
55d70470
41575d75
1905c43c
555540d5
4d55ccfd
7d41d195
7d076e15
0fe5f4d4
4555f4cc
5547745c
5553703d
51d5459d
57455547
444ffd3d
53dd3413
4111d155
455f4574
86515145
d7472453
9105c054
4d551551
1855945d
14554c65
474551d4
574d5854
d50710f5
53759155
ff555d44
41594514
176f5c5c
c5435590
4583f015
496f5411
d5117875
257fe401
11156d58
d75dd5f4
154f57f5
fd455547
5d5550d5
115d2cdd
50514470
05df545c
077db41d
4244d444
51c1e175
4f487c11
57445554
014553dd
47055d14
55c55410
dd05b415
4105dcff
4d4d54f5
4dc2d015
590d6175
465544c5
dd43355d
754f5890
5743547d
51dd5545
ff457d75
d555bd15
5f4457f0
5f515515
15d55d50
5755d5cd
52535cd5
0d5755d9
591554d5
41975d54
155555c1
174d557c
14d24d5d
5346d511
d555655d
57d9551d
874dd5dd
574d40e7
48e6551c
4e455174
0742a675
2e174372
3dd7575c
4d455575
4d451574
95c758bd
4d45f051
754ed57d
94cde855
cd5715f5
4f9d1f71
994f3094
014d854c
c5df9455
55d15955
47952054
57931574
9957f954
5c495054
59dd5c7c
c30fd719
5dc5719b
541ffbfd
045491fe
0f6555f5
1f551424
055d3154
d14714be
9dd59779
f445ddf4
35575550
9d550914
4f5955dd
554e5544
2159715c
d551f4dd
0e7d5555
1d551495
17d76857
5d05c4fc
cf751955
55457535
dd475df5
4cc45d7d
570de5d5
d5751555
15c6fc94
757d7498
dc547752
dd15d0d5
14554465
54555555
75014444
458535c1
7545e45c
1d557155
5759c051
44cb5615
555f147c
4747fd51
4f515550
1b061505
454114d1
c3950751
c345535c
d851f155
1d5d1595
53d75755
455451f8
45451175
1d054572
1d4dd1d4
7555b5d8
55115c7d
519374d5
51d51459
dddf5557
51559735
d7415151
07e95445
19941814
c565d55d
1105d47d
050575f5
564557c8
15571d5d
45cc4c75
0c47fc6c
d6147554
5541354d
1d511955
fd1d1546
d755d49d
75049154
45d71456
45d55f5e
0f5d5441
65536ed0
0cd559c1
150ff599
15057451
412f5454
5d1d9dd9
550d7641
e14f8654
5f975455
5f6f5599
5d4b5514
450f1444
cd57dd7d
d7c55cd5
5d5f5d25
0555551d
146558d3
515d5d74
5655d150
0db5c055
9b75567e
175d4474
5515d954
c2db7561
416556cc
55757d51
bf47f69c
575715d4
d5dc1474
47479d55
07553710
54527150
cd5d7174
1c05595d
571db5d7
cd1d55d9
141d5655
1d07d15b
46557cd5
542d7654
1755771c
9dc5709e
ce45565d
9d275555
515555d7
b195bd55
45d7105f
50cf6445
49775055
455554bd
4d4dfcd0
07d54575
455d4544
0f5c57d5
7d5b7184
0f5f555a
c45755d5
551958d0
55ef16d4
458455c4
75577e11
556354d4
4d53d415
cd4598d0
7b115444
966dd5f8
514f57d5
15d6d558
494decd4
5d555cc5
460cd5d8
f5547455
54101d75
dd45507a
5d574444
17df3ddc
46511dec
de5510bc
55d70070
41575d75
1d05c43c
555540d5
4d55ccfd
7d41d195
7d076e15
0fedf4d4
4555f4c4
5547745c
5553503d
51d545bd
57455547
444ffd3d
53dd3455
4111d155
455f4564
86515145
d7472452
9105c054
4d551551
1855945d
14554c65
074551d4
574d5854
550710f5
53759155
ff555d44
41504514
176f585c
c5435590
4583f015
497f5411
d5117875
257fe401
11156d5c
d55dd5f5
154757f5
fd45d547
5d5550d5
115d6cdd
40514470
45df545c
07fd941d
4244d444
51c1e175
4f487411
57c45554
014553dd
47055d14
45c55410
dd05b455
4105dcff
4d4d54f5
4dc6d015
590d6175
465544d5
dd43355d
754f5890
5743747d
51dd5545
ff457575
d555bd15
5f4657f0
5f515415
15d55550
5755d5cd
52535cd5
2d5f55d9
591554d5
41975d54
155555c1
174f557c
14d0455d
5346d511
d555655d
57d9551d
874dd5dd
454d40e7
cac6551c
4e455174
0742a675
2e174372
3ddf575c
4d475575
5d541574
95c7582f
4d45f051
354ed57d
94dde855
cd5715f5
4d9d1771
994f30b5
054d854c
45df9455
55d15955
47952054
57931574
9957f954
5c495054
59dd5c7e
cb0f571d
51c5719b
541ff3fd
045511fc
0f6555f5
1f551424
051d3154
d14714be
9dd59779
f4451dd4
37575550
9d550915
4f5955dd
554c5544
215d7155
d551f4dd
0e7d5555
1d551495
37d76857
1d05c4fc
4f751955
55457535
dd471df5
0cc45d7d
570de5d5
d5751555
17c6fc94
757d74d8
dc547752
dd15d0d5
14554465
54555555
75014544
458535c1
7545e44c
1d557155
5759c051
64cb5615
d55f147c
4547fd51
47515550
1b061515
454114d5
c7950751
c345535c
d851f115
1d5d1595
52d75755
455451d8
8d451175
1d054572
1d4dd1d5
7555b558
51015c7d
51937455
13d5145b
dd5f5547
51551735
d7415171
07e15445
19961914
c565d15d
1105d47d
250575f5
564557cc
55571d5d
45ce4477
0c47fc6c
d6147554
51413545
1d511955
fd191546
d755d495
75059154
45d71456
45d55f5e
0f5d5041
65526ed0
0cd551c1
150ff599
15057471
41af5454
5d1d95d9
554d7641
e14f8654
5f174455
5f6f5599
5d4b5514
450f1444
cd57dd7d
57855c95
595f5d25
0555453d
176558d3
515d5d74
5655d150
0db5c055
9b75d67e
171d4574
5515d954
c2db3561
417556cc
55657f51
bf47f69c
575715d5
d5dc1474
47479d55
07553710
54537154
cd4d7174
1c05514d
571db5d7
cd1d55d9
141d5655
1d07d15b
46557cd5
542d7654
2755771c
1dc5748e
ee45565d
9d235555
515555d7
b185bd55
4557105f
50cf6445
497750d5
455554bd
4d6dfcf0
07f44575
45554544
0f5c57d5
7d5b7184
0f5f555a
c45755d5
551950d0
55ef16d5
45845dc4
75567e11
556354d4
4d535415
cd4598d0
7b115c44
946dd5f8
514f57d5
15d6d558
494decd4
5d555cc5
460cd7d8
f5547455
54101d75
7d45507a
5d574444
17df3ddc
c6711dec
de5512bc
55d70470
49575d75
1905c43c
555540d5
4d55ccfd
7d41d195
7d076e15
0fe5f4d4
4555fccc
5567745c
5553703d
51d545b5
57455547
444fdd3d
53df3415
4111d155
455f4574
86515145
d7472452
9105c054
4d551551
1855945d
14554c65
474551d4
574d5854
550710f5
53759155
ff5d5d45
41584514
176f585c
c5435590
4593f035
496f5411
d5117875
257fe401
15156d50
d75dd1f4
154f57f5
fd455547
5d5550d5
115d2cdd
50516470
05df545c
077db41d
4244d444
51c1e175
4f487411
57445554
014553dd
47055d14
45c55410
dd05b455
5105dcff
4d4d54f5
4dc2d015
592d6175
467544c5
dd43355d
754f5890
5743547d
515d5545
ff457575
c555bd15
5f4657f0
5f515415
15d55550
d755d5cd
5a535cd5
0d5755d9
595554d5
41975954
155555c1
574f557c
14d0455d
5346d511
d555655d
57d9551d
874dd5dd
454d40e7
cac6551c
4e455174
0742a675
2e174372
3dd7575c
4d475575
5d541574
95c7583f
4d45f051
754ed57d
94dde855
cd5715f5
4f9d1f71
9d4f30b4
014d854c
45df9455
55d15955
47952054
57931574
9957f954
58495054
59dd5c7e
c30f5719
51c5719b
541ff3fd
045415fc
0f6555f5
1f550424
851d3155
515714bf
9dd59779
f445ddf4
3f575550
9d550915
4f5955dd
554e5544
2359715c
d551f4dd
0f7d5455
1d551495
17d76857
1d05c4f4
4f751955
55447535
dd475df5
4cc45d7d
570de5d5
d5751555
17c6fc94
757d7498
dc547752
dd15d0d5
14554465
54555555
7501c544
458535c1
7545e44c
1d557155
575dc051
44cb5615
d55f147c
4547fd11
57515550
1b061515
454114d5
c3951751
c345535c
d851f115
1d7d1595
53d55755
455451f8
05451175
1d054572
1d4dd1d5
7555b558
55115c7d
519b74d5
53d5145b
dddf5547
51551735
d7415171
07e95445
19941914
c565d15d
1105d47d
250475f5
564557cc
55571d5d
45ce4477
0c47fc6c
d6147554
5141354d
5d51195d
fd111546
d715941d
71049155
45571456
45d55f5e
0f5d5441
65526ed0
0cd559c1
150ff59d
15057451
41af5454
5d1d9fd9
554d7641
e14f8654
5f174455
5f6f5599
5d4b5514
450f1444
cd57dd7d
57855cd5
595f5d25
0555451d
146558d3
115d5d74
5655d150
0db5c455
9b755676
171d4474
5515d954
c2db3561
417556cc
55757d51
bf47f69c
575715d4
d5d41474
47479d55
07553710
54527150
cd4d7174
1c05414d
571db5d7
cd1d55d9
141d7655
1d07d15b
46557cd5
542d7654
0755775c
5dc5709e
ee45565d
9d235555
511555d7
b195bd55
4557105f
504f6445
497750d5
455554bd
4d4dfcf0
07d54575
45554544
0f5c57d5
7d5b7184
0f5f551a
c4575555
551958d0
55ef16d4
45845dc4
75577a11
556354d4
4d535415
cd459850
7b115c44
966d55f8
d14f57d5
15d6d558
494d6c54
5d555cc5
460cd7d8
f5547455
54101d75
dd45507a
5d574444
17df3ddc
46711dec
de5512bc
55d70470
41575d75
1905c43c
555540d5
4d55cdfd
7d41d1b5
7d076e95
0fe5f4d4
4555fcc4
5567745c
5553703d
d1d545b5
57455547
444ffd3d
53dd3415
4111d155
455f4574
86515145
d7472452
9105c054
4d551551
1855945d
14554c65
47455154
574d5854
550710f5
53759155
ff555d44
41584514
176f585c
c5435590
4583f015
497f5411
d5117875
256be401
15156d58
d55dd1f4
154757f5
fd455547
5d5550d5
115d2cdd
50514470
05df545c
077d941d
4244d444
51c1e175
4f487c11
57445554
014553dd
47055d14
45c55410
dd05b455
4105dcff
4d4d54f5
4dc2d015
590d6175
465544d5
dd41355d
754f5890
5743547d
51df5545
ff457d75
d555bd55
5f4657f0
5f515415
15d55550
5755f5cd
52535cd5
0d5755d9
591554d5
41975d54
155555c1
574f557c
14d2455d
5346d511
d555655d
57d9551d
874dd5dd
574d40ef
cac6751c
4ec75174
0742a675
2e174372
3dd75754
4d455575
5d551474
95c758bd
4d45f059
554ed57d
94cde855
cd5715f5
4d9d1f71
994f30b4
014d854c
c5df9455
55d15955
47952054
57931574
9957f954
5c495054
49dd5c6c
c30fd71d
55c5719b
541ff1fd
445410fc
0f6555f5
1f551424
055d3154
514714be
9dd59779
f4451dd4
37575550
99550914
4f5955dd
55465544
2159715c
d551e4dd
0e5d5555
1d551695
17c76857
1d05c4fc
4ff51955
55c57535
dd475df5
4cc45d7d
578de5d5
d5751555
17c6fc94
777d7498
dc547752
dd15d095
14554465
54555555
7501c444
458535c1
7545e45c
1d557155
5759d051
44cb5615
d55f147c
4547fd51
47515554
1b061515
454114d5
c3950751
c345525c
d851f115
0d5d1595
52d55755
455451f8
05451175
1d054d72
1d4dd1d4
7555b5d8
51055c7d
519b7455
53d5145b
dddf5547
51551735
d7415171
07e95445
19941814
c565d155
1105d47d
450575f5
564557cc
55571d5c
4dce5c77
0c47fc6c
d6547554
5541354d
1d51185d
fd191546
d755d49d
75049154
45d71456
45d55f5e
075d5441
65536ed0
0cd559c1
150ff599
15057451
412f5454
5d1d95d9
554d7641
e14f8654
5f975455
5f6f5599
5d4b5514
450f1454
cd57dd7d
d7c55c95
5d4f5d25
0555451d
14655893
515d5d74
5655d150
0db5c455
9b75567e
171d4474
5515d954
c2db3561
416556cc
55657c51
bf47f6bc
575715d4
d5dc1474
47479d55
07553710
54537150
cd4d7174
0c05594d
571db5d7
cd1d55d9
151d5655
1d07d15b
46557cd5
542d7654
0755771c
ddc5749e
ce45565d
dd235555
51555557
b195bd55
45d7105f
50cf6445
49775055
455544bd
4d4dfcd0
07554575
455d4544
0f5c57d5
7d5b7184
0f5f555a
c4575555
551958d0
55ef16d4
45845dc4
75567e11
556354d4
4d535415
cd4598d0
7b115444
946dd5f8
514f57d5
15d6d558
494decd4
4d555cc5
460cd7d8
f5547455
54101d75
5d45547a
4d574444
17df3ddc
46511dec
dc5510bc
55d70470
41575d75
1905c43c
555540d5
4d55ccfd
7d41d1b5
6d076e15
0fc5f4d4
4555f4cc
5547745c
5553503d
d1d545bd
57455d45
444ffd3d
53dd3455
4111d155
455f4564
86515145
d7472453
9105c014
4d551551
1855945d
14554c65
47455554
574d5854
550710f5
53759155
ff555d44
41504514
176f585c
c5435590
4583f015
496f5451
d5117875
256fe401
15156d58
575dd5f4
154f57f5
fd45d547
5d5550d5
115d2cdd
40516470
05df545c
07fdf41d
4244d444
51c1e175
4f487c11
57455554
014553dd
47055d14
45c55410
dd05b455
4105dcfe
4d4d54f5
4dc2d015
590d6175
467544d5
dd43355d
754f5890
5743747d
51dd5545
ff457d75
d555bd15
5f4757f0
5f515415
15d55550
5755f5cd
52535cd5
0d5755d9
591554d5
41975d54
155555c1
574f557c
14d2455d
5346d511
d555655d
57d9551d
874dd5dd
454d40e7
cac6751c
4e475174
0742a675
6e174372
3dd7575c
4d475575
5d551574
95c7583f
4d45f059
754ed57d
94dde855
cd5715f5
4f9d1f71
994f30b4
014d854c
45df9455
55d15955
47952054
57931574
9957f9d4
5c495454
49dd5c7e
cb0fd71d
51c5719b
541ff3fd
045511fc
0f6555f5
0f551424
05193154
515714be
9dd59779
f4459dd4
37575550
9d550d14
4f5955dd
554e5544
2159715d
d551f4dd
0e7d5555
1d551695
37d76857
1d05e4fc
4f751955
55457534
dd475df5
4cc45d7d
570de5d5
d5751555
15c6fc94
757d74d8
dc547752
dd15d085
14554465
54555554
75014544
458535c1
7545e45c
1d557157
5759c051
64cb5615
d55f147c
4547fd51
47515554
1b061515
454114d5
c3950751
c345535c
d851f115
1d551595
53d75755
455451d8
85451175
1d054172
1d4dd1d5
7555b558
51115c7d
519374d5
53d51453
dddf5547
51551735
d7415171
07e95445
19961914
c565d15d
1105d47d
250575f5
564557cc
15579d5d
45ce5477
0c47fc6c
d6547554
5541354d
1d51195d
fd191546
d755d49d
75049154
45d71456
45d55f5e
0f5d5441
65566ed0
0cd551c1
150ff59d
15057451
41af5454
5d1d97d9
554d7641
e14f8e54
5f175455
5f6f5599
5d4b5510
450f1444
cd57dd7d
57855cd5
595f5d25
0555453d
156558d3
515d5d74
5655d150
0db5c455
9b75567e
179d4474
5515d954
c2db3561
417556cc
55757d51
bf47f69c
575715d5
d5d41474
47479d55
07553310
54537150
cd4d7174
1c05514d
571db5d7
cd1f55d9
141d5655
1d07d15b
46557cd5
542d7654
1755771c
1dc5709e
ee45565d
9d275555
515555d7
b195bd55
4557105f
50cf6445
49775055
455554bd
4d4dfcf0
07d54575
455d4544
0f5c57c5
7d5b7184
0f5f555a
c45755d5
551b50d0
55ef16d4
45845dc4
75577e11
556354d4
4d735415
cd459850
7b115444
d66dd5fa
d14e57d5
15d6d558
495dec54
5d555cc5
460cd7d8
f5547455
55121d75
5d45507a
5d574444
17df3ddc
46711dec
fe5512bc
55d70470
41575d75
1905c43c
555540d5
4d55ccfd
7d41d195
7d076e15
0fe5f4d4
4555f5c4
5547745c
5553703d
d1d545bd
57455547
444ffd3d
53df3417
4111d155
455f4574
86515145
d7472452
9105c054
4d551551
1855945d
14554c65
07455154
574d5854
d50710f5
53759155
ff5d5d45
41514514
176f585c
c5435590
4593f015
497f5411
d5117875
257fe401
11156d58
d75dd1f4
154757f5
fd455547
5d5550d5
115d2cdd
50516470
05df545c
07fdb41d
4244d544
51c1e175
4f487c11
d7445554
014553dd
47055d14
55c55410
dd05b455
4105dcff
4d4d54f5
4dc2d015
590d6175
465544c5
dd43355d
754f5890
5743547d
51dd5545
ff457d75
c555bd15
5f4657f0
5f515415
15d55550
5755d5cd
52535cd5
0d5755d9
595554d5
41975954
155555c1
574f557c
14d04d5d
5346d511
d555655d
57d9551d
874dd5dd
454d40e7
48c6751c
4e455174
0742a675
2e174372
3ddf575c
4d475575
5d451574
95c7583d
4d45f051
554ed57d
94cde855
cd5715f5
4d9d1f71
994f30b4
014d854c
c5df9455
55d15955
47952054
57931574
9957f954
5c495054
59dd5c7c
c30f571d
55c5719b
541ff1fd
045490fc
0f6555f5
0f550424
051d3154
d14714be
99d59779
f4451dd4
37575550
9d550914
4f1955dd
55445544
2159715c
d551f4dd
0f5d5555
1d551495
17d76857
5d05c4fc
4f751955
55457535
dd471df5
0cc45d7d
570de5d5
d5751555
17c6fc94
757d7498
dc547752
dd15d0d5
14554465
54555554
75014444
458535c1
7545e44c
1d557155
5759d051
44cb5615
d55f147c
4547fd51
47515550
1b061515
454114d5
c3950751
c345535c
d851f115
0d5d1595
53d75755
455451d8
05451175
1d054972
1d4dd1d5
7555b558
55015c7d
519b74d5
53d5145b
dddf5547
51551735
d7415171
07e95445
19961814
c565d15d
1105d47d
250575f5
564557cc
15579d5d
45ce5477
0c47fc6c
d6547554
5541354d
1d51195d
fd191546
d755d49d
75049154
45d71456
45d55f5e
0f5d5441
65526ed0
0cd559c1
150ff599
15057451
412f5454
5d1d95d9
554d7641
e14f8654
5f174455
4f6f5599
5d4b5514
450f1444
cd57dd5d
d7c55c95
5d4f5d25
0555451d
146558d3
515d5d74
5655d150
0db5c455
1b75d67e
171d4454
5515d954
c2db3561
416556cc
55657d51
bf47f69c
575715d4
d5d41474
47479d55
07553710
54527154
cd4d7174
1c05594d
571db5d7
cd1d55d9
141d5655
0d07d15b
46557cd5
542d7654
0755775c
ddc5749e
ce45565d
9d235555
51555557
b195bd55
4557105f
50cf6445
497740d5
455554bd
4d4dfcd0
07d54575
455d4544
0f5c57d5
7d5b7184
0fdf555a
c4575555
551958d0
55ef16d4
458455c4
75d77e11
556254d4
4d535415
cd4598d0
7b115444
d66dd5f8
114f57d5
15d7d558
494decd4
4d555cc1
460cd5d8
f5545455
54101d75
5d45507a
5d574444
17df3ddc
46511dec
dc5510bc
55d70470
41575d75
1905c43c
555540d5
4d55ccfd
7d41d195
7d076e15
0fe5f4d4
4555f4c4
5547545c
5553503d
d1d545bd
57455547
444ffd3d
53dd3451
4111d155
455f4564
86515145
d7472453
9115c054
4d551551
1855905d
14554c65
074551d4
574d5854
550710f5
53759155
ff555d44
41584514
176f585c
c5435590
4583f015
496f5451
d5117875
256fe401
15156d50
d55dd5f4
154f57f5
fd45d547
5d5550d5
115d2cdd
40514470
05df545c
07fdb41d
4244d444
51c1e175
4f487c11
57445554
014553dd
47055d14
45c55410
dd05b455
4105dcff
4d4d54f5
4dc2d015
590d6175
467544d5
dd43355d
754f5890
5743547d
515d5545
ff457d75
d555bd15
5f4657f0
5f515435
15d55550
5755d5cd
52535cd5
0d5755d9
595554d5
41975954
155555c1
174f557c
14d2455d
7346d511
d555655d
57d9551d
874dd5dd
454d40e7
cae6551c
4e475174
0742a675
2e174372
3ddf575c
4d475575
4d541574
95c7583f
4d45f051
754ed57d
94cde855
cd5715f5
4f9d1f71
994f30b4
014d854c
45df9455
55d15955
47952054
57931574
9957f954
5c495054
59dd5c7e
c30f571d
51c5719b
541ff3fd
045410fe
0f6555f5
0f551424
051d3154
515f14be
99d59779
f4459dd4
37575550
9d550915
4f5955dd
55465544
2359715c
d551f4dd
0e5d5555
1d551695
37d76857
1d05c4fc
4f751955
55447535
dd475df5
0cc45d7d
570de5d5
d5751555
15c6fcb4
757d74d8
dc547752
dd15d095
14554465
54555555
75014544
458535c1
7545e45c
1d557155
575dc051
44cb5615
d55f147c
4747fd51
47515550
1b061515
454114d5
c3950751
c345535c
d851f115
1d7d1595
52d75755
455451d8
05451175
1d054572
1d4dd1d5
7555b558
51015c7d
511b7455
13d5145b
dddf5547
51551735
d7415171
07e95445
19941914
c565d15d
1105d47d
250575f5
566557cc
55571d5d
45cc4477
0c47fc6c
d6147554
5541354d
1d51195d
fd111546
d755949d
75049154
45d71456
45d55f5e
075d5441
65536ed0
0cd559c1
150ff599
15057451
412f5414
5d1d97d9
554d7641
e14f8654
5f174455
5f6f5599
5d4b5514
450f1444
cd57dd7d
d7855cd5
5d4f5d25
0555451d
17655893
515d5d74
5655d150
0db5c555
1b75567e
171d4474
5515d954
c2db3561
417556cc
55757f51
bf67f69c
575715d4
d5d41474
47479d55
07553710
54527150
cd4d7174
1c05414d
571db5d7
cd1f55d9
141d7655
1d07d15b
46557cd5
542d7654
0755775c
1dc5709e
ce45565d
9d275555
515555d7
b195bd55
4557105f
50cf6445
497740d5
455554bd
4d45fcf0
07d44575
45554544
0f5c57d5
7d5b7184
0fdf551a
c45755d5
551958d0
55ef16d4
45845dc4
75777e11
556354d4
4d735415
cd4598d0
7b115c44
946dd5f8
514e57d5
15d6d558
494dec54
4d555cc5
460cd7d8
f5547455
55121975
5d45507a
5d574444
17df3ddc
46711dec
de5512bc
55d70470
41575d75
1905c43c
55d540d5
4d55cdfd
7d49d195
6d076e15
0fe5f4d4
4555f5cc
5547745c
5553703d
d1d545b5
57455547
444ffd3d
53dd3411
4111d155
455f4564
86515145
d7472452
9105c054
4d551551
1855945d
14554c65
47455154
574d5854
550710f5
53759155
ff555d44
41504514
176f585c
c5435590
4593f015
497f5411
d5117875
256fe401
11156d50
d55dd1f4
154f57f5
fd45d547
5d5550d5
115d24dd
50514470
05df545c
076db41d
4244d444
51c1e175
4f487c11
57445554
014553dd
47055d14
45c55410
dd05b455
4105dcff
4d4d54f5
4dc2d015
590d6175
465544c5
dd43355d
755f5894
5743547d
515d5545
ff453575
c555bd15
5f4e57b0
5f515435
15d55550
5755d5cd
5253dcd5
0d5f55d9
591554d5
41975d54
155555c1
574f557c
14d0455d
5346d515
d555655d
57d9551d
874dd5dd
574d40e7
cac6551c
4ec55174
0742a675
2e174372
3ddf575c
4d475575
5d551574
95c7583d
4d45f051
754ed57d
94dde855
cd5715f5
4d9d1f71
994f3094
014d854c
c5df9455
55d15955
47952054
57931574
9957f954
5c495454
59dd5c7e
cb0f571d
55c5719b
541ff3fd
045515fc
0f6555f5
1f551424
055d3154
d14714bf
99d59779
f4451dd4
3d575550
9d554914
4f5955dd
554c5544
2359715c
d551f4dd
0e7d5555
1d551695
17c76857
5d05e4fc
4f751955
55457535
dd471dd5
4cc45d7d
570de5d5
d5751555
15c6fc94
757d74d8
dc547752
dd15d0c5
14554475
54555555
7501c444
458535c1
7545e45c
1d557155
575dc051
44cb5615
d55f147c
4747fd51
4f515550
1b061515
454114d5
c3950751
c345535c
d851f115
1d7d1595
53d55755
455451f8
85451175
1d054172
1d4dd1d5
7555b558
55115c7d
519b7455
53d5145b
dddf5547
51559735
d7415171
07e95445
19961914
c565d15d
1105d47d
250575f5
564557cc
55571d5d
45ce4477
0c47fc6c
d6147554
5141354d
5d51195d
fd191546
d745d495
75059154
45d71456
45d55f5e
0f5d5441
65526ed0
0cd559c1
150ff599
15057451
412f5454
5d1d95d9
554d7641
e14f8654
5f175455
5f6f5599
5d4b5514
450f1444
cd57dd7d
d7855cd5
5d5f5d25
0555453d
166558d3
515d5d74
5655d150
0db5c455
9b75d67e
175d4474
5515d954
c2db7561
416556cc
55657c51
bf47f6bc
575715d4
d5dc1474
47479d54
07553710
54527150
cd4d7174
1c05514d
571db5f7
cd1d55d9
141d7655
1d07d15b
46557cd5
542d7654
0755771c
5dc5709e
ce45565d
9d235555
515555d7
b185bd55
4557105f
50cf6445
49775055
455554bd
4d4dfcd0
07d54575
45554544
0f5c57d5
7d5b7184
4fdf551a
c45755d5
551958d0
55ef16d4
45845dc4
75d77e11
556354d4
4d735415
cd4598d0
7b115c44
966d55f8
514f57d5
15d7d558
495dec54
4d555cc5
460cd7d8
f5547455
54121d75
5d45507a
4d574444
17df3ddc
46711dec
dc5510bc
55d70470
41575d75
1905c03c
555540d5
4d55ccfd
7d41d195
6d076e95
0fe5f4d4
4555f4cc
5547745c
5553703d
d1d545b5
57455547
444ffd3d
53dd3415
4111d155
455f4574
86515145
d7472453
9105c054
4d551551
1855905d
14554c65
474551d4
574d5854
550710f5
53759155
ff555d44
41584514
176f585c
c5435590
4593f015
496f5411
d5117875
256fe401
15156d58
575dd1f4
154f57f5
fd455547
5d5550d5
115d4cdd
50514470
05df545c
077db41d
4244d444
51c1e175
4f487430
57c45554
014553dd
47055d14
45c55410
dd05b455
5105dcff
4d4d54f5
4dc2d015
592d6175
465544d5
dd433d5d
754f5890
5743547d
51dd5545
ff457d75
c555bd15
5f4657f0
5f515415
15d55550
5755d5cd
5253dcd5
0d5755d9
591554d5
41975d54
155555c1
174f557c
14d2455d
5346d511
d545655d
57d9551d
874dd5dd
574d40e7
c8e6551c
4e455174
0742a675
2e174372
3dd7575c
4d455575
4d551474
95c758bd
4d45f059
754ed57d
94cde855
cd5715f5
4d9d1f71
994f3094
054d854c
c5df9455
55d15955
47952054
57931574
9957f954
5c495054
59dd5c7c
c30f571d
55c5719b
541ff1fd
045411fe
0f6555f5
1f551424
855d3174
d14714be
99d59779
f4451dd4
35575550
9d550d14
4f5955dd
554e5544
215d715c
d551f4dd
0e5d5555
1d551495
17c76857
1d05e4fc
4f751955
55c57535
dd475df5
4cc45d7d
570de5d5
d5751555
17c6fc94
757d7498
dc547752
dd15d0d5
14554465
54555555
7501c444
458535c1
7545e45c
1d557155
5759c051
44cb5615
d55f147c
4547fd51
47515550
1b061505
454114d5
cb950751
c345535c
d851f115
0d7d1595
53d75755
455451d8
05451175
1d054df2
1d4dd1d5
7555b558
51015c7d
519b7455
53d5145b
dddf5547
51559735
d7415171
07e95445
19961814
c565d15d
1105d47d
450575f5
564557cc
55571d5d
45ce4c77
0c47fc6c
d6547554
5141354d
1d51195d
fd191546
d755949d
75049154
45d71456
45d55f5e
0b5d5441
65526ed0
0cd559c1
150ff599
95057451
412f5454
5d1d95d9
554d7641
e14f8654
5f574455
4f6f5599
5d4b5514
450f1444
cd57d57d
d7c55c95
594f5d24
0555451d
146558d3
515d5d74
5655d150
0db5c455
9b75567e
175d4474
5515d954
c2db3561
416556cc
55657d51
bf47f6bc
575715d4
d5d40474
47479d55
07553710
54537150
cd5d7174
0c05594d
571db5d7
cd5d55d9
141d5655
0d07d15b
46557cd5
542d7654
1755775c
1dc5749e
ce45565d
9d235555
51555557
b185bd55
4557105f
50cf6445
497550d5
455544bd
4d4dfcd0
07554575
455d4544
0f5c57d5
7d5b7184
0f5f551a
c45755d5
551958d0
55ef16d4
45845dc4
75577a11
556254d4
4d535415
cd4598d0
6b155c44
d66dd5f8
d14f57d5
15d7d558
494dec54
4d555cc1
460cd7d8
f5547455
54121df5
5d45507a
4d574444
17df3cdc
46511dec
dc5510bc
55d70470
41575d75
1905c43c
555540d5
4d55ccfc
7d41d195
6d076e15
0fe5f4d4
4555f4cc
5547745c
5553503d
d1d545bd
57455545
444ffd3d
53dd3455
4111d155
455f4574
86515145
d7472452
9105c054
4d551551
1855945d
14554c65
074555d4
574d5854
d50710f5
53759155
ff555d44
41584514
176f5c5c
c5435590
4583f015
496f5411
d5117875
256fe401
11156d58
575dd5f4
154f57f5
fd45d547
5d5550d5
115d2cdd
50514470
05df545c
077db41d
4244d444
51c1e175
4f487c31
57445554
014553dd
47055d14
45c55410
dd05b455
4105dcfe
4d4d54f5
4dc2d015
590d6175
467544c5
dd433d5d
754f5090
5743747d
515f5545
ff457575
d555bd15
5f4e57f0
5f515435
15d55550
d755d5cd
52535cd5
2d5f51d9
591554d5
41975d54
155555c1
574f557c
14d24d5d
7346d511
d555655d
57d9551d
874dd5dd
474d40e7
c8e2551c
4e455174
0742a675
2e174372
3ddf575c
4d475575
5d541574
95c7583f
4f45f051
754ed57d
94dde855
cd1715f5
4f9d1f71
9d4f30b5
014d854c
45df9455
55d15955
47952054
57921574
9957f954
5c495054
49dd5c7e
cb0f571d
51c5719b
541ff3fd
045411fc
0f6555f5
1f551424
055d3154
d15f14bf
9df59779
f445ddd4
3f575550
9d554914
4f5955dd
554e5544
2359715d
d551f4dd
0f7d5555
1d551695
37d76857
1d05e4fc
4f751955
55457535
dd475df5
0cc45d7d
570de5d5
d5751555
17c6fc34
757d7498
dc547752
dd15d085
14554465
54555555
75034544
458535c1
7545e44c
1d557155
5759c051
64cb5615
d55f147c
4747fd51
4f515570
1b061515
454114d5
c3951751
c3455358
d851f115
1d7d1595
53d75755
555451f8
05451175
1d054972
1d4dd1d5
7555b558
55115c7d
511374d5
13d5145b
dddf5547
51551735
d7415171
07e95445
19941914
c565d155
1105d47d
250575f5
566557cc
55571d5d
45ce4477
0c47fc6c
d6147554
51413545
1d51195d
fd191546
d715d49d
71059154
45d71456
45d55f5e
075d5041
65526ed0
0cd759c1
150ff599
15057471
412f5454
5d1d9fd9
554d7641
e14f8654
5f174455
5f6f5599
5d4b5514
450f1444
cd57dd7d
d7855cd5
595f5d25
0555453d
166558d3
515d5d74
5655f150
0db5c455
9b75d676
17194474
5515d954
c2db3561
417556cc
55757f51
bf67f69c
571715d4
d5dc1474
47479d55
07553710
54537150
cd4d7174
1c05594d
571db5f7
cd1f55d9
141d7655
1d07d15b
46557cd1
542d7654
1755771c
1dc5709e
ee45565d
9d235555
51555557
b195bd55
4557105f
50cf6445
497750d5
455554bd
4d45fcf0
07f54575
45554544
0f5c57c5
7d5b7184
0fdf551a
c4575555
151b58d0
55ef16d4
45845dc4
75777e11
556354d4
4d735415
cd4598d0
7b115c44
966dd5f8
d14e57d5
15d6d558
494d6e54
5d555dc5
460cd7d8
f5547455
55101d75
5d45507a
5d574445
17df3ddc
46711dec
de5512bc
55d70471
49575d75
1905c43c
55d540d5
4d55cdfd
7d41d197
7d076e95
0fe5f4d4
4555f4cc
5567745c
5553723d
51d545bd
57475547
444ffd3d
53dd3413
4111d155
455f4574
86515145
d7472453
9105c054
4d551551
1855905d
14554c75
47455154
574d5854
550710f5
53759155
ff5d5d45
01586114
176f585c
c5635590
4513f835
4d6f5411
d5117875
257fe401
15156d5c
d55dd5f4
154757f5
fd45d547
5d5550d5
115d2cdd
50516470
05df545c
077db41d
4244d444
51c1e175
4f487c11
57e45554
014553dd
47055d14
45c55410
dd05b455
5105dcfe
4d4d54f5
4dc2d015
590d6175
467544d5
dd43355d
754f5890
5743547d
515d5545
ff457d75
d555bd15
5f4e57f0
5f515415
15d55550
5755d5cd
52535cd5
0d5755d9
591554d5
41975d54
155555c1
574f557c
14d2455d
5346d511
d555655d
57d9551d
874dd5dd
574d40e7
cac6551c
4e475174
0742a675
2e174372
3ddf5754
4d475575
5d541574
95c758bf
4d45f059
754ed57d
94dde855
cd5715f5
4f9d1f71
994f3094
014d854c
c5df9455
55d15955
47952054
57931574
9957f954
5c495054
49dd5c7c
cb0f571d
55c5719b
541ff3fd
045510fc
0f6555f5
1f550424
051d3154
514714be
9df59779
f4451dd4
37575550
9d554d14
4f1955dd
554e5544
2359715c
d551f4dd
0e5d5555
1d551695
17c76857
1d05e4fc
4f751955
55457535
dd475df5
4cc45d7d
570de5d5
d5751555
17c6fc94
757d7498
dc547752
dd15d095
14554465
54555555
75034444
458535c1
7545e45c
1d557155
575d8051
44cb5615
d55f147c
4547fd51
47515550
1b061505
454114d5
c3951751
c345535c
d851f115
0d5d1595
53d75755
455451d8
45451175
1d054d72
1d4dd1d5
7555b558
55015c7d
519b74d5
13d5145b
dfdf5547
51551735
d7415151
07e15445
19961814
c565d15d
1105d47d
250575f5
564557cc
55571d5d
45ce4c77
0c47fc6c
d6147554
5141354d
1d511a5d
fd111546
d755d49d
75049154
45d71456
45d55f5e
0b5d5441
65526ed0
0cd559c1
150ff599
15057451
41af5454
5d1d95d9
554d7641
e54f8654
5f174455
5f6f5599
5d4b5514
450f1444
cd57dd7d
57855cd5
595f5d25
0555451d
17655893
515d5d74
5655f150
0db5c055
9b755676
17194474
5515d954
c2db3561
417556cc
55757f51
bf47f69c
575715d5
d5dc1474
47479d55
07553710
54537150
cd4d7174
1c05514d
575db5d7
cd1d55d1
141d7655
1d07d15b
46557cd5
542d7654
0755775c
1dc5709e
ee45565d
9d235555
51555557
b195bd55
4557105f
50cf6445
49775055
455554bd
4d45fcf0
07d54575
45554544
0f5457c5
7d5b7184
0f5f555a
c45755d5
551958d0
55ef16d4
45845dc4
75767e11
556354d4
4d535415
cd4598d0
6b115c44
d66d55f8
514f57d5
15d6d558
494dec54
5d555cc5
461cd7d8
f5547455
54101d75
5d45507a
5d574444
17df3ddc
46711dec
fe5512bc
55d70470
41575d75
1905c43c
55d540d5
4d55ccfd
fd49d195
6d076e15
0fedf4d4
4555fccc
5547745c
5553703d
d1d545b5
57475547
444ffd3d
53dd3411
4111d155
455f4174
86515145
d5472452
9105c054
4d551551
1855945d
14554c65
07455154
574d5854
550710f5
53759155
ff5d5d44
41584514
176f585c
c5435590
4593f835
496f5411
d5117875
256be401
15156d5c
575dd5f4
154f57f5
fd455547
5d5550d5
115d2cdd
50516470
05df545c
077dbc1d
4244d544
51c1e175
4f487c10
57445554
014553dd
47055d14
45c55410
dd05b415
4105dcff
4d4d54f5
4dc2d015
592d6175
465544d5
dd43355d
754f5890
5743547d
515d5545
ff457575
d555bd15
5f4657f0
5f515415
15d55550
5755d5cd
52535cd5
0d5755d9
591554d5
41975954
155555c1
574f557c
14d2455d
5346d511
d555655d
57d9551d
874dd5dd
454d40e7
cae6551c
4e455174
0742a675
2e174372
3ddf575c
4d455575
5d541574
95c7583f
4d45f059
754ed57d
94dde855
cd5715f5
4d9d1f71
994f3094
054d854c
45df9455
55d15955
47942054
57931574
9957f954
5c495054
49dd5c7e
c30f571d
51c5719b
541ff3fd
045410fe
0f6555f5
1f551424
055d3174
d14714bf
9dd59779
f4459dd4
3f575550
9d554914
4f5955dd
554c5544
2159715c
d551f4dd
0e5d5555
1d551695
17d76857
5d05c4fc
4f751955
55457535
dd475df5
0dc45d7d
570de5d5
d5751555
15c6fc94
757d7498
dc547752
dd15d0d5
14554465
54555555
75014444
458535c1
7545e45c
1d557155
575dc051
64cb5615
d55f147c
4d47fd51
4f515550
1b061515
454114dd
cb951751
c3455358
d851f115
1d7d1595
53d75755
455451f8
0d451175
1d054d72
1d4dd1d5
7555b558
55155c7d
519374d5
53d5145b
dddf5547
51551735
d7415171
07e95445
19961914
c565d15d
1105d47d
250575f5
564557cc
55571d5d
45ce4c77
0c47fc6c
d6147554
5141354d
5d511b5d
fd111546
d755d49d
75049154
45d71456
45d55f5e
0f5d5441
65526ed0
0cd559c1
150ff599
15057451
41af5454
5d1d95d9
554d7641
e14f8654
5f175455
5f6f5599
5d4b5514
450f1464
cd57dd7d
d7855cd5
594f5d25
0555451d
556558d3
515d5d74
5655d150
0db5c455
9b75567e
179d4474
5515d954
c2dbb561
417556cc
55657f51
bf67f69c
575715d5
d5dc1474
47479d55
07553710
54527150
cd4d7174
1c05514d
571db5d7
cd1f55d9
141d5655
1d07d15b
46557cd5
542d7654
0755771c
ddc5749e
ee45565d
9d235555
515555d7
b195bd55
4557105f
50cf6445
49775055
455544bd
4d45fcf0
07d44575
455d4544
0f5457d5
7d5b3184
4fdf551a
c45755d5
551978d0
55ef16d4
458455c4
75d67e11
556354d4
4d535415
cd559850
7b115c44
966dd5f8
d14f57d5
55d7d558
494dec54
5d555cc5
460cd7d8
f5547455
54101d75
fd45507a
4d574445
17df3ddc
46711dec
de5710bc
55d70470
41575d75
1905c43c
55d540d5
4d55ccfd
7d41d195
7d076e15
0fe5f4d4
4555f5cc
5547745c
5553703d
d1d545bd
57455547
444ffd3d
53dd3413
4111d155
455f4564
86515145
d7472453
9115c054
4d551551
1855945d
14554c65
474551d4
574d5854
550710f5
53759155
ff5d5d44
01584514
176f585c
c5435590
4583f815
497f5411
d5117875
257fe401
15156d58
d75dd1f4
154f57f5
fd455547
5d5550d5
115d6cdd
50516470
05df545c
077db41d
4244d444
51c1e175
4f487431
d7445554
014553dd
47055d14
45c55410
dd05b455
4105dcff
4d4d54f5
4dc2d015
590d6175
465544c5
dd43355d
754f5890
5743547d
51df5545
ff457d75
d555bd15
5f4657f0
5f515415
15d55550
5755d5cd
5a535cd5
0d5755d9
591554d5
41975d54
155555c1
174f557c
14d2455d
53465511
d555655d
57d9551d
874dd5dd
574d40e7
4ac6651c
4ec55174
0742a675
2e174372
3ddf575c
4d475575
4d441574
95c758bd
4d45f0d1
754ed57d
15dde855
cd5715f5
4f9d1771
994f30b4
014d854c
c5df9455
55d15955
47952054
57931574
9957f954
5c495054
59dd5c7c
c30fd71d
55c5719b
541ff1fd
045514fc
0f6555f5
1f551424
855d3174
d14f14bf
99c59779
f4459dd4
35575550
9d554914
4f5955dd
554e5544
2359715c
d551f4dd
0e5d5555
1d551695
17d76857
1d05e4fc
4f751955
55457535
dd471df5
4cc45d7d
570de5d5
d5751555
17c6fc94
757d7498
dc547752
dd15d095
14554465
54555555
75014444
458535c1
7545e45c
1d557155
5759d051
44cb5615
d55f147c
4547fd51
47515550
1b061515
454114d5
c3950751
c345535c
d851f115
0d5d1595
53d75755
455451f8
4d451175
1d054d72
1d4dd1d5
7555b5d8
51055c7d
519374d5
53d5145b
dddf5547
51551735
d7415151
07e95445
19941814
c565d15d
1105d47d
050575f5
564557cc
55579d5d
45ce4c77
0c47fc6c
d6147554
5141354d
5d51385d
fd1d1546
d755d49d
75049154
45d71456
45d55f5e
0f5d5441
65526ed0
0cd559c1
150ff599
15057451
412f5454
5d1d95d9
554d7641
e14f8e54
5f974455
5f6f5599
5d4b5514
450f1444
cd57d57d
d7c55c95
5d4f5d25
0555451d
156558d3
515d5d74
5655d1d0
0db5c455
9b75d67e
175d4474
5515d9d4
c2db7561
497556cc
55657d51
bf47f6bc
575715d5
d5dc1474
47479d55
07553710
54527154
cd5d7174
1c05514d
571db5d7
cd1d55d9
141d7655
1d07d15b
46557cd5
542d7654
0755771c
ddc5749e
ce45565d
9d275555
515555d7
b185bd55
4557105f
50cf6445
497750d5
455554bd
4d4dfcf0
07554575
45554544
0f5c57c5
7d5b7184
0fdf555a
c45755d5
551958d0
55ef16d4
45845dc4
75d77e11
556354d4
4d535455
cd4598d0
7b155c44
d46dd5f8
514f57d5
15d6d558
494decd4
5d555cc1
460cd7d8
f5547455
54121d75
5d45507a
5d570444
17df3cdc
c6711dec
dc5510bc
55d70470
41575d75
1905c43c
555540d5
4d55ccfc
fd41d195
7d076e15
0fe5f4dc
4555f5c4
5547745c
5553703d
d1d545bd
57455545
444ffd3d
53dd3455
4111d155
455f4574
86515145
d5472453
9105c054
4d551551
1855945d
14554c65
474551d4
574d5854
550710f5
53759155
ff555d44
41504514
176f5c5c
c5435590
4583f015
496f5411
d5117875
256fe401
1515fd50
575dd5f4
154f57f5
fd45d547
5d5550d5
115d2cdd
50516470
05df545c
07fdb41d
4244d444
51c1e175
4f487411
d7c45554
014553dd
47055d14
45c55410
dd05b455
4105dcfe
4d4dd4f5
4d42d015
590d6175
465544c5
dd43355d
754f5890
5743547d
51dd5545
fb457d75
d555bd15
5f4657f0
5f515415
15d55550
5745d5cd
5253dcd5
0d5755d9
590554d5
41975954
155555c1
574f557c
14d2455d
5346d511
d555655d
57d9551d
874dd5dd
474d40e7
c8c6551c
4e455174
0f42a675
2e174372
3ddf575c
4d4755f5
4d551574
95c758bf
4d45f051
754ed57d
14cde855
cd5715f5
4d9d1f71
994f30b4
014d854c
c5df9455
55d15955
47952054
57931574
9957f954
5c495054
59dd5c7c
c30f571d
5dc5719b
541ff3fd
045410fc
0f6555f5
0f551424
851d3154
d14714be
99d59779
f4451dd4
3f575550
9d550d14
4f5955dd
55465544
2159715c
d551f4dd
0e5d5555
1d551695
17c76857
1d05c4fc
4f751955
55457534
dd475df5
4cc45d7d
570de5d5
d5751555
17c6fcb4
757d74d8
dc547752
dd15d0d5
14554475
54555555
7501c544
458535c1
7545e44c
1d557155
575dc051
44cb5615
d55f147c
4547fd51
47515550
1b061505
454114d5
c3951751
c345525c
d851f115
0d5d1595
52d55755
455451f8
05451175
1d054572
1d4dd1d4
7555b558
51055c7d
519b74d5
53d5145b
dddf5547
51559735
d7415171
07e95445
19961914
c565d15d
1105d47d
050575f5
564557c8
15571d5d
45ce4477
0c47fc6c
d6547554
5141354d
5d51195d
fd111546
d755d49d
75049154
45d71456
45d55f5e
0f5d5441
65536ed0
0cd559c1
150ff599
15057451
412f5414
5d1d97d9
554d7641
e14f8654
5f174455
4f6f5599
5d4b5514
450f1464
cd57dd7d
d7855cd5
594f5d25
0555453d
146558d3
515d5d74
5655d150
0db5c055
9b75567e
171d4474
5515d954
c2db3561
416556cc
55757f51
bf47f6bc
575715d4
d5dc1474
47479d55
07553710
54527154
cd4d7174
1c05594d
571db5d7
cd1d55d9
141d5655
1d07d15b
46557cd5
542d7654
0755771c
5dc5749e
ce45565d
9d235555
51555557
b185bd55
4557105f
50cf6445
497750d5
455454bd
4d4dfcf0
07d54575
455d4544
0f5c57c5
7d5b3184
0f5f555a
c45755d5
551958d0
55ef16d5
45845dc4
75d77a11
556254d4
4d535414
cd5598d0
7b115444
d66dd5f8
d14f57d5
15d6d558
494dec54
4d555cc5
460cd7d8
f5547455
54121d75
7d45507a
5d574444
17df3ddc
46711dec
de5712bc
55d70470
41575d75
1905c43c
555540d5
4d55ccfd
7d41d195
6d076e15
0fe5f4d4
4555f5c4
5547745c
5553503d
d1d545bd
57455547
444ffd3d
53dd3415
4111d155
455f4574
86515145
d7472452
9115c054
4d551551
1855945d
14554c65
474551d4
574d5854
550710f5
53759555
ff555d44
01584514
176f5c5c
c5435590
4583f015
497f5451
d5117875
257fe401
15156d58
575dd5f4
154757f5
fd45d547
5d5550d5
115d2cdd
50514470
45df545c
07fdb41d
4244d444
51c1e175
4f487c30
d7445554
014453dd
47055d14
41c55410
dd05b455
5105dcff
4d4d54f5
4dc2d015
590d6175
465544c5
dd423d5d
754f5890
5743547d
51df5545
ff457575
d555bd15
5f4e57f0
5f515415
15d55550
5755d5cd
52535cd5
0d5f55d9
591554d5
41975d54
155555c1
574f557c
14d2455d
5346d510
d555655d
57d9551d
874dd5dd
454d40e7
c8e6751c
4e455174
0742a675
6e174372
3ddf575c
4d475575
5d551574
95c7583d
4d45f051
354ed57d
94dde855
cd1715f5
4d9d1f71
994f3094
014d854c
c5df9455
55d15955
47952054
57931574
9957f954
5c495054
59dd5c7c
c30fd71d
51c5719b
541ff3fd
045510fc
0f6555f5
1f551424
851d3154
d15714be
99d59779
f4451dd4
37575550
9d554915
4f5955dd
554e5544
2359715c
d551f4dd
0e5d5455
1d551695
17d76857
1d05e4fc
4f751955
55447535
dd475df5
0cc45d7d
570de5d5
d5751555
17c6fc94
757d74d8
dc547752
dd15d055
14554465
54555555
7501c544
458535c1
7545e44c
1d557155
d759c051
44c35615
d55f147c
4747fd51
4f515550
1b061505
454114d5
c3951751
c3455358
d851f115
0d7d1595
52d75745
455451f8
05451175
1d054d72
1d4dd1d5
7555b558
55055c7d
519374d5
53d5145b
dddf5547
51551735
d7415171
07e95445
19961814
c565d555
1105d47d
050575f5
564557cc
15571d5d
45ce5477
0c47fc6c
d6147554
5141354d
1d51195d
fd191546
d715949d
75049154
45d71456
45d55f5e
0b5d5441
65526ed0
0cd559c1
150ff599
15057471
412f5454
5d1d9fd9
554d7641
e14f8e54
5f975455
4f6f5599
5d4b5514
450f1444
cd57d57d
d7855cd5
5d5f5d25
0555553d
146558d3
515d5d74
5655d150
0db5c455
9b75d67e
171d4474
5515d954
c2db3561
416556cc
55757e51
bf47f6bc
575715d5
d5dc1474
47479d55
07553710
54727154
cd4d7174
1c05514d
575db5d7
cd1d55d9
151d7655
1d07d15b
46557cd5
542d7654
0755775c
ddc5749e
ee45565d
9d235555
51555557
b195bd55
4557105f
50cf6445
49775055
455554bd
4d45fcd0
07d54575
45554544
0f5c57c5
7d5b3184
0f5f555a
c45755d5
551958d0
55ef16d4
45845dc4
75567e11
556354d4
4d535415
cd4598d0
7b115444
d66dd5f8
d14f57d5
15d6d558
494d6c54
5d555cc1
460cd7d9
f5547455
54121d75
dd45507a
4d574445
17df3ddc
46511dec
fe5712bc
55d70470
41575d75
1905c43c
555540d5
4d55ccfd
7d41d195
6d076e15
0fe5f4d4
4555f5cc
5547745c
5553703d
d1d545bd
57455547
444ffd3d
53dd3417
4111d155
455f4564
86515145
d7472453
9105c054
4d551551
1855945d
14554c65
474555d4
574d5854
550710f5
53759155
ff555d44
41594514
176f585c
c5435510
4593f815
497f5411
d5117875
257be401
15156d58
d75dd5f4
154f57f5
fd45d547
5d5550d5
115d2cdd
50516470
05df545c
077db41d
4244d444
51c1e175
4f487411
d7445554
014553dd
47055d14
41c55410
dd05b415
5105dcff
4d4d54f5
4dc2d015
590d6175
465544c5
dd423d5d
754f5890
5743547d
51df5545
ff457d75
d555bd15
5f4e57f0
5f515435
15d55550
5755d5cd
52535cd5
0d5f55d1
590554d5
41975d54
155555c1
574f557c
14d2455d
7346d511
d555655d
57d9551d
874dd5dd
454d40e7
cae6551c
4e455174
0742a675
6e174372
3ddf575c
4d475575
5d541574
95c7582f
4f45f059
754ed57d
94ddec55
cd5715f5
4d9d1f71
994f30b4
054d854c
c5df9455
55d15955
47952054
57931574
9957f954
5c495054
59dd5c7e
cb0fd71d
55c5719b
541ff3fd
045511fe
0f6555f5
1f551424
055d3174
515714bf
9dd59779
f445ddf4
3f575550
9d554915
4f5955dd
574e5544
2359715c
d551f4dd
0f7d5555
1d551695
37d76857
5d05e4fc
4f751955
55647535
dd475df5
0cc45d7d
570de5d5
d5751555
15c6fc94
757d74d8
dc547752
dd15d0d5
14554465
54555555
75034544
458535c1
7545e44c
1d557157
d759c051
64cb5615
d55f147c
4547fd11
47515550
1b061505
454114d9
cb951751
c345535c
d851f115
1d5d1595
53d55755
555451f8
85451175
1d054972
1d4dd1d5
7555b5d8
55115c7d
519b74d5
53d5145b
dddf5547
51550735
d7415171
07e95445
19941814
c565d15d
1105d47d
050575f5
566557cc
55571d5d
45ce4477
0c47fc6c
d6147554
5141354d
1d511a5d
fd191546
d755d49d
71049154
45d71456
45d55f5e
235d5441
65526ed0
0cd559c1
150ff599
15057451
41bf5454
5d1d97d9
554d7641
e14f8e54
7f975455
5f6f5599
5d4b5510
450f1444
cd57dd7d
57855cd5
595f5d24
0555453d
16655893
515d5d74
5655d150
0db5c155
9b75d676
179d4474
5515d954
c2db3561
417556cc
55757f51
bf47f69c
571715f5
d5dc1474
47479d55
07553310
54537150
cd4d7174
1e05514d
571db5d7
cd1d55d9
141d7655
1d07d15b
46557cd1
542d7654
1755771c
1dc5709e
ee45565d
9d235555
515555d7
b195bd55
4557105f
50cf6445
497740d5
455554bd
4d4dfcf0
07f54575
455d4544
0f5c57c5
7d5b7184
0fdf555a
c45755d5
551958d0
55ef16d4
458455c4
75767e11
556354d4
4d535415
cd4598d0
7b115c44
d66dd5fa
d14f57d5
15d7d558
494dec54
5d555cc5
460cd7d8
f5547455
54121d75
fd45507a
5d574445
17df3ddc
c6711dec
fe5512bc
55d70470
41575d75
1905c43c
55d540d5
4d55cdfd
7d49d195
7d076e95
0fe5f4d4
4555fdcc
5567745c
5553703d
51d545bd
57475547
444ffd3d
53df3417
4111d155
455f4574
86515145
d7472453
9105c054
4d551551
1855905d
14554c65
074555d4
574d5854
550710f5
53759555
ff5d5d44
41594114
176f5c5c
c5435590
4593f035
497f5411
d5117875
257be401
15156d58
d75dd1f4
154f57f5
fd455547
5d5550d5
115d2cdd
50516470
05df545c
077db41d
4244d544
51c1e175
4f487410
d7c45554
014553dd
47055d14
55c55510
dd05b415
5105dcfe
4d4d54f5
4dc2d015
592d6175
465544d5
dd43355d
754f5890
5743547d
515d5545
ff457575
d555bd15
5f4657f0
5f515435
15d55550
5755d5cd
52535cd5
0d5755d9
591554d5
41975d54
155555c1
574f557c
14d2455d
7346d511
d555655d
57d9551d
874dd5dd
454d40e7
cae6751c
4e475174
0742a675
2e174372
3ddf575c
4d475575
5d541574
95c7583f
4d45f059
354ed57d
94dde855
cd5715f5
4f9d1f71
994f30b4
014d854c
c5df9455
55d15955
47952054
57931574
9957f954
5c495454
59dd5c7e
cb0f571d
51c5719b
541ff3fd
045415fe
0f6555f5
1f551424
055d3174
d14714bf
9dd59779
f4455dd4
3f575550
9d550915
4f5955dd
554e5544
2159715d
d551f4dd
0f7d5555
1d551695
37c76857
1d05e4fc
4f751955
55457535
dd475df5
0cc45d7d
570de5d5
d5751555
17c6fc94
757d74d8
dc547752
dd15d0d5
14554465
54555555
75014544
458535c1
7545e45c
1d557157
5759c051
44cb5615
d55f147c
4747fd51
47515550
1b061515
454114d5
c3950751
c345535c
d851f115
1d7d1595
53d75755
455451f8
05451175
1d054d72
1d4dd1d5
7555b558
51155c7d
519374d5
13d5145b
dddf5547
51551735
d7415171
07e95445
19961914
c565d55d
1105d47d
250575f5
566557cc
55579d5d
45ce4477
0c47fc6c
d6147554
5141354d
1d51395d
fd191546
d755d495
71049154
45d71456
45d55f5e
275d5441
65526ed0
0cd55dc1
150ff59d
15057451
412f5454
5d1d97d9
554d7641
e14f8655
5f175455
5f6f5599
5d4b5514
450f1464
cd57dd7d
d7855cd5
595f5d25
0555451d
146558d3
115d5d74
5655d150
0db5c455
9b75567e
175d4474
5515d954
c2db3561
417556cc
55757f51
bf47f69c
575715d5
d5dc1474
47479d55
07553710
54537150
cd4d7174
1c05594d
571db5f7
cd1d55d9
141d7655
1d07d15b
46557cd5
542d7654
0755771c
9dc5749e
ee45565d
9d235555
515555d7
b195bd55
4557104f
50cf7445
497750d5
455554bd
4d4dfcf0
07d54575
455d4544
0f5c57c5
7d5b7184
0f5f555a
c4575555
551950d0
55ef16d5
45845dc4
75577a11
556354d4
4d735415
cd4598d0
7b115c44
966dd5f8
514f57d5
15d6d558
495decd4
4d555dc5
460cd7d8
f5547455
54121d75
5d45507a
5d570444
17df3ddc
46711dec
de5512bc
55d70470
41575d75
1905c43c
555540d5
4d55ccfd
7d49d195
7d076e15
0fe5f4d4
4555fdcc
5567745c
5553703d
d1d545b5
57455547
444ffd3d
53dd3413
4111d155
455d4564
86515145
d7472453
9115c054
4d551551
1855945d
14554c75
47455154
574d5854
550710f5
53759155
ff555d44
41594514
176f5c5c
c5435590
4593f035
497f5411
d5117875
257fe401
15156d58
d75dd5f4
154f57f5
fd45d547
5d5550d5
115d6cdd
50514470
45df545c
077db41d
4244d444
51c1e175
4f487c31
d7445554
014553dd
47055d14
55c55410
dd05b455
4105dcfe
4d4dd4f5
4dc2d015
590d6175
465544c5
dd433d5d
754f5894
5743547d
51df5545
ff457d75
d555bd15
5f4657f0
5f515515
15d55550
5745f5cd
5253dcd5
0d5f55d9
591554d5
41975d54
155555c1
574f557c
14d04d5d
5346d511
d555655d
57d9551d
874dd5dd
574d40e7
cae6751c
4e455174
0742a675
2e174372
3dd7575c
4d475575
5d451574
95c7583f
4d45f051
754ed57d
94dde855
cd5715f5
4d9d1f71
994f3094
014d854c
45df9455
55d15955
47952054
57931574
9957f954
5c495054
59dd5c7e
cb0f571d
55c5719b
541ff3fd
045591fc
0f6555f5
1f551424
051d3154
d14714bf
9dd59779
f4451dd4
37575550
9d554914
4f5955dd
554e1544
2359715c
d551f4dd
0f5d5555
1d551695
17d76857
5d05c4fc
4f755955
55657535
dd471df5
0cc45d7d
570de5d5
d5751555
17c6fcb4
757d7498
dc547752
dd15d0d5
14554465
54555554
75034444
458535c1
7545e44c
1d557157
5759c051
44c35615
d55f147c
4547fd51
4f515550
1b061515
454114dd
c3950751
c3455358
d851f115
1d5d1595
53d75755
455451f8
0d451175
1d054972
1d4dd1d4
7555b558
51015c7d
519374d5
53d5145b
dddf5557
51551735
d7415171
07e95445
19941914
c564d15d
1105d47d
250575f5
564557cc
15579d5d
45ce4477
0c47fc6c
d6147554
5141354d
5d51195d
fd111546
d755949d
71059154
45d71456
45d55f5e
0b5d5441
65526ed0
0cd559c1
150ff599
15057451
41af5454
5d1d95d9
554d7641
e14f8654
5f974455
5f6f5599
5d4b5514
450f1444
cd57dd5d
d7855c95
5d4f5d25
0555451d
156558d3
515d5d74
5655f150
0db5c455
9b75567e
171d4474
5515d954
c2db3561
416556cc
55657f51
bf67f6bc
575715d5
d5dc1474
47479d55
07553310
54537150
cd4d7174
1c05514d
571db5d7
cd5d55d9
141d7655
1d07d15b
46557cd5
542d7654
0755771c
ddc5749e
ce45565d
9d275555
51555557
b195bd55
4557105f
50cf6445
497750d5
455554bd
4d4dfcf0
07d54575
455d4544
0f5c57d5
7d5b7184
0fdf551a
c45755d5
551958d0
55ef16d4
45845dc4
75d77e11
556254d4
4d73d415
cd4598d0
7b115c44
d66dd5f8
d14f57d5
15d6d558
494d6c54
4d555cc1
460cd7d8
f5547455
54101d75
fd45507a
5d574444
17df3ddc
46711dec
de5512bc
55d70470
49575d75
1905c43c
555540d5
4d55ccfd
7d41d195
7d076e15
0fe5f4dc
4555fdc4
5547745c
5553703d
d1d54dbd
57475547
444ffd3d
53dd3417
4111d155
455f4574
86515145
d7472452
9115c054
4d551551
1855945d
14554c65
074551d4
574d5854
d50710f5
53759155
ff555d44
41584514
176f585c
c5435590
4583f015
497f5411
d5117875
256fe401
15156d58
d55dd1f4
154f57f5
fd455547
5d555055
115d2cdd
50514470
05df545c
07fdb41d
4244d444
51c1e175
4f487411
57c45554
014553dd
47055d54
45c55410
dd05b415
4105dcff
4d4d54f5
4dc2d015
590d6175
465544c5
dd433d5d
754f5990
5743747d
515d5545
ff457575
d555bd15
5f4e57f0
5f515415
15d55550
5755d5cd
52535cd5
0d5f55d9
591554d5
41975d54
155555c1
574f557c
14d2455d
7346d511
d5556d5d
57d9551d
874dd5dd
474d40e7
cae6551c
4e455174
0742a675
2e174372
3dd7575c
4d475575
5d541574
95c7583f
4f45f059
754ed57d
94dde855
cd5715f5
4d9d1f71
994f3094
014d854c
45df9455
55d15955
47952054
57931574
9957f954
58495054
59dd547e
cb0f571d
51c5719b
541ff3fd
045511fc
0f6555f5
1f551424
051d3154
d15714bf
9dd59779
f4459df4
37575550
9d554914
4f5955dd
554e5544
2359715c
d551f4dd
0f7d5555
1d551695
37d76857
1d05e4fc
4f751955
55457535
dd475df5
4cc45d7d
570de5d5
d5751555
17c6fc14
757d74d8
dc547752
dd15d0d5
14554475
54555555
7503c544
458535c1
7545e45c
1d557155
5759c051
64cb5615
d55f147c
4747fd51
47515550
1b061515
454114d5
c3950751
c3455358
d851f155
1d7d1595
52d55755
455451f8
0d451175
1d074172
1d4dd1d5
7555b5d8
55115c7d
519b74d5
53d5145b
dddf5547
51559735
d7415171
07e95445
19961914
c565d155
1105d47d
250575f5
564557cc
55571d5d
45ce5c77
0c47fc6c
d6147554
51413545
1d511b5d
fd191546
d755949d
71849154
45d71456
45d55f5e
2f5d5441
65526ed0
0cd559c1
150ff599
15057451
412f5414
5d1dd5d9
554d7641
e14f8e54
5f175455
5f6f5599
5d4b5514
450f1464
cd57dd5d
d7855cd5
595f5d25
2555453d
146558d3
515d5d74
5655d150
0db5c555
9b75d676
179d4474
5515d954
c2dbb561
417556cc
55757f51
bf67f6bc
571715d5
d5dc1474
47479d55
07553710
54527150
cd4d7174
1c05414d
571db5d7
cd5d55d1
141d7655
1d07d15b
46557cd5
542d7654
1755771c
5dc5749e
ee45565d
9d235555
511555d7
b195bd55
4557105f
50cf6445
497750d5
455554bd
4d4dfcf0
07f54575
455d4544
0f5c57d5
7d5b3104
0f5f551a
c457d5d5
551958d0
55ef16d5
45845dc4
75777e11
556354d4
4d735415
cd559850
7b115c44
d66dd5f8
d14f57d5
15d6d558
494d6e54
5d555cc5
460cd7d8
f5547455
54121d75
5d45507a
5d570444
17df3ddc
c6711dec
de5512bc
55d78470
49575d75
1b05c43c
55d540d5
4d55cdfd
7d49d195
7d076e95
0fe5f4d4
4555f4cc
5567745c
5553703d
51d545bd
57455547
444ffd3d
53dd3411
4111d155
455f4574
86515145
d7472452
9115c054
4d551551
1857945d
14554c65
47455554
574d5854
d50710f5
53759155
ff555d44
41594114
176f585c
c5435590
4583f035
497f5411
d5117875
257fe441
11156d5c
d75dd1f4
154f57f5
fd455547
5d5550d5
115d6cdd
50516470
05df545c
077db41d
4244d544
51c1e175
4f487c30
57445554
014553dd
47055d14
55c55410
dd05b415
5105dcff
4d4d54f5
4dc2d015
592d6175
465544d5
dd433d5d
754f5894
5743747d
51dd5545
ff457d75
d555bd15
5f4f57f0
5f515415
15d55550
5755d5cd
52535cd5
0d5755d9
595554d5
41975d54
155555c1
574f557c
14d04d5d
7346d511
d545655d
57d9551d
874dd5dd
574d40e7
cae6551c
4e475174
0742a675
2e174372
3dd7575c
4d475575
5d551574
95c758bf
4d45f051
754ed57d
94dde855
cd5715f5
4f9d1f71
994f30b5
014d854c
c5df9455
55d15955
47952054
57931574
9957f954
5c495054
59dd5c7e
c30fd71d
55c5719b
541ff3fd
045511fe
0f655df5
1f551424
055d3154
d15794bf
9df59779
f4451dd4
3f575550
9d550d14
4f5955dd
554e5544
2159715d
d551f4dd
0f7d5555
1d551695
17c76857
5d05c4fc
4f755955
55447535
dd471df5
4dc45d7d
570de5d5
d5751555
17c6fc94
757d7498
dc547752
dd15d0d5
14554465
54555555
7501c444
458535c1
7545e45c
1d557155
5759c051
64cb5615
d55f147c
4747fd51
47515550
1b061515
454114dd
c3950751
c345535c
d851f11d
1d7d1595
53d75755
455451f8
05451175
1d054d72
1d4dd1d5
7555b558
51015c7d
519374d5
53d5145b
dfdf5557
51559735
d7415171
07e95445
19961914
c564d15d
1105d47d
250475f5
564557cc
55571d5d
45ce4477
0c47fc6c
d6147554
5141354d
5d51195d
fd191546
d755d49d
75049154
45d71456
4dd55f5e
0f5d5441
65526ed0
0cd559c1
150ff599
15057471
41af5454
5d1d9dd9
554d7641
e14f8654
5f175455
5f6f5599
5d4b5514
450f1444
cd57dd5d
57c55cd5
595f5d25
0555453d
146558d3
115d5d74
5655d150
0db5c455
9b75d67e
179d4474
5515d954
c2dbb561
497556cc
55657f51
bf47f6bc
575715d5
d5dc1474
47479d55
07553710
54527150
cd4d7174
1c05495d
571db5f7
cd1f55d9
141d5655
1d07d15b
46557cd5
542d7654
0755775c
ddc5749e
ee45565d
9d275555
515555d7
b195bd55
5557105f
50cf6445
49775055
455554bd
4d4dfcf0
07d54575
45554544
0f5c57d5
7d5b7184
0fdf555a
c45755d5
551958d0
55ef16d5
45845dc4
75577e11
556354d4
4d73d415
cd4598d0
7b115c44
946dd5fa
d14f57d5
15d6d558
494decd4
5d555dc5
460cd7d8
f5547455
54101d75
5d45507a
5d574444
17df3ddc
46711dec
de5710bc
55d70470
41575d75
1905c43c
555540d5
4d55ccfd
fd49d195
7d076e15
0fe5f4d4
4555fccc
5547745c
5553703d
d1d545bd
57455547
444ffd3d
53dd3451
4111d155
455f4574
86515145
d7472453
9115c054
4d551551
1855945d
14554c75
474551d4
574d5854
d50710f5
53759155
ff555d44
41584514
176f5c5c
c5435590
4593f035
496f5411
d5117875
257fe401
1515ed58
d75dd1f4
154f57f5
fd45d547
5d5550d5
115d2cdd
50516470
05df545c
077d941d
4244d444
51c1e175
4f487411
d7445554
014553dd
47055d14
45c55410
dd05b455
5105dcff
4d4dd4f5
4dc2d015
590d6175
465544d5
dd43355d
754f5890
5743547d
51dd5545
ff457d75
d555bd55
5f4657f0
5f515415
15d55d50
5755d5cd
5253dcd5
0d5755d9
591554d5
41975d54
155555c1
174f557c
14d0455d
5346d511
d5556d5d
57d9551d
874dd5dd
554d40e7
cae6551c
4ec55174
0f42a675
2e174372
3dd7575c
4d475575
dd441574
95c758bd
4d45f0d1
354ed57d
94cde855
cd5715f5
4f9d1f71
994f3094
014d854c
c5df9455
55d15955
47952054
57931574
9957f954
5c495054
59dd5c7e
cb0fd71d
55c5719b
541ff3fd
045410fe
0f6555f5
0f551424
055d3174
d14794be
9dd59779
f4459dd4
37575550
9d554d14
4f5955dd
55461544
235d715c
d551f4dd
0f5d5555
1d553695
17c76857
1d05c4fc
4f751955
55c57535
dd471df5
0cc45d7d
570de5d5
d5751555
17c6fc94
757d74d8
dc547752
dd15d0d5
14554465
54d55555
7501c444
458535c1
7545e45c
1d557155
5759d051
44cb5615
d55f147c
4747fd51
4f515550
1b061515
454114d5
cb951751
c345535c
d851f115
1d5d1595
53d55755
455451f8
cd451175
1d054572
1d4dd1d5
7555b5d8
55015c7d
519374d5
53d5145b
dddf5547
51551735
d7415171
07e95445
19961814
c565d55d
1105d47d
450575f5
564557dc
55571d5d
4dce5c77
0c47fc6c
d6547554
5541354d
5d51195d
fd191546
d755949d
75049154
45d71456
45d55f5e
0f5d5441
65536ed0
0cd559c1
150ff599
95057451
41af5454
5d1d9dd9
554d7641
e14f8654
5fd74455
4f6f5599
5d4b5514
450f1444
cd57dd5d
d7c57cd5
5d4f5d25
0555451d
146558d3
515d5d74
5655d1d0
0db5c055
1b75567e
175d4474
5515d954
c2db3561
416556cc
55757d51
bf47f69c
575715d4
d5dc1474
47479d55
07553310
54527154
cd4d7174
1c05594d
571db5d7
cd1d55d9
141d7655
0d07d15b
46557cd5
542d7654
0755771c
ddc5749e
ce45565d
9d235555
515555d7
b185bd55
4557105f
50cf6444
497750dd
455554bd
4d4dfcd0
07d54575
455d4544
0f5c57d5
7d5b7184
0fdf555a
c45755d5
551958d0
55ef16d4
45845dc4
75d77e11
556354d4
4d535415
cd459850
7b115c44
d46dd5f8
d14f57d5
15d7d558
494dec54
4d555cc1
460cd7d8
f5547455
54121d75
dd45547a
4d574444
57df3ddc
46711dec
de5710bc
55d70470
415f5d75
1905c43c
555540d5
4d55ccfc
7d41d195
6d076e15
0fedf4d4
4555f4cc
5547745c
5553503d
d1d545bd
57455545
444ffd3d
53dd3455
4111d155
455f4574
865151c5
d7472453
9105c054
4d551551
1855945d
14554c65
474551d4
574d5854
d50710f5
53759155
ff555d44
41584514
176f5c5c
c5435590
4583f015
496f5451
d5117875
257be401
15156d50
d75dd5f4
154757f5
fd45d547
5d5550d5
115d6cdd
50516470
45df545c
07fdf41d
4244d444
51c1e175
4f487c11
57c45554
014553dd
47055d14
45c55410
dd05b455
4105dcff
4d4dd4f5
4dc2d015
590d6175
465544d5
dd42355d
754f5890
5743747d
515d5545
ff457d75
d555bd15
5f4657f0
5f515515
15d55550
d745d5cd
52535cd5
0d5f55d9
595554d5
41975954
155555c1
574f557c
14d2455d
5346d511
d555655d
57d9551d
874dd5dd
474d40e7
cac6551c
4e455174
0742a675
2e174372
3ddf5754
4d475575
4d541574
95c7583f
4d45f059
754ed57d
94dde855
cd5715f5
4f9d1f71
994f3094
054d854c
45df9455
55d15955
47952054
57931574
9957f954
5c495454
59dd5c7c
cb0fd71d
51c5719b
541ff7fd
045411fe
0f6555f5
1f5d1424
051d3174
51d714bf
9dd59779
f4459dd4
37575550
9d554914
4f1955dd
554e5544
2359715c
d551f4dd
0f7d5555
1d551695
17c76857
5d05c4f4
4f751955
55647535
dd471df5
0cc45d7d
570de5d5
d5751555
17c6fcb4
757d74d8
dc547752
dd15d055
14554465
54555555
75014444
458535c1
7545e45c
1d557157
5759c051
64cb5615
d55f147c
4747fd51
57515554
1b061515
454114d5
c3950751
c3455358
d851f115
1d7d1595
53d75755
555451d8
05451175
1d054172
1d4dd1d5
7555b550
55015c7d
519374d5
53d5145b
dfdf5547
51551735
d7415171
07e95445
19961914
c564d155
1105d47d
650575f5
564557cc
55571d5d
45ce4477
0c47fc6c
d6147554
5141354d
1d51395d
fd191546
d755949d
75059154
45d71456
45d55f5e
0f5d5441
65526ed0
0cd559c1
150ff599
95057471
41af5454
5d1d95d9
554d7641
e14f8e55
5f174455
5f6f5599
5d4b5510
450f1444
cd57dd7d
57855cd5
595f5d25
0555453d
156558d3
515d5d74
5655d150
0db5c455
9b75d67e
171d4474
5515d954
c2db7561
417556cc
55757f51
bf47f69c
575715d5
d5dc1474
47479d55
07553310
54527150
cd4d7174
1c05514d
571db5d7
cd5d55d9
141d7655
1d07d15b
46557cd5
542d7654
0755771c
9dc5749e
ee45565d
9d235555
515555d7
b195bd55
4557105f
50cf6445
497750d5
455554bd
4d4dfcf0
07d54575
455d4544
0f5c57c5
7d5b7184
0f5f555a
c45755d5
551b50d0
55ef16d5
45845dc4
75567a11
556354d4
4d735415
cd4598d0
7b155c44
966dd5fa
d34f57d5
15d6d558
494d6cd4
4d555cc5
460cd7d8
f5547455
54121d75
7d45507a
5d574444
17df3ddc
46711dec
de5532bc
55d70470
41575d75
1905c43c
55d540d5
4d55ccfd
7d41d195
7d076e15
0fe5f4d4
4555f4cc
5567745c
5553703d
51d545bd
57475547
444ffd3d
53dd3455
4111d155
455f4574
86515145
d7472453
9115c054
4d551551
1855945d
14574c65
47455154
574d5854
550710f5
53759155
ff555d45
01594114
176f5c5c
c5435590
4593f015
496f5411
d5117875
256fe401
11156d58
d75dd5f4
154f57f5
fd45d547
5d5550d5
115d2cdd
50516470
05df545c
07fdb41d
4244d444
51c1e175
4f487c10
d7445554
014553dd
47055d14
41c55410
dd05b455
5105dcff
4d4d54f5
4dc2d015
590d6175
465544d5
dd43355d
754f5890
5743747d
51dd5545
ff457d75
c555bd55
5f4757f0
5f515415
15d55550
d755d5cd
52535cd5
0d5f55d9
595554d5
41975954
155555c1
574f557c
14d2455d
5346d511
d555655d
57d9551d
874dd5dd
574d40e7
cae6751c
4e455174
0742a675
2e174372
3dd7575c
4d475575
5d551574
95c7583d
4d45f0d9
754ed57d
94cde855
cd5715f5
4f9d1f71
994f30b4
054d854c
c5df9455
55d15955
47952054
57931574
9957f954
5c495054
59dd5c7e
c30fd71d
51c5719b
541ff3fd
045410fe
0f6555f5
0f551424
051d3174
514714be
9dd59779
f445ddf4
35575550
9d554d14
4f5955dd
554e5544
2159715c
d551f4dd
0e7d5555
1d553695
37c76857
5d05e4fc
4f751955
55457535
dd475df5
0cc45d7d
570de5d5
d5751555
17c6fc94
757d7498
dc547752
dd15d055
14554465
54554555
75016544
458535c1
7545e45c
1d557155
5759c051
44cb5615
d55f147c
4747fd51
47515550
1b061515
454114d5
cb950751
c345535c
d851f115
1d7d1595
53d55755
455451f8
0d451175
1d054172
1d4dd1d5
7555b5d8
51055c7d
519b7455
53d5145b
dddf5557
51551735
d7415171
07e95445
19961914
c565d15d
1105d47d
250575f5
564557cc
55571d5d
45ce4477
0c47fc6c
d6547554
5541354d
5d513b5d
fd111546
d755d49d
75049154
45d71456
45d55f5e
075d5441
65566ed0
0cd559c1
150ff599
15057471
412f5454
5d1d97d9
554d7641
e14f8e54
5f975455
5f6f5599
5d4b5514
450f1444
cd57dd7d
57855cd5
594f5d25
0555453d
146558d3
515d5d74
5655d150
0db5c455
9b75d67e
171d4474
5515d954
c2dbf561
496556cc
55757f51
bf67f6bc
575715d5
d5dc1474
47479d55
06553310
54527150
cd4d7174
1c05594d
571db5d7
cd5d55d1
141d7655
1d07d15b
46557cd5
542d7654
1755771c
1dc5749e
ce45565d
9d235555
51555557
b185bd55
45d7105f
50cf6445
49775055
455554bd
4d4dfcf0
07554575
455dc544
0f5c57d5
7d5b7104
0f5f555a
c45755d5
551958d0
55ef16d4
45845dc4
75d67e11
556354d4
4d535415
cd4598d0
7b115444
966dd5f8
d14f57d5
15d6d558
494dec54
5d555cc5
460cd7d8
f5547455
55101d75
5d45507a
4d570444
17df3ddc
46711dec
de5512bc
55d70470
49575d75
1905c43c
55d540d5
4d55cdfd
7d49d195
7d076e15
0fe5f4d4
4555fdcc
5547745c
5553703d
d1d545bd
57475547
444ffd3d
53dd3457
4111d155
455f4574
86515145
d7472453
9115c054
4d551551
1855905d
14554c65
07455554
574d5854
550710f5
53759155
ff555d45
41594514
176f585c
c5435590
4583f015
496f5411
d5117875
256be401
15156d58
575dd1f4
154f57f5
fd45d547
5d5550d5
115d2cdd
50514470
05df545c
07fdb41d
4244d444
51c1e175
4f487431
57c45d54
014553dd
47055d14
45c55410
dd05b455
4105dcff
4f4d54f5
4dc2d015
592d6175
465544c5
dd43355d
754f5894
5743547d
51dd5545
ff457d75
d555bd15
5f4657f0
5f515415
15d55550
5755d5cd
5253dcd5
0d5f55d9
595554d5
41975d54
155555c1
574f557c
14d0455d
5346d511
d5556d5d
57d9551d
874dd5dd
474d40e7
c8e6451c
4e475174
0742a675
2e174372
3dd7575c
4d475575
5d551574
95c758bf
4d45f0d1
754ed57d
94dde855
cd5715f5
4f9d1f71
994f30b4
014d854c
c5df9455
55d15955
47952054
57931574
9957f954
5c495054
49dd5c7e
cb0fd71d
55c5719b
541ff1fd
045591fc
0f655df5
0f551424
051d3154
d54714bf
9dd59779
f4459dd4
35575550
9d550914
4f5955dd
554e5544
215d715c
d551f4dd
0e5d5555
1d551695
17c76857
1d05c4fc
4f751955
55c57535
dd475df5
4dc45d7d
570de5d5
d5751555
15c6fc94
757d7498
dc547752
dd15d0d5
14554465
54555555
7501c444
458535c1
7545e45c
1d557155
5759c051
44c35615
d55f147c
4547fd51
47515550
1b061515
454114dd
cb950751
c345535c
d851f115
1d7d1594
52d75755
455451f8
8d451175
1d054572
1d4dd1d4
7555b5d8
51115c7d
519b74d5
51d5145b
dddf5577
51551735
d7415171
07e95445
19961814
c565d55d
1105d47d
250575f5
564557c8
15579d5c
45ce4c77
0c47fc6c
d6547554
5541354d
5d51195d
fd1d1546
d755949d
75049154
45d71456
45d55f5e
0f5d5441
65526ed0
0cd559c1
150ff599
15057451
41af5454
5d1d95d9
554d7641
e54f8654
5f974455
5f6f5599
5d4b5514
450f1444
cd57dd7d
d7c55cd5
594f5d25
8555451d
146558d3
115d5d74
5655d1d0
0db5c455
9b75567e
175d4474
5515d9d4
c2dbb561
496556cc
55657d51
bf67f6bc
575715d5
d5dc0474
47479d55
07553710
54527154
cd5d7174
0c05515d
571db5d7
cd1d55d9
141d7655
0d07d15b
46557cd5
542d7654
0755775c
ddc5749e
ee45565d
dd275555
515555d7
b185bd55
45d7105f
50cf6445
497750d5
455554bd
4d4dfcf0
07554575
455d4544
0f5c57d5
7d5b7184
4fdf555a
c45755d5
551958d0
55ef16d4
45845dc4
75d67e11
556354d4
4d735415
cd4598d0
7b155c44
d66dd5f8
d14f57d5
15d6d558
494decd4
4d555cc1
460cd5d8
f5547455
54101d75
5d45507a
4d574444
17df3ddc
c6711dec
de5510bc
55d70470
41575d75
1905c43c
555540d5
4d55ccfd
7d49d195
6d076e15
0fe5f4dc
4555f5c4
5547545c
5553703d
d1d545bd
57455547
444ffd3d
53dd3415
4111d155
455f4574
86515145
d7472452
9115c014
4d551551
1855945d
14554c65
474551d4
574d5854
550710f5
53759155
ff555d44
41584514
176f5c5c
c5435590
4593f015
496f5451
d5117875
256be401
1115ed58
d75dd5f4
154f57f5
fd45d547
5d5550d5
115d2cdd
50516470
45df545c
07fdf41d
4244d444
51c1e175
4f487c10
57c45554
014553dd
47055d14
45c55410
dd05b455
4105dcff
4d4dd4f5
4dc2d015
592d6175
467544c5
dd42355d
754f5890
5743547d
51df5545
ff457d75
d555bd15
5f4f57f0
5f515415
15d55550
5755f5cd
5a53dcd5
0d5f55d9
591554d5
41975d54
154555c1
574f557c
14d04d5d
5346d511
d555655d
57d9551d
874dd5dd
c54d40e7
cae6551c
4e455174
0742a675
6e174372
3ddf575c
4d475575
5d551574
95c7583d
4d45f059
754ed57d
94cde855
cd5715f5
4f9d1f71
994f30b4
014d854c
c5df9455
55d15955
47952054
57931574
9957f954
5c495054
49dd5c7e
cb0fd71d
51c5719b
541ff3fd
045510fe
0f6555f5
1f551424
855d3174
514714bf
9dd59779
f445ddd4
37575550
9d554d14
4f1955dd
554e5544
2159715c
d551f4dd
0e7d5455
1d551695
17d76857
5d05e4fc
4f755955
55457535
dd475df5
4cc45d7d
570de5d5
d5751555
17c6fcb4
757d7498
dc547752
dd15d055
145d4465
54555555
75034444
458535c1
7545e45c
1d557155
575dc051
44cb5615
d55f147c
4547fd51
47515550
1b061515
454114dd
c3951751
c345535c
d851f115
1d7d1595
52d75755
455451f8
0d451175
1d054572
1d4dd1d5
7555b5d8
51055c7d
519b34d5
53d5145b
dddf5547
51551735
d7415171
07e95445
19961914
c565d55d
1105d47d
650575f5
564557cc
55571d5d
45ce5477
0c47fc6c
d6547554
5141354d
5d513b5d
fd191546
d755d49d
75049154
45d71456
45d55f5e
0f5d5441
65526ed0
0cd559c1
150ff59d
15057451
41af5454
5d1d95d9
554d7641
e14f8e54
5f175455
5f6f5599
5d4b5514
450f1444
cd57dd7d
d7c55c95
5d5f5d25
0555453d
156558d3
515d5d74
5655d150
0db5c455
9b75567e
171d4474
5515d9d4
d2db3561
4165568c
55757d51
bf67f6bc
575715d4
d5dc1474
47479d55
07553710
54527150
cd4d7174
1c05595d
571db5d7
cd1d55d9
041d7655
1d07d15b
46557cd5
542d7654
2755771c
9dc5709e
ee45565d
9d235555
51555557
b195bd55
45d7105f
50cf6445
497750d5
455554bd
4d4dfcf0
07554575
455d4544
0f5c57c5
7d5b7184
0fdf551a
c45755d5
551958d0
55ef16d4
45845dc4
75f77e11
556354d4
4d53d415
cd5598d0
7b115444
d66dd5f8
914f57d5
15d6d558
494decd4
5d555cc5
460cd7d8
f5547455
55121d75
5d45507a
4d574444
17df3ddc
46711dec
de5510bc
55d70470
41575d75
1905c43c
555540d5
4d55ccfd
7d49d195
6d076e15
0fe5f4dc
4555f4c4
5567745c
5553503d
d1d545bd
57475545
444ffd3d
53dd3417
4111d155
455f4574
86515145
d7472452
9115c054
4d551551
1855945d
14554c65
474551d4
574d5854
550710f5
53759555
ff555d44
01584514
176f585c
c5435590
4583f035
497f5411
d5117875
257fe401
11157d58
d55dd5f5
154f57f5
fd45d547
5d5550d5
115d6cdd
50514470
05df545c
07fdb41d
4244d444
51c1e175
4f487c31
d7445554
014553dd
47055d14
45c55410
dd05b455
5105dcff
4d4d54f5
4dc2d015
590d6975
465544d5
dd423d5d
754f5890
5743547d
51df5545
ff453d75
d555bd15
5f4657f0
5f515535
15d55550
5755f5cd
52535cd5
0d5f55d9
590554d5
41975954
155555c1
574f557c
14d24d5d
5346d515
d545655d
57d9551d
874dd5dd
574d40e7
cac6551c
4e475174
0742a675
2e174372
3ddf575c
4d455575
5d551574
95c7583d
4d45f0d9
754ed57d
94dde855
cd5715f5
4f9d1f71
994f30b4
014d854c
c5df9455
55d15955
47952054
57931574
9957f954
5c495054
59dd5c7e
cb0f571d
51c5719b
541ff3fd
045511fc
0f6555f5
0f551424
051d3154
555714be
99c59779
f445ddd4
37575550
9d554914
4f1955dd
554e5544
2159715c
d551f4dd
0e7d5555
1d551695
37c76857
5d05e4fc
4f755955
55e57535
dd475df5
4dc45d7d
570de5d5
d5751555
17c6fc94
757d7498
dc547752
dd15d095
14554465
54555555
75014444
458535c1
7545e44c
1d557155
5759c051
44cb5615
d55f147c
4547fd51
4f515550
1b061515
454114d5
cb951751
c345535c
d851f115
0d7d1595
53d75755
455451f8
4d451175
1d054d72
1d4dd1d5
7555b5d8
51055c7d
519b74d5
53d5145b
dddf5557
51559735
d7415171
07e95445
19961914
c565d15d
1105d47d
650575f5
564557cc
55571d5d
45ce4477
0c47fc6c
d6147554
5541354d
5d51395d
fd1d1546
d755d49d
71049154
45d71456
45d55f5e
0f5d5441
65536ed0
0cd559c1
150ff599
15057451
412f5454
5d1d9fd9
554d7641
e14f8654
5f174455
5f6f5599
5d4b5514
450f1444
cd57dd7d
d7855cd5
5d4f5d24
0555553d
146558d3
115d5d74
5655d1d0
0db5c555
9b75d67e
171d4474
5515d954
c2db7561
417556cc
55757f51
bf67f6bc
575715d4
d5dc1474
47479d55
07553710
54537150
cd4d7174
0c05594d
571db5d7
cd1d55d9
141d7655
1d07d15b
46557cd5
542d7654
0755771c
5dc5749e
ee45565d
9d235555
515555d7
b185bd55
4557105f
50cf6445
49775055
455554bd
4d4dfcf0
07d54575
455d4544
0f5c57c5
7d5b7184
0f5f551a
c45755d5
551958d0
55ef16d4
45845dc4
75d77e11
556354d4
4d735415
cd4598d0
7b155c44
966dd5f8
d34f57d5
15d7d558
494decd4
5d555cc5
460cd7d8
f5547455
54101df5
5d45507a
5d574445
17df3ddc
46711dec
de5710bc
55d70470
49575d75
1905c43c
55d540d5
4d55ccfd
fd41d195
7d076e15
0fe5f4dc
4555fdc4
5547745c
5553703d
d1d545bd
57475547
444ffd3d
53dd3415
4111d155
455f4574
86515145
d7472452
9115c054
4d551551
1855945d
14554c65
074551d4
574d5854
550710f5
53759155
ff555d44
41584514
176f585c
c5435590
4593f015
496f5411
d5117875
256fe401
11156d58
d75dd5f4
154f57f5
fd45d547
5d5550d5
115d2cdd
50516470
05df545c
07edb41d
4244d444
51c1e175
4f487411
d7445554
014553dd
47055d14
45c55410
dd05b455
4105dcff
4d4d54f5
4dc2d015
592d6175
465544d5
dd41355d
754f5890
5743547d
51dd5545
ff457d75
d555bd15
5f4657f0
5f515415
15d55550
d755f5cd
5253dcd5
0d5f55d9
591554d5
41975d54
155555c1
534f557c
14d24d5d
5346d515
d555655d
57d9551d
874dd5dd
d74d40e7
cae6751c
4e455174
0742a675
2e174372
3ddf575c
4d475575
5d451574
95c7583d
4d45f059
754ed57d
94cde855
cd5715f5
4f9d1f71
994f3094
014d854c
c5df9455
55d15955
47952054
57931574
9917f954
5c495054
59dd5c7e
cb0fd71d
55c5719b
541ff1fd
045410fc
0f6555f5
0f551424
051d3154
d14714be
99d59779
f4451dd4
37575550
9d550d14
4f5b55dd
55445544
2159715c
d551e4dd
0e5d5555
1d551695
17c76857
5d05e4fc
4ff51955
55457535
dd475df5
0cc45d7d
570de5d5
d5751555
17c6fcb4
757d74d8
dc547752
dd15d0d5
14554465
54555555
75014444
458535c1
7545e45c
1d557155
5759d051
44cb5615
d55f147c
4747fd51
47515550
1b061515
454114d5
cb951751
c345535c
d851f115
0d5d1594
52d75755
455451f8
cd451175
1d054d72
1d4dd1d4
7555b5d8
51055c7d
519334d5
53d5145b
dddf5547
51551735
d7415171
07e95445
19961814
c565d55d
1105d47d
050575f5
564557cc
15579d5d
45ce4c77
0c47fc6c
d6547554
5141354d
5d51195d
fd111546
d755d49d
75049155
45d71456
45d15f5e
0f5d5441
65526ed0
0cd559c1
150ff599
95057471
412f5454
5d1d9dd9
554d7641
e14f8654
5f974455
5f6f5599
5d4b5514
450f1444
cd57dd7d
d7c55cd5
5d4f5d25
0555453d
146558d3
515d5d74
5655d1d0
0db5c455
9b75567e
175d4474
5515d954
c2db7560
416556cc
55757f51
bf47f6bc
575715d4
d5dc1474
47479d55
07553710
54527154
cd4d7174
0c05594d
571db5d7
cd1fd5d9
151d5655
0d07d15b
46557cd5
542d7654
0755771c
ddc5749e
ce45565d
9d275555
515555d7
b185bd55
45d7105f
50cf6444
497750d5
455544bd
4d4dfcf0
07554575
455d4544
0f5c57c5
7d5b7184
0fdf551a
c457d5d5
551978d0
55ef16d4
45845dc4
75d77e11
556354d4
4d535415
cd4598d0
7b115444
966dd5f8
d14e57d5
15d6d558
494dec54
4d555cc5
460cd7d8
f5545455
54101d75
ed45507a
4d570444
17db3ddc
46711dec
de5710bc
55d70470
49475d75
1905c43c
555540d5
4d55ccfc
7d41d195
6d076e15
0fe5f4dc
4555f4cc
5547745c
5553703d
d1d545bd
57455547
444ffd3d
53dd3455
4111d155
455f4574
865151c5
d7472452
9115c054
4d551551
1855945d
14574c65
07455154
574d5854
d50710f5
53759155
ff555d44
41584514
176f5c5c
c5435590
4593f015
496f5411
d5117875
256fe401
15156d58
d75dd5f4
154f57f5
fd45d547
5d5550d5
115d2cdd
50514470
45df545c
07fdbc1d
4244d444
51c1e175
4f487c31
d7445554
014553dd
47055d14
41c55410
dd05b455
4105dcff
4d4d54f5
4dc2d015
590d6175
467544c5
dd43355d
754f5890
5743547d
51df5545
ff457d75
d555bd55
5f4657f0
5f515415
15d55550
5755d5cd
52535cd5
0d5f55d9
595554d5
41975d54
155555c1
574f557c
14d2455d
5346d511
d555655d
57d9551d
874dd5dd
c74d40e7
cae6751c
4ec55174
0742a675
2e174372
3ddf575c
4d475575
5d551574
95c758af
4d45f0d9
754ed57d
95dde855
cd5715f5
4d9d1771
994f30b4
014d854c
c5df9455
55d15955
47952054
57931574
9957f954
5c495054
49dd5c7e
c30fd71d
5dc5719b
541ffbfd
045511fe
0f6555f5
0f5d1424
855d3174
d14714be
9dd59779
f4451dd4
37575550
9d554914
4f5955dd
55465544
2159715c
d551f4dd
0e5d5555
1d551695
17c76857
5d05e4fc
4ff55955
55c57535
dd471df5
4cc45d7d
570de5d5
d5751555
17c6fcb4
757d74d8
dc547752
dd15d0d5
14554465
54555555
7501c444
458535c1
7545e45c
1d557155
5759c051
44cb5615
d55f147c
4547fd51
4f515550
1b061515
454114d5
cb950751
c345535c
d851f115
0d5d1595
53d75755
445451f8
05451175
1d054d72
1d4dd1d5
7555b5d8
51155c7d
519b74d5
53d5145b
dddf5577
51559735
d7415171
07e95445
19961914
c565d15d
1105d47d
250575f5
564557cc
55579d5d
45ce4c77
0c47fc6c
d6147554
5541354d
1d51195d
fd191546
d755d49d
75049154
45d71456
45d55f5e
0f5d5441
65526ed0
0cd559c1
150ff599
95057451
412f5454
5d1d9dd9
554d7641
e14f8654
7fd74455
5f6f5599
5d4b5514
450f1444
cd57dd7d
d7c55c95
5d5f5d25
0555451d
156558d3
515d5d74
5655d150
0db5c055
9b75567e
175d4474
5515d954
c2db7560
496556cc
55657f51
bf47f6bc
575715d4
d5dc1474
47479d54
07553710
54527150
cd5d7174
0c05594d
571db5d7
cd1fd5d9
141d5655
1d07d15b
46557cd5
542d7654
0755771c
ddc5708e
ce45565d
9d235555
515555d7
b185bd55
4557105f
50cf6445
49775055
455554bd
4d4dfcd0
07554575
455d4544
0f5c57d5
7d5b7184
0fdf551a
c457d5d5
551958d0
55ef16d4
45845dc4
75567e11
556254d4
4d535415
cd4598d0
7b115444
966dd5f8
514f57d5
55d7d558
494dec54
5d555cc5
460cd7d8
f5547455
54101d75
dd45507a
4d574444
17df3ddc
46711dec
de5512bc
55d70470
41575d75
1d05c43c
555540d5
4d55ccfd
fd49d195
6d076e15
0fe5f4dc
4555f4c4
5567745c
5553703d
d1d545bd
57455547
444ffd3d
53dd3415
4111d155
455f4574
86515145
d7472453
9115c054
4d551551
1855945d
14574c65
474551d4
574d5854
d50710f5
53759155
ff555d44
41594514
176f585c
c5435590
4593f015
496f5411
d5117875
257fe401
1515ed58
d75dd5f4
154f57f5
fd45d547
5d5550d5
115d6cdd
50516470
45df545c
07edf41d
4244d444
51c1e175
4f487431
d7c45554
014553dd
47055d14
41c55410
dd05b455
4105dcfe
4d4dd4f5
4dc6d015
592d6175
467544c5
dd433d5d
755f5890
5743747d
51df5545
ff457d75
d555bd15
5f4657f0
5f515435
15d55d50
5755f5cd
5a53dcd5
0d5f55d1
595554d5
41975d54
155555c1
174f557c
14d24d5d
5346d511
d555655d
57d9551d
874dd5dd
c54d40e7
cae6551c
4e455174
0742a675
6e174372
3ddf575c
4d475575
5d551574
95c7583f
4d45f059
354fd57d
94dde855
cd5715f5
4f9d1f71
994f30b4
014d854c
c5df9455
55d15955
47952054
57931574
9957f954
5c495054
59dd5c7e
cb0fd71d
51c5719b
541ff3fd
045511fe
0f6555f5
1f551424
851d3174
515f14bf
9dd59779
f445ddf4
35575550
9d550d15
4f5955dd
554e5544
2359715c
d551f4dd
0e7d5555
1d551695
37d76857
1d05e4fc
cf751955
55447535
dd471df5
0cc45d7d
570de5d5
d5751555
17c6fcb4
757d74d8
dc547752
dd15d055
14554475
54555555
7503e544
458535c1
7545e45c
1d557157
5759c051
64cb5615
d55f147c
4747fd51
4f515550
1b061515
454114d5
cb951751
c345535c
d851f115
1d7d1595
53d75755
455451f8
45451175
1d054972
1d4dd1d5
7555b5d8
51055c7d
519b74d5
53d5145b
dddf5547
51551735
d7415171
07e95445
19941914
c565d15d
1105d47d
250575f5
564557cc
55579d5d
45ce5477
0c47fc6c
d6147554
5541354d
1d51395d
fd191546
d755d49d
75059154
45d71456
4dd55f5e
0f5d5441
65526ed0
0cd759c1
150ff599
15057451
41af5454
5d1d97d9
554d7641
e14f8655
5f174455
5f6f5599
5d4b5514
450f1444
cd57dd7d
d7855c95
5d5f5d25
0555553d
146558d3
515d5d74
5655d150
0db5c055
9b75d67e
179d4474
5515d9d4
d2db3561
497556cc
55757f51
bf47f69c
575715d5
d5dc1474
47479d55
07553710
54727150
cd4d7174
1c05514d
571db5d7
cd1f55d9
141d7655
1d07d15b
46557cd5
542d7654
1755775c
9dc5709e
ee45565d
9d235555
51555557
b195bd55
4557105f
50cf6445
497750d5
455554bd
4d6dfcf0
07f44575
455d4544
0f5c57c5
7d5b3184
0fdf551a
c457d5d5
551b50d0
55ef16d4
45845dc4
75777e11
556354d4
4d735415
cd4598d0
7b155c44
d66dd5f8
d14f57d5
15d6d558
494dec54
5d555cc5
460cd7d8
f5547455
54101df5
dd45507a
5d574444
17df3ddc
c6711dec
fe5512bc
55d70470
49575d75
1905c43c
555540d5
4d55ccfd
fd49d1b5
7d076e95
0fe5f4d4
4555fdcc
5567745c
5553703d
d1d545bd
57475547
444ffd3d
53dd3417
4111d155
455f4574
86515145
d7472453
9105c054
4d551551
1855945d
14554c65
474551d4
574d5854
550710f5
53759155
ff555d44
41594514
176f585c
c5435590
4583f835
497f5411
d5117875
257fe401
15156d58
d75dd5f4
154f57f5
fd45d547
5d5550d5
115d2cdd
50516470
05df545c
07fdb41d
4244d444
51c1e175
4f487c30
d7c45554
014553dd
47055d14
45c55410
dd05b455
4105dcff
4d4d54f5
4dc2d015
592d6175
465544d5
dd43355d
755f5890
5743747d
51df5545
ff457d75
d555bd15
5f4657f0
5f515415
15d55d50
5755d5cd
5253dcd5
0d5755d9
591554d5
41975d54
155555c1
574f557c
14d2455d
5346d511
d5556d5d
57d9551d
874dd5dd
474d40e7
cae6551c
4e455174
0742a675
2e174372
3ddf575c
4d455575
5d551574
95c7583d
4d45f0d9
754ed57d
95dde855
cd5715f5
4f9d1f71
994f30b5
014d854c
c5df9455
55d15955
47952054
57931574
9957f954
58495054
59dd5c7e
cb0fd71d
5dc5719b
541ff3fd
045411fe
0f6555f5
1f551424
051d3154
d15714bf
99d59779
f4455dd4
37575550
9d550915
4f5955dd
554e5544
2359715c
d551f4dd
0e7d5555
1d553695
17c76857
5d05e4fc
4f751955
55e47535
dd475df5
4cc45d7d
570de5d5
d5751555
17c6fcb4
757d74d8
dc547752
dd15d0d5
14554475
54555555
7503e444
458535c1
7545e44c
1d557157
5759c051
64cb5615
d55f147c
4747fd51
47515550
1b061515
454114d5
cf950751
c345535c
d851f115
1d7d1595
52d55755
455451f8
05451175
1d054d72
1d4dd1d4
7555b558
55115c7d
519b74d5
53d5145b
dddf5547
51551735
d7415171
07e95445
19961914
c565d15d
1105d47d
250575f5
564557cc
55579d5d
45ce4477
0c47fc6c
d6147554
5141354d
5d51195d
fd191546
d715d49d
75059154
45d71456
45d15f5e
0f5d5441
65526ed0
0cd551c1
150ff599
15057451
41af5454
5d1d9dd9
554d7641
e14f8654
5f974455
5f6f5599
5d4b5514
450f1444
cd57dd7d
57855cd5
5d4f5d25
0555453d
146558d3
515d5d74
5655d150
0db5c455
9b755676
171d4474
5515d9d4
c2db7561
496556cc
55757f51
bf67f69c
575715d4
d5dc1474
47479d55
07553710
54537154
cd5d7174
1c05494d
571db5d7
cd1d55d9
141d7655
1d07d15b
46557cd5
542d7654
1755771c
1dc5709e
ee45565d
dd235555
515555d7
b185bd55
4557105f
50cf6445
497750d5
455554bd
4d4dfcf0
07554575
455d4544
0f5c57d5
7d5b7184
0fdf555a
c45755d5
551950d0
55ef16d4
45845dc4
75d77e11
556354d4
4d735415
cd4d9850
7b115444
966dd5f8
d14f57d5
15d6d558
494dec54
5d555cc5
460cd7d8
f5547455
54101df5
fd45507a
5d574444
17df3ddc
46711dec
de5510bc
55d70470
41575d75
1905c43c
55d540d5
4d55ccfd
7d49d195
7d076e95
0fe5f4d4
4555f4cc
5547745c
5553703d
d1d545bd
57455547
444ffd3d
53dd3417
4111d155
455f4574
86515145
d3472453
9115c054
4d551551
1855945d
14554c65
474551d4
574d5854
d50710f5
53759155
ff555d45
41594514
176f585c
c5435590
4583f015
497f5411
d5117875
257fe401
11156d5c
d55dd5f4
154f57f5
fd45d547
5d5550d5
115d7cdd
50514470
05df545c
07edb41d
4244d444
51c1e175
4f487c10
d7445554
014553dd
47055d14
45c55410
dd05b455
4105dcfe
4d4d54f5
4dc2d015
590d6975
465544c5
dd43355d
754f5890
5743547d
51df5545
ff457d75
d555bd55
5f4f57f0
5f515415
15d55550
5745d5cd
5a53dcd5
0d5f55d9
595554d5
41975954
155555c1
574f557c
14d24d5d
5346d511
d555655d
57d9551d
874dd5dd
c74d40e7
cae6751c
4ec75174
0742a675
2e174372
3ddf575c
4d475575
4d551574
95c758bd
4d45f0d9
754ed57d
94cde855
cd5715f5
4f9d1f71
994f30b4
014d854c
c5df9455
55d14955
47952054
57931574
9957f954
5c495054
49dd5c7e
cb0f571d
51c5759b
541ff3fd
045410fe
0f6555f5
0f551424
855d3174
d14714be
9dd59779
d4451dd4
37575550
9d550914
4f5955dd
554e5544
2159715c
d551f4dd
0e5d5555
1d551495
17c76857
1d05c4fc
4f751955
55c57535
dd471df5
4cc45d7d
570de5d5
d5751555
17c6fcb4
757d7498
dc547752
dd15d0d5
14554465
54555555
7501c444
458535c1
7545e45c
1d557155
5759c051
44cb5615
d55f147c
4547fd11
4f515554
1b061515
454114dd
c3951751
c345535c
d851f115
0d7d1595
53d75755
455451f8
45451175
1d054d72
1d4dd1d4
7555b5d8
51115c7d
519374d5
53d5145b
dddf5557
51551735
d7415171
07e95445
19961814
c565d15d
1105d47d
650575f5
564557cc
55579d5d
45ce4c77
0c47fc6c
d6547554
5141354d
5d51385d
fd191546
d755949d
75049154
45d71456
45d55f5e
0f5d5441
65526ed0
0cd559c1
150ff599
15057451
41af5454
5d1d9dd9
554d7641
e14f8654
5f975455
5f6f5599
5d4b5514
450f1444
cd57dd7d
d7c55c95
5d4f5d25
0555451d
146558d3
115d5d74
5655d150
0db5c455
1b75567e
171d4474
5515d954
c2db3561
496556cc
55757d51
bf47f6bc
575715d4
d5dc1474
47479d55
07553710
54527154
cd4d7174
0c05594d
575db5d7
cd5d55d9
141d7655
1d07d15b
46557cd5
542d7654
0755771c
ddc7749e
ee45565d
9d235555
515555d7
b185bd55
55d7105f
50cf6445
497750d5
455554bd
4d4dfcf0
07d54575
455d4544
0f5c57d5
7d5b7184
4fdf555a
c45755d5
551978d0
55ef16d4
45845dc4
75d77e11
556354d4
4d735415
cd4d98d0
7b115444
d66dd5f8
514f57d5
15d7d558
494decd4
4d555cc5
460cd7d8
f5547455
54101d75
dd45507a
5d570444
17df3ddc
46711dec
fe5712bc
55d70470
415f5d75
1905c43c
555540d5
4d55ccfd
fd49d195
6d076e15
0fe5f4dc
4555f4cc
5547745c
5553503d
d1d5459d
57455547
444ffd3d
53dd3457
4111d155
455f4564
865151c5
d7472452
9105c014
4d551551
1855945d
14554c65
074551d4
574d5854
d50710f5
53f59155
ff555d44
41594514
176f5c5c
c5435590
4593f015
496f5411
d5117875
256fe401
11156d58
d55dd5f4
154f57f5
fd45d547
5d5550d5
115d6cdd
40514470
05df545c
07fdfc1d
4244d544
51c1e175
4f487430
d7c45554
014553dd
47055d14
41c55410
dd05b415
4105dcfe
4d4d54f5
4dc2d015
590d6175
465544d5
dd43355d
754f5890
5743547d
51df5545
ff457d75
d555bd15
5f4657f0
5f515415
15d55550
d755d5cd
52535cd5
0d5f55d9
595554d5
41975954
155555c1
574f557c
14d24d5d
5346d511
d555655d
57d9551d
874dd5dd
574d40e7
cae6751c
4ec75174
0742a675
2e174372
3ddf575c
4d475575
4d551574
95c7583d
4d45f059
754ed57d
95dde855
cd5715f5
4f9d1f71
994f30b4
014d854c
c5df9455
55d15955
47952054
57931574
9957f954
5c495054
49dd5c7e
cb0fd71d
55c5719b
541ff3fd
045510fc
0f6555f5
0f551424
051d3174
d14794be
99d59779
f445ddf4
37575550
9d550914
4f5955dd
554e5544
215d715c
d551f4dd
0e5d5555
1d551695
17c76857
5d05c4fc
4f751955
55c57535
dd471df5
4cc45d7d
570de5d5
d5751555
15c6fc94
777d7498
dc547752
dd15d0d5
14554465
54554555
7501c444
458535c1
7545e45c
1d557157
5759c051
44cb5615
d55f147c
4547fd51
4f515554
1b061515
454114dd
c3951751
c345535c
d851f155
0d7d1595
52d75755
455451f8
0d451175
1d054d72
1d4dd1d4
7555b5d8
51155c7d
519b74d5
53d5145b
dddf5577
51551735
d7415171
07e95445
19961914
c565d15d
1105d47d
250575f5
564557c8
55579d5d
45ce4c77
0c47fc6c
d6547554
5541354d
5d51195d
fd1d1546
d755949d
75049154
45d71456
4dd55f5e
0f5d5441
65526ed0
0cd559c1
150ff59d
15057471
412f5454
5d1d9dd9
554d7641
e14f8654
5f975455
5f6f5599
5d4b5514
450f1444
cd57dd7d
d7855cd5
5d4f5d25
0555451d
546558d3
115d5d74
5655d1d0
0db5c055
9b75567e
171d4474
5515d9d4
c2db3561
417556cc
55757f51
bf67f6bc
575715d4
d5dc1474
47479d55
07553710
54527150
cd5d7174
1c0d594d
571db5d7
cd1d55d9
141d7655
1d07d15b
46557cd5
542d7654
2755771c
ddc5749e
ee45565d
9d235555
515555d7
b195bd55
45d7105f
50cf6445
497750d5
455554bd
4d4dfcf0
07554575
455d4544
0f5c57d5
7d5b7184
0fdf551a
c45755d5
551958d0
55ef16d4
45845dc4
75567e11
556354d4
4d535495
cd4598d0
6b115444
d66dd5f8
514f57d5
15d6d558
494decd4
4d555cc1
460cd7d8
f5547455
54101d75
dd45507a
4d574444
17df3ddc
46711dec
de5512bc
55d70470
41575d75
1d05c43c
55d540d5
4d55ccfd
7d49d195
7d076e15
0fe5f4dc
4555f4cc
5547745c
5553703d
d1d545bd
57455547
444ffd3d
53dd3415
4111d155
455f4564
865151c5
d7472453
9115c054
4d551551
1855905d
14554c65
474555d4
574d5854
d50710f5
53759155
ff555d44
41584514
176f585c
c5435590
4583f015
496f5451
d5117875
256be401
15156d58
d75dd5f4
154f57f5
fd45d547
5d5550d5
115d6cdd
50516470
05df545c
07fdf41d
4244d444
51c1e175
4f487c31
57c55554
014553dd
47055d14
45c55410
dd05b455
4105dcff
4d4dd4f5
4dc2d015
592d7175
465544c5
dd433d5d
754f5890
5743547d
51dd5d45
ff457d75
d555bd15
5f4657f0
5f515435
15d55550
5755d5cd
52535cd5
0d5f55d9
591554d5
41975d54
155555c1
574f557c
14d26d5d
5346d511
d5556d5d
57d9551d
874dd5dd
474d40e7
cae6751c
4ec55174
0742a675
6e174372
3ddf575c
4d475575
5d551574
95c7583f
4d45f0d1
754fd57d
94dde855
cd5715f5
4f9d1f71
994f30b4
054d854c
c5df9455
55d15955
47952054
57931574
9957f954
5c495454
59dd5c7e
cb0fd71d
5dc5719b
541ff3fd
045591fc
0f6555f5
0f551424
055d3155
d15714bf
9dd59779
f4459df4
37575550
9d554914
4f1955dd
554e5544
215d715c
d551f4dd
0f7d5555
1d551695
37d76857
1d05c4fc
4f751955
55c57535
dd475df5
4cc45d7d
570de5d5
d5751555
17c6fcb4
757d74d8
dc547752
dd15d0d5
14554465
54555555
7503c444
458535c1
7545e45c
1d557157
5759c051
44cb5615
d55f147c
4547fd51
47515550
1b061515
554114d5
cb951751
c345535c
d851f115
1d7d1595
53d55755
455451f8
0d451175
1d054972
1d4dd1d5
7555b5d8
55055c7d
519b74d5
53d5145b
dddf5567
51551735
d7415171
07e95445
19961914
c565d15d
1105d47d
650575f5
564557cc
55579d5d
45ce5c77
0c47fc6c
d6147554
5141354d
5d513b5d
fd191546
d745949d
75049154
45d71456
45d55f5e
0f5d5441
65526ed0
0cd759c1
150ff599
15057471
41af5454
5d1d97d9
554d7641
e14f8654
5f175455
5f6f5599
5d4b5514
450f1464
cd57dd7d
d7855cd5
594f5d25
0555453d
146558d3
515d5d74
5655d1d0
0db5c055
9b75d67e
171d4474
5515d954
c2db3561
417556cc
55757f51
bf47f6bc
575715d4
d5d41474
47479d55
07553710
54527150
cd5d7174
1c05595d
571db5d7
cd5f55d9
141d7655
1d07d15b
46557cd5
542d7654
1755771c
1dc5749e
ee45565d
9d235555
515555d7
b185bd55
4557105f
50cf6445
497750d5
455554bd
4d4dfcd0
07744575
45554544
0f5c57d5
7d5b7184
0fdf551a
c4575555
551978d0
55ef16d5
45845dc4
75d77e11
556354d4
4d735415
cd4598d0
7b155c44
d66dd5f8
d14f57d5
15d6d558
494dec54
5d555cc5
460cd7d8
f5547455
54101d75
dd45507a
5d574444
17df3ddc
46711dec
de5512bc
55d70470
49575d75
1d05c43c
55d540d5
4d55cdfd
fd01d195
7d076e15
0fe5f4d4
4557f5cc
5567745c
5553703d
d1d545bd
57455547
444ffd3d
53df3417
4111d155
455f4574
86515145
d7472453
9105c054
4d551551
1855945d
14554c75
074555d4
574d5855
d50710f5
53759555
ff555d44
41584514
176f5c5c
c5435590
4593f035
497f5411
d5117875
257fe401
15156d5c
d75dd1f4
154f57f5
fd455547
5d5550d5
115d6cdd
50516470
05df545c
07fdf41d
4244d444
51c1e175
4f487c31
d7c45554
014553dd
47055d14
45c55410
dd05b455
4105dcff
4d4d54f5
4dc2d015
590d6175
467544d5
dd43355d
754f5894
5743747d
51df5545
ff457d75
d555bd15
5f4757f0
5f515435
15d55d50
d755d5cd
5253dcd5
0d5f55d9
595554d5
41975d54
155555c1
574f557c
14d24d5d
5346d511
d555655d
57d9551d
874dd5dd
474d40e7
cae6551c
4e455174
0742a675
6e174372
3ddf575c
4d475575
5d541574
95c758bd
4d45f0d9
354ed57d
94dde855
cd5715f5
4f9d1f71
994f30b4
014d854c
c5df9455
55d15955
47952054
57931574
9957f954
5c495054
59dd5c7e
c30fd71d
59c5719b
541ff3fd
045511fc
0f6555f5
0f551424
851d3154
d14714be
9dd59779
f4459dd4
37575550
9d554914
4f5955dd
554e5544
2159715c
d551f4dd
0e7d5555
1d551695
37d76857
5d05e4fc
4f751955
55e47535
dd475df5
0cc45d7d
570de5d5
d5751555
17c6fc94
757d74d8
dc547752
dd15d0d5
145d4465
54555555
75014544
458535c1
7545e44c
1d557155
575dc051
64cb5615
d55f147c
4547fd51
4f515554
1b061515
454114d1
c3951751
c345535c
d851f115
1d5d1595
53d75755
455451f8
4d451175
1d054d72
1d4dd1d4
7555b5d8
55115c7d
519b74d5
53d5145b
dddf5547
51559735
d7415171
07e95445
19961914
c565d15d
1105d47d
650575f5
564557dc
55571d5d
45ce4477
0c47fc6c
d6547554
5141354d
1d51185d
fd191546
d755d49d
75049154
45d71456
45d55f5e
0f5d5441
65526ed0
0cd559c1
150ff599
95057471
412f5454
5d1d9fd9
554d7641
e14f8655
5f175455
5f6f5599
5d4b5514
450f1464
cd57dd7d
d7c55cd5
5d4f5d25
0555553d
166558d3
515d5d74
5655f150
0db5c455
9b75d67e
171d4474
5515d954
c2cb3561
416556cc
55757e51
bf47f6bc
575715d4
d5dc1474
47479d55
07553310
54527150
cd4d7174
1c05594d
571db5f7
cd1d55d9
041d7655
1d07d15b
46557cd5
542d7654
2755775c
9dc7749e
ee45565d
9d235555
515555d7
b185bd55
4557105f
50cf6445
497750d5
455544bd
4d4dfcf0
07d54575
455d4544
0f5c57c5
7d5b3184
0fdf551a
c45755d5
551978d0
55ef16d4
45845dc4
75d67e11
556354d4
4d535415
cd4d98d0
7b115c44
966dd5f8
d14e57d5
15d6d558
494dec54
5d555cc5
460cd7d8
f5547455
54101d75
fd45507a
5d574444
17df3ddc
46711dec
de5512bc
55d70470
415f5d75
1905c43c
555540d5
4d55cdfd
fd41d195
7d076e15
0fedf4d4
4555fccc
5547745c
5553703d
d1d545bd
57475547
444ffd3d
53dd3417
4111d155
455f4574
86515145
d7472452
9105c054
4d551551
1855945d
14554c65
474555d4
574d5854
d50710f5
537d9155
ff5d5d44
01584514
176f585c
c5435590
4583f035
496f5411
d5117875
257be401
1515ed58
d75dd5f4
154f57f5
fd45d547
5d5550d5
115d2cdd
50516470
05df545c
07edf41d
4244d444
51c1e175
4f487c30
d7c45d54
014553dd
47055d14
45c55410
dd05b455
4105dcff
4d4d54f5
4dc2d015
592d6975
465544d5
dd433d5d
754f5894
5743747d
51df5545
ff457d75
d555bd15
5f4657f0
5f515435
15d55d50
5745d5cd
52535cd5
0d5f55d9
591554d5
41975d54
155555c1
574f557c
14d24d5d
5346d511
d555655d
57d9551d
874dd5dd
474d40e7
cae2751c
4e455174
0742a675
6e174372
3ddf575c
4d475575
5d551574
95c7583d
4d45f059
754ed57d
94dde855
cd5714f5
4f9d1f71
994f30b5
014d854c
c5df9455
55d15955
47952054
57931574
9957f954
5c495454
59dd5c7e
cb0f571d
59c5719b
541ff3fd
045511fe
0f6555f5
1f551424
051d3174
515714bf
99d59779
f445ddd4
3f575550
9d550914
4f5955dd
554e5544
2359715c
d551f4dd
0e7d5555
1d551695
17c76857
5d05e4fc
4f751955
55657535
dd475df5
4cc45d7d
570de5d5
d5751555
17c6fcb4
757d74d8
dc547752
dd15d0d5
14554465
54555555
75034444
458535c1
7545e45c
1d557157
5759c051
44cb5615
d55f147c
4d47fd51
47515550
1b061515
454114dd
c3950751
c3455358
d851f115
0d7d1595
52d75755
455451f8
cd451175
1d054972
1d4dd1d5
7555b558
51155c7d
519b74d5
53d5145b
dddf5567
51551735
d7415171
07e95445
19961914
c565d15d
1105d47d
650575f5
564557cc
55579d5d
45ce4477
0c47fc6c
d6547554
5141354d
5d513b5d
fd191546
d755d49d
71049154
45d71456
45d55f5e
0b5d5441
65566ed0
0cd559c1
150ff59d
15057471
41af5454
5d1d97d9
554d7641
e14f8654
5f174455
5f6f5599
5d4b5514
450f1464
cd57dd7d
d7857cd5
595f5d25
0555453d
176558d3
515d5d74
5655f150
0db5c455
9b75d676
179d4474
5515d9d4
c2dbb561
417556cc
55757f51
bf47f6bc
575715d5
d5dc1474
47479d55
07553710
54527150
cd4d7174
1c05414d
575db5d7
cd1f55d9
141d7655
1d07d15b
46557cd5
542d7654
0755771c
1dc5749e
ee45565d
9d235555
515555d7
b195bd55
4557105f
50cf6445
497750d5
455554bd
4d4dfcf0
07d44575
455d4544
0f5c57d5
7d5b3184
0fdf555a
c45755d5
551978d0
55ef16d4
458455c4
75577a11
556354d4
4d735415
cd4598d0
7b115c44
d66dd5f8
d14e57d5
15d7d558
494dec54
4d555dc5
460cd7d8
f5547455
54121d75
dd45507a
5d574444
17df3ddc
46711dec
de5712bc
55d70470
49575d75
1905c43c
555540d5
4d55ccfd
7d41d195
6d076e15
0fe5f4d4
4555f4c4
5567745c
5553703d
d1d545bd
57475547
444ffd3d
53df3457
4111d155
455f4574
86515145
d7472452
9105c054
4d551551
1855945d
14554c75
474551d4
574d5854
d50710f5
53759155
ff5d5d44
41594514
176f585c
c5435590
4583f835
497f5411
d5117875
256be401
15156d58
d75dd5f4
154f57f5
fd45d547
5d5550d5
115d6cdd
50516470
05df545c
07fdb41d
4244d444
51c1e175
4f487411
d7445554
014553dd
47055d14
41c55410
dd05b455
4105dcff
4d4dd4f5
4dc2d015
590d6175
465544d5
dd43355d
755f5890
5743747d
51df5545
ff457d75
d555bd15
5f4e57f0
5f515535
15d55550
5755d5cd
5a535cd5
0d5f55d9
595554d5
41975d54
155555c1
574f557c
14d24d5d
7346d511
d555655d
57d9551d
874dd5dd
474d40e7
cae6551c
4e47d574
0742a675
2e174372
3ddf5754
4d475575
5d541574
95c758bf
4d45f0d9
354ed57d
94dde855
cd5715f5
4f9d1f71
994f30b4
054d854c
c5df9455
55d15955
47952054
57931574
9957f9d4
58495054
49dd5c7e
cb0fd71d
55c5719b
541ff3fd
045411fe
0f6555f5
1f5d1424
855d3155
d15f14be
9dd59779
f4459df4
3f575550
9d554914
4f5955dd
55465544
2359715d
d551f4dd
0f7d5555
1d551495
37d76857
1d05c4fc
4f751955
55657535
dd471df5
4dc45d7d
570de5d5
d5751555
17c6fcb4
757d7498
dc547752
dd15d0d5
14554465
54555555
7503c444
458535c1
7545e45c
1d557157
5759c051
64cb5615
d55f147c
4747fd51
47515550
1b061515
454114d5
cb951751
c345535c
d851f115
1d5d1595
53d75755
455451f8
85451175
1d054d72
1d4dd1d5
7555b5d8
51015c7d
519b74d5
53d5145b
dddf5547
51551735
d7415171
07e95445
19961914
c565d55d
1105d47d
050575f5
566557cc
55579d5d
45ce4c77
0c47fc6c
d6167554
5141354d
1d513b5d
fd191544
d755d49d
75059154
45d71456
45d55f5e
0f5d5441
65566ed0
0cd759c1
150ff59d
95057471
41af5454
5d1d97d9
554d7641
e14f8e54
5f974455
5f6f5599
5d4b5514
450f1464
cd57dd7d
d7855cd5
594f5d25
0555453d
146558d3
515d5d74
5655d1d0
0db5c555
9b75d67e
175d4574
5515d954
c2db3561
497556cc
55757f51
bf67f6bc
575715d5
d5dc1474
47479d55
07553710
54537154
cd4d7174
1c05594d
571db5d7
cd5d55d9
141d5655
1d07d15b
46557cd5
542d7654
1755775c
9dc5709e
ee45565d
dd235555
515555d7
b195bd55
4557105f
50cf6445
497750d5
455554bd
4d4dfcf0
07f54575
455dc544
0f5c57d5
7d5b7184
0f5f555a
c45755d5
551978d0
55ef16d4
45845dc4
75f77e11
556354d4
4d735415
cd4d98d0
7b155c44
966dd5fa
514f57d5
15d6d558
494decd4
5d555cc5
460cd7d8
f5547455
54101df5
5d45507a
5d574445
17df3ddc
c6711dec
fe5712bc
55d70471
49575d75
1905c43c
55d540d5
4d55cdfd
fd49d195
7d076e15
0fe5f4d4
4555fccc
5567745c
5553503d
51d545bd
57455547
444ffd3d
53dd3455
4111d155
455f4574
865151c5
d7472452
9115c054
4d551551
1855945d
14554c65
474551d4
574d5854
550710f5
53759155
ff5d5d44
41584514
176f585c
c5435590
4593f015
496f5411
d5117875
256fe441
1515ed58
d75dd5f4
154f57f5
fd45d547
5d5550d5
115d2cdd
50516470
05df545c
07fdb41d
4244d544
51c1e175
4f487c31
d7c45554
014553dd
47055d14
45c55410
dd05b455
5105dcfe
4d4dd4f5
4dc2d015
592d6175
467544c5
dd43355d
754f5894
5743747d
51dd5545
ff457d75
d555bd15
5f4e57f0
5f515415
15d55d50
d755d5cd
5253dcd5
0d5f55d9
591554d5
41975d54
155555c1
574f557c
14d2455d
7346d511
d555655d
57d9551d
874dd5dd
474d40e7
cae6751c
4e47d174
0742a675
6e174372
3ddf575c
4d475575
4d551574
95c7583f
4d45f059
754fd57d
94dde855
cd5715f5
4d9d1f71
994f30b4
054d854c
c5df9455
55d15955
47952054
57931574
9957f954
5c495054
59dd5c7e
cb0fd71d
51c5719b
541ff3fd
045511fe
0f6555f5
1f551424
855d3174
51df14bf
99f59779
f445ddf4
3f575550
9d554d15
4f1955dd
554e5544
2359715c
d551f4dd
0f7d5555
1d551695
37d76857
1d05e4fc
4f751955
55457535
dd475df5
4cc45d7d
570de5d5
d5751555
17c6fcb4
757d74d8
dc547752
dd15d0d5
14554465
54555555
7501c544
458535c1
7545e45c
1d557157
575dc051
64cb5615
d55f147c
4747fd51
4f515550
1b061515
454114d5
c3950751
c345535c
d850f115
1d7d1595
53d75755
455451f8
8d451175
1d054572
1d4dd1d5
7555b5d8
51115c7d
519b74d5
53d5145b
dfdf5567
51559735
d7415171
07e95445
19961914
c565d15d
1105d47d
250575f5
566557cc
55571d5d
45ce4c77
0c47fc6c
d6147554
5141354d
5d51185d
fd191546
d755949d
75059155
45d71456
4dd55f5e
0f5d5441
65526ed0
0cd559c1
150ff59d
15057451
41af5454
5d1d9fd9
550d7641
e54f8654
5f175455
5f6f5599
5d4b5514
450f1464
cd57dd7d
d7855cd5
5d5f5d25
0555473d
146558d3
515d5d74
5655f150
0db5c555
9b75d67e
179d4474
5515d954
c2dbf561
417556cc
55757f51
bf47f69c
575715d5
d5dc1474
47479d55
07553310
54537150
cd4d7174
1c05514d
571db5f7
cd1d55d9
141d7655
1d07d15b
46557cd5
542d7654
1755775c
9dc5749e
ee45565d
9d235555
515555d7
b195bd55
4557105f
50cf6445
497750d5
455554bd
4d4dfcf0
07754575
455d4544
0f5c57d5
7d5b7184
0fdf555a
c45755d5
551b58d0
55ef16d5
45845dc4
75f77e11
556354d4
4d735415
cd4598d0
7b115c44
d66dd5fa
d14f57d5
15d7d558
494decd4
4d555dc5
460cd7d9
f5547455
55101d75
fd45507a
5d574445
17df3ddc
c6711dec
de5712bc
55d70471
49575d75
1905c43c
55d540d5
4d55cdfd
fd09d195
7d076e15
0fe5f4d4
4555fdcc
5567745c
5553703d
d1d545bd
57475547
444ffd3d
53dd3413
4111d155
455f4574
86515145
d7472452
9115c054
4d551551
1855945d
14554c65
474555d4
574d5854
d50710f5
53759155
ff5d5d45
01594514
176f5c5c
c5435590
4593f035
497f5411
d5117875
256fe401
15156d58
d75dd5f4
154f57f5
fd45d547
5d5550d5
115d2cdd
50514470
05df545c
07fdb41d
4244d544
51c1e175
4f487c31
d744d554
014553dd
47055d14
45c55410
dd05b455
4105dcff
4d4dd4f5
4dc2d015
590d6175
465544c5
dd42355d
754f5890
5743547d
51df5545
ff453d75
d555bd15
5f4657f0
5f515435
15d55550
5755f5cd
52535cd5
0d5f55d9
591554d5
41975d54
155555c1
574f557c
14d24d5d
5346d511
d555655d
57d9551d
874dd5dd
474d40e7
cae6751c
4e475174
0742a675
2e174372
3ddf575c
4d475575
5d551574
95c7583f
4d45f059
354ed57d
94dde855
cd5715f5
4d9d1f71
994f3094
014d854c
45df9455
55d15955
47952054
57931574
9917f954
5c495454
59dd5c7e
cb0fd71d
51c5719b
541ffbfd
045511fe
0f6555f5
1f551424
051d3154
d15f94be
9dd59779
f445ddf4
37575550
9d554d14
4f1955dd
554e5544
2159715c
d551f4dd
0f7d5555
1d551695
37c76857
1d05e4fc
4f751955
55447535
dd475df5
4cc45d7d
570de5d5
d5751555
17c6fc94
757d74d8
dc547752
dd15d0d5
14554465
54555555
75014544
458535c1
7545e45c
1d557155
5759c051
64cb5615
d55f147c
4747fd51
47515550
1b061515
454114d5
cb951751
c345535c
d851f115
1d7d1595
52d55755
555451f8
05451175
1d054972
1d4dd1d5
7555b5d8
51155c7d
519374d5
53d5145b
dfdf5557
51559735
d7415151
07e95445
19961914
c565d15d
1105d47d
250575f5
564557cc
55579d5d
45ce4c77
0c47fc6c
d6147554
5541354d
5d51395d
ed191546
d755949d
75849154
45d71456
45d55f5e
0f5d5441
65526ed0
0cd559c1
150ff59d
95057451
41af5454
5d1d97d9
554d7641
e54f8e54
5f975455
5f6f5599
5d4b5514
450f1454
cd57dd7d
d7855cd5
5d5f5d25
0555553d
146558d3
515d5d74
5655d150
0db5c455
9b75d67e
17194474
5515d954
c2dbf561
496556cc
55757e51
bf47f6bc
575715d4
d5dc1474
47479d55
07553710
54527150
cd5d7174
1c05514d
571db5d7
cd1f55d9
141d7655
1d07d15b
46557cd5
542d7654
3755775c
ddc5749e
ee45565d
9d275555
515555d7
b195bd55
4557105f
50cf6445
497750d5
455554bd
4d4dfcf0
07d5457d
455d4544
0f5c57c5
7d5b7184
0fdf551a
c45755d5
551978d0
55ef16d5
45845dc4
75f67e11
556254d4
4d735415
cd4598d0
6b115c44
d66dd5fa
d14f57d5
15d6d558
494decd4
5d555cc5
460cd7d8
f5547455
54101d75
fd45507a
5d574444
17df3ddc
c6711dec
de5530bc
55d70471
41575d75
1905c43c
55d540d5
4d55cdfd
7d49d195
7d076e15
0fe5f4d4
4555fccc
5567745c
5553703d
d1d545b5
57455547
444ffd3d
53df3417
4111d155
455f4574
86515145
d7472452
9105c054
4d551551
1855945d
14554c65
074555d4
574d5854
d50710f5
53759155
ff555d44
41584514
176f5c5c
c5435590
4593f035
497f5411
d5117875
257fe401
15156d5c
d75dd5f4
154f57f5
fd45d547
5d5550d5
115d6cdd
40516470
05df545c
077db41d
4244d444
51c1e175
4f487c10
d7c4d554
014453dd
47055d14
55c55410
dd05b455
4105dcff
4d4dd4f5
4dc2d015
592d6175
465544c5
dd43355d
754f5894
5743747d
51dd5545
ff457d75
d555bd15
5f4f57f0
5f515435
15d55550
d755f5cd
5a535cd5
0d5f55d9
590554d5
41975d54
155555c1
574f557c
14d2455d
5346d511
d555655d
57d9551d
874dd5dd
474d40e7
cae6751c
4ec75174
0742a675
2e174372
3fd7575c
4d675575
5d541574
95c7582d
4d45f0d9
754ed57d
94cde855
cd5715f5
4f9d1f71
994f30b4
014d854c
c5df9455
55d15955
47952054
57931574
9957f9d4
5c495054
59dd5c7e
c30fd71d
51c5719b
541ff3fd
045490fe
0f6555f5
1f551424
855d3174
d14714be
9dc59779
f4459dd4
37575550
9d550d14
4f5955dd
554e5544
2359715c
d551f4dd
0e7d5555
1d551695
37d76857
1d05e4fc
4f751955
55e47535
dd475df5
4cc45d7d
570de5d5
d5751555
17c6fcb4
757d74d8
dc547752
dd15d0d5
14554465
54555554
75036444
458535c1
7545e45c
1d557157
5759c051
44cb5615
d55f147c
4f47fd51
47515550
1b061515
454114dd
cb950751
c345535c
d851f115
1d7d1595
53d75755
455451f8
8d451175
1d0549f2
1d4dd1d5
7555b5d8
55015c7d
519b34d5
53d5145b
dddf5547
51551735
d7415171
07e95445
19961914
c565d15d
1105d47d
250575f5
564557cc
55579d5d
45ce5c77
0c47fc6c
d6147554
5541354d
1d51195d
fd111546
d755949d
75059154
45d71456
45d55f5e
0f5d5441
65526ed0
0cd559c1
150ff59d
95057451
41af5454
